customer_id,arrival_time,departure_time,service_start_time,server_id,exit_reason
377,300.836901,309.313054,307.843214,2,served
378,301.305130,312.189660,308.239568,0,served
379,303.109000,310.733725,309.134319,1,served
380,303.109000,309.786145,309.313054,2,served
381,303.109000,310.855700,309.786145,2,served
382,303.264241,313.066151,310.733725,1,served
383,303.264241,314.842567,310.855700,2,served
384,303.264241,312.900914,312.189660,0,served
385,303.264241,317.147696,312.900914,0,served
386,303.264241,315.336134,313.066151,1,served
387,303.264241,315.053637,314.842567,2,served
388,303.449294,319.265829,315.053637,2,served
389,303.882057,315.721029,315.336134,1,served
390,303.882057,318.081818,315.721029,1,served
391,304.838040,318.656770,317.147696,0,served
392,304.838040,318.780126,318.081818,1,served
393,307.034724,319.662374,318.656770,0,served
394,307.034724,321.219505,318.780126,1,served
395,307.034724,322.190771,319.265829,2,served
396,307.034724,319.879742,319.662374,0,served
397,307.034724,326.931099,319.879742,0,served
398,308.235955,321.680692,321.219505,1,served
399,308.235955,323.656518,321.680692,1,served
400,308.235955,322.263058,322.190771,2,served
401,308.235955,324.782357,322.263058,2,served
402,308.235955,327.796190,323.656518,1,served
403,308.235955,326.396993,324.782357,2,served
404,309.435697,334.216374,326.396993,2,served
405,309.435697,329.024432,326.931099,0,served
406,309.564440,328.430665,327.796190,1,served
407,309.564440,329.191466,328.430665,1,served
408,310.167179,330.103672,329.024432,0,served
409,310.167179,329.417064,329.191466,1,served
410,310.284968,329.898180,329.417064,1,served
411,310.284968,332.819043,329.898180,1,served
412,311.835571,330.452073,330.103672,0,served
413,311.835571,331.858132,330.452073,0,served
414,315.611450,333.718653,331.858132,0,served
415,315.611450,335.327509,332.819043,1,served
416,315.611450,335.959047,333.718653,0,served
417,315.611450,335.270620,334.216374,2,served
418,316.562852,340.602771,335.270620,2,served
419,316.594860,341.444936,335.327509,1,served
420,316.872984,336.036185,335.959047,0,served
421,316.872984,337.744038,336.036185,0,served
422,316.872984,339.841680,337.744038,0,served
423,316.872984,341.255863,339.841680,0,served
424,317.194119,344.575172,340.602771,2,served
425,317.194119,341.354036,341.255863,0,served
426,317.194119,341.747586,341.354036,0,served
427,318.027908,342.294511,341.444936,1,served
428,318.391304,342.256321,341.747586,0,served
429,319.762418,347.383293,342.256321,0,served
430,321.068039,344.028688,342.294511,1,served
431,321.068039,345.780376,344.028688,1,served
432,321.068039,345.450643,344.575172,2,served
433,321.670580,347.414396,345.450643,2,served
434,321.670580,348.109225,345.780376,1,served
435,323.061401,347.878118,347.383293,0,served
436,323.061401,348.782849,347.414396,2,served
437,326.041318,350.803905,347.878118,0,served
438,326.175524,351.007884,348.109225,1,served
439,326.786915,357.442981,348.782849,2,served
440,326.786915,351.107641,350.803905,0,served
441,326.786915,353.931475,351.007884,1,served
442,329.206920,351.388109,351.107641,0,served
443,329.206920,353.848798,351.388109,0,served
444,329.206920,356.255092,353.848798,0,served
445,330.148763,354.496793,353.931475,1,served
446,330.724690,354.924198,354.496793,1,served
447,333.603371,356.005573,354.924198,1,served
448,333.603371,357.942142,356.005573,1,served
449,337.846410,357.256588,356.255092,0,served
450,338.359570,358.350477,357.256588,0,served
451,338.677413,364.972188,357.442981,2,served
452,339.254690,366.385099,357.942142,1,served
453,339.254690,359.610748,358.350477,0,served
454,339.303663,362.796806,359.610748,0,served
455,339.303663,362.834609,362.796806,0,served
456,341.421672,362.997289,362.834609,0,served
457,341.421672,363.240027,362.997289,0,served
458,342.464248,364.384492,363.240027,0,served
459,342.515041,365.381558,364.384492,0,served
460,342.515041,365.462631,364.972188,2,served
461,342.515041,366.554254,365.381558,0,served
462,344.028725,367.458821,365.462631,2,served
463,344.319396,369.352842,366.385099,1,served
464,345.492972,367.438731,366.554254,0,served
465,345.492972,368.209754,367.438731,0,served
466,346.460939,370.643741,367.458821,2,served
467,350.136332,368.340536,368.209754,0,served
468,351.338239,368.709421,368.340536,0,served
469,353.741135,370.364456,368.709421,0,served
470,354.662467,377.601863,369.352842,1,served
471,354.947826,371.768538,370.364456,0,served
472,354.947826,373.694338,370.643741,2,served
473,354.947826,371.950703,371.768538,0,served
474,356.871248,372.520282,371.950703,0,served
475,356.871248,373.582110,372.520282,0,served
476,357.102194,375.065808,373.582110,0,served
477,357.102194,376.638338,373.694338,2,served
478,357.425634,376.496550,375.065808,0,served
479,357.425634,377.070276,376.496550,0,served
480,360.236437,378.732855,376.638338,2,served
481,360.944568,380.671960,377.070276,0,served
482,360.944568,380.068740,377.601863,1,served
483,363.260147,379.706091,378.732855,2,served
484,363.260147,386.803829,379.706091,2,served
485,363.981002,385.831408,380.068740,1,served
486,364.362488,380.961776,380.671960,0,served
487,364.362488,381.223501,380.961776,0,served
488,366.830270,384.625193,381.223501,0,served
489,366.830270,385.412932,384.625193,0,served
490,367.918212,385.720210,385.412932,0,served
491,372.145599,385.960692,385.720210,0,served
492,372.145599,388.813471,385.831408,1,served
493,372.409594,386.339318,385.960692,0,served
494,373.990422,388.418554,386.339318,0,served
495,373.990422,387.226070,386.803829,2,served
496,374.984326,388.644106,387.226070,2,served
497,374.984326,388.812047,388.418554,0,served
498,376.822160,393.504980,388.644106,2,served
499,378.636804,389.349290,388.812047,0,served
500,378.636804,394.839704,388.813471,1,served
501,379.259030,392.080865,389.349290,0,served
502,383.130504,393.689644,392.080865,0,served
503,389.909556,402.817575,393.504980,2,served
504,389.909556,394.507097,393.689644,0,served
505,389.909556,397.010509,394.507097,0,served
506,389.909556,394.907272,394.839704,1,served
507,394.246126,395.101204,394.907272,1,served
508,398.100676,398.221687,398.100676,0,served
509,401.577414,403.310977,401.577414,0,served
510,401.577414,406.878204,401.577414,1,served
511,401.577414,404.764476,402.817575,2,served
512,401.577414,404.459579,403.310977,0,served
513,401.577414,404.569868,404.459579,0,served
514,401.577414,409.300515,404.569868,0,served
515,401.577414,406.476739,404.764476,2,served
516,405.122933,410.265675,406.476739,2,served
517,407.383862,412.526527,407.383862,1,served
518,408.460132,409.553043,409.300515,0,served
519,409.914810,410.250843,409.914810,0,served
520,413.886033,417.619079,413.886033,0,served
521,413.886033,422.098745,413.886033,1,served
522,417.768484,418.113906,417.768484,0,served
523,417.768484,419.972576,417.768484,2,served
524,419.241372,420.413201,419.241372,0,served
525,421.687276,422.279992,421.687276,0,served
526,423.059975,424.809098,423.059975,0,served
527,423.812281,425.926702,423.812281,1,served
528,425.576044,427.601002,425.576044,0,served
529,425.576044,426.470430,425.576044,2,served
530,425.576044,427.344822,425.926702,1,served
531,425.576044,427.494036,426.470430,2,served
532,425.576044,431.527890,427.344822,1,served
533,427.517721,430.904862,427.517721,2,served
534,428.071398,429.867783,428.071398,0,served
535,429.644854,432.140830,429.867783,0,served
536,430.054779,433.309358,430.904862,2,served
537,434.666679,435.047487,434.666679,0,served
538,436.255376,438.349178,436.255376,0,served
539,436.255376,436.516902,436.255376,1,served
540,436.271574,438.062700,436.271574,2,served
541,439.206074,439.212281,439.206074,0,served
542,439.206074,445.569970,439.206074,1,served
543,439.206074,440.265429,439.206074,2,served
544,440.200432,440.834079,440.200432,0,served
545,442.636876,442.815344,442.636876,0,served
546,442.636876,442.678589,442.636876,2,served
547,443.211147,445.350194,443.211147,0,served
548,443.780144,444.404730,443.780144,2,served
549,444.223490,444.510840,444.404730,2,served
550,445.078056,446.010013,445.078056,2,served
551,445.078056,445.851247,445.350194,0,served
552,452.392883,452.545627,452.392883,0,served
553,452.392883,452.954383,452.392883,1,served
554,452.874502,453.026702,452.874502,0,served
555,452.874502,456.746564,452.874502,2,served
556,453.108924,453.644128,453.108924,0,served
557,454.754518,455.534493,454.754518,0,served
558,455.213276,459.691023,455.213276,1,served
559,455.213276,457.145970,455.534493,0,served
560,455.395594,458.335865,456.746564,2,served
561,455.395594,458.345223,457.145970,0,served
562,455.395594,459.498756,458.335865,2,served
563,461.497301,461.535108,461.497301,0,served
564,462.590997,465.739265,462.590997,0,served
565,465.513726,466.356072,465.513726,1,served
566,465.513726,466.458244,465.513726,2,served
567,466.531056,469.374498,466.531056,0,served
568,466.531056,468.874345,466.531056,1,served
569,466.531056,468.006687,466.531056,2,served
570,469.143887,469.282455,469.143887,1,served
571,470.610054,472.254444,470.610054,0,served
572,470.610054,474.940597,470.610054,1,served
573,472.139330,474.708152,472.139330,2,served
574,473.951699,476.885491,473.951699,0,served
575,475.459909,483.649070,475.459909,1,served
576,477.562471,479.365279,477.562471,0,served
577,478.128882,478.399149,478.128882,2,served
578,479.847304,480.367011,479.847304,0,served
579,479.847304,485.080116,479.847304,2,served
580,479.847304,481.452733,480.367011,0,served
581,481.790483,483.664866,481.790483,0,served
582,486.776440,487.077374,486.776440,0,served
583,486.776440,487.926910,486.776440,1,served
584,486.776440,486.968196,486.776440,2,served
585,486.776440,489.120030,486.968196,2,served
586,489.987508,490.245633,489.987508,0,served
587,492.880437,493.024315,492.880437,0,served
588,492.880437,493.213866,492.880437,1,served
589,495.014843,495.165677,495.014843,0,served
590,496.382325,501.639023,496.382325,0,served
591,496.382325,500.196242,496.382325,1,served
592,496.382325,499.095690,496.382325,2,served
593,496.382325,501.084201,499.095690,2,served
594,496.382325,500.363285,500.196242,1,served
595,497.536961,503.117953,500.363285,1,served
596,498.818470,501.208826,501.084201,2,served
597,501.915874,506.437240,501.915874,0,served
598,501.915874,503.750979,501.915874,2,served
599,501.915874,504.729771,503.117953,1,served
600,501.915874,507.938631,503.750979,2,served
601,502.322530,512.938899,504.729771,1,served
602,502.922273,509.978500,506.437240,0,served
603,502.922273,514.249606,507.938631,2,served
604,502.922273,512.498498,509.978500,0,served
605,504.155292,513.356225,512.498498,0,served
606,504.155292,516.636895,512.938899,1,served
607,504.155292,513.431623,513.356225,0,served
608,504.155292,514.990915,513.431623,0,served
609,504.155292,518.242496,514.249606,2,served
610,504.155292,517.287619,514.990915,0,served
611,504.513089,519.478086,516.636895,1,served
612,504.513089,518.466269,517.287619,0,served
613,504.513089,521.666245,518.242496,2,served
614,505.132817,524.591536,518.466269,0,served
615,505.836099,519.583287,519.478086,1,served
616,508.015830,519.989900,519.583287,1,served
617,508.682379,521.372876,519.989900,1,served
618,508.682379,522.912357,521.372876,1,served
619,510.928758,527.094938,521.666245,2,served
620,512.464075,525.288549,522.912357,1,served
621,512.464075,526.843878,524.591536,0,served
622,512.464075,526.419082,525.288549,1,served
623,514.065709,532.703589,526.419082,1,served
624,515.709932,530.315465,526.843878,0,served
625,515.968854,527.316592,527.094938,2,served
626,516.050806,528.599416,527.316592,2,served
627,516.312623,531.883701,528.599416,2,served
628,519.430877,531.491328,530.315465,0,served
629,519.430877,532.339170,531.491328,0,served
630,519.430877,535.754610,531.883701,2,served
631,519.430877,532.573311,532.339170,0,served
632,522.760931,532.829265,532.573311,0,served
633,523.577051,540.681281,532.703589,1,served
634,523.577051,533.101236,532.829265,0,served
635,524.529398,536.126139,533.101236,0,served
636,526.157963,535.820884,535.754610,2,served
637,528.677036,547.478874,535.820884,2,served
638,528.677036,537.201991,536.126139,0,served
639,531.926745,537.722666,537.201991,0,served
640,531.926745,538.287320,537.722666,0,served
641,531.926745,539.438331,538.287320,0,served
642,531.926745,539.571234,539.438331,0,served
643,533.755793,540.623394,539.571234,0,served
644,533.755793,541.597435,540.623394,0,served
645,533.755793,542.716708,540.681281,1,served
646,533.755793,541.745289,541.597435,0,served
647,533.755793,542.569240,541.745289,0,served
648,533.755793,542.856205,542.569240,0,served
649,534.325378,542.867721,542.716708,1,served
650,534.325378,545.177086,542.856205,0,served
651,534.325378,547.099369,542.867721,1,served
652,534.325378,545.588925,545.177086,0,served
653,534.325378,548.119444,545.588925,0,served
654,534.325378,548.743651,547.099369,1,served
655,535.904962,548.981500,547.478874,2,served
656,540.760009,548.208846,548.119444,0,served
657,542.932466,548.434882,548.208846,0,served
658,542.932466,549.902035,548.434882,0,served
659,543.901134,549.009294,548.743651,1,served
660,543.913083,550.471566,548.981500,2,served
661,545.369582,554.298887,549.009294,1,served
662,548.527088,552.199960,549.902035,0,served
663,548.527088,551.608515,550.471566,2,served
664,548.844310,553.845744,551.608515,2,served
665,551.109180,555.239463,552.199960,0,served
666,551.299961,555.692197,553.845744,2,served
667,551.299961,556.519132,554.298887,1,served
668,555.943111,559.157043,555.943111,0,served
669,555.943111,558.836287,555.943111,2,served
670,555.943111,563.294209,556.519132,1,served
671,556.366989,562.087366,558.836287,2,served
672,556.366989,560.556612,559.157043,0,served
673,559.526509,564.687242,560.556612,0,served
674,560.599427,562.686543,562.087366,2,served
675,560.737315,564.322579,562.686543,2,served
676,560.737315,568.374463,563.294209,1,served
677,562.011783,565.687612,564.322579,2,served
678,564.190241,565.006610,564.687242,0,served
679,564.681448,565.512365,565.006610,0,served
680,564.681448,568.098922,565.512365,0,served
681,564.681448,566.218528,565.687612,2,served
682,564.681448,568.061486,566.218528,2,served
683,564.681448,569.128138,568.061486,2,served
684,565.448503,571.099408,568.098922,0,served
685,565.448503,570.113419,568.374463,1,served
686,565.448503,570.132865,569.128138,2,served
687,565.557636,571.306241,570.113419,1,served
688,569.138073,571.620711,570.132865,2,served
689,569.138073,571.151589,571.099408,0,served
690,569.958285,571.920386,571.151589,0,served
691,569.958285,573.567544,571.306241,1,served
692,569.958285,576.554803,571.620711,2,served
693,569.958285,573.360709,571.920386,0,served
694,569.958285,575.742121,573.360709,0,served
695,569.958285,573.897977,573.567544,1,served
696,571.023303,581.126334,573.897977,1,served
697,571.023303,579.159484,575.742121,0,served
698,576.504272,579.933570,576.554803,2,served
699,578.399371,579.479967,579.159484,0,served
700,578.399371,580.978982,579.479967,0,served
701,583.972488,586.751055,583.972488,0,served
702,583.972488,585.578611,583.972488,1,served
703,584.680488,588.813285,584.680488,2,served
704,584.680488,588.242824,585.578611,1,served
705,584.680488,587.037483,586.751055,0,served
706,584.680488,587.437724,587.037483,0,served
707,585.483369,588.115064,587.437724,0,served
708,588.461633,589.653995,588.461633,0,served
709,589.204932,589.329835,589.204932,1,served
710,589.204932,591.197381,589.204932,2,served
711,589.772783,590.342000,589.772783,0,served
712,589.772783,594.628801,589.772783,1,served
713,593.896471,595.880323,593.896471,0,served
714,593.896471,595.640931,593.896471,2,served
715,594.687923,597.465891,594.687923,1,served
716,596.321332,599.167681,596.321332,0,served
717,596.321332,597.560669,596.321332,2,served
718,598.359359,599.577317,598.359359,1,served
719,598.359359,602.562128,598.359359,2,served
720,598.359359,604.329468,599.167681,0,served
721,599.075951,604.438716,599.577317,1,served
722,601.680449,603.083911,602.562128,2,served
723,610.075945,612.026815,610.075945,0,served
724,613.219744,613.798208,613.219744,0,served
725,613.219744,615.787675,613.219744,1,served
726,613.850367,614.683827,613.850367,0,served
727,617.306492,617.794973,617.306492,0,served
728,617.409956,619.347947,617.409956,1,served
729,617.409956,618.206964,617.409956,2,served
730,620.724379,622.417392,620.724379,0,served
731,620.724379,622.382969,620.724379,1,served
732,620.724379,621.550528,620.724379,2,served
733,620.724379,622.548906,621.550528,2,served
734,621.606816,623.274865,622.382969,1,served
735,621.841801,622.742124,622.417392,0,served
736,626.109035,626.710975,626.109035,0,served
737,626.109035,632.939295,626.109035,1,served
738,626.109035,628.472743,626.109035,2,served
739,626.223145,630.654232,626.710975,0,served
740,626.223145,647.867651,628.472743,2,served
741,626.223145,631.992001,630.654232,0,served
742,626.223145,633.022054,631.992001,0,served
743,626.223145,638.360421,632.939295,1,served
744,626.223145,633.189310,633.022054,0,served
745,626.223145,634.055888,633.189310,0,served
746,626.223145,634.169599,634.055888,0,served
747,631.156506,634.278516,634.169599,0,served
748,631.156506,639.101877,634.278516,0,served
749,631.156506,640.893008,638.360421,1,served
750,631.156506,643.172004,639.101877,0,served
751,631.306565,643.334193,640.893008,1,served
752,631.471168,647.173478,643.172004,0,served
753,631.525306,650.385990,643.334193,1,served
754,632.370708,648.401051,647.173478,0,served
755,632.370708,650.173230,647.867651,2,served
756,632.370708,648.942967,648.401051,0,served
757,632.370708,651.398132,648.942967,0,served
758,636.147017,654.957110,650.173230,2,served
759,636.300615,651.112085,650.385990,1,served
760,636.300615,651.172124,651.112085,1,served
761,636.516869,664.221758,651.172124,1,served
762,636.516869,652.419996,651.398132,0,served
763,637.204657,654.443367,652.419996,0,served
764,639.798389,655.046542,654.443367,0,served
765,641.773021,655.921330,654.957110,2,served
766,641.996526,655.388592,655.046542,0,served
767,645.996146,656.303313,655.388592,0,served
768,645.996146,657.207025,655.921330,2,served
769,645.996146,656.933334,656.303313,0,served
770,645.996146,657.428930,656.933334,0,served
771,645.996146,657.911096,657.207025,2,served
772,645.996146,658.010219,657.428930,0,served
773,645.996146,658.574673,657.911096,2,served
774,645.996146,659.351886,658.010219,0,served
775,647.641631,660.450069,658.574673,2,served
776,647.641631,662.127688,659.351886,0,served
777,647.690833,661.846500,660.450069,2,served
778,649.105034,662.882898,661.846500,2,served
779,649.763463,662.392856,662.127688,0,served
780,649.763463,663.925935,662.392856,0,served
781,649.763463,667.112749,662.882898,2,served
782,652.467987,664.717357,663.925935,0,served
783,654.485770,664.781731,664.221758,1,served
784,654.658790,667.602502,664.717357,0,served
785,654.958416,669.223884,664.781731,1,served
786,654.958416,667.783342,667.112749,2,served
787,658.887817,670.933785,667.602502,0,served
788,660.837474,668.344232,667.783342,2,served
789,660.922436,671.752304,668.344232,2,served
790,660.922436,670.958881,669.223884,1,served
791,662.498177,672.709227,670.933785,0,served
792,664.751915,673.975915,670.958881,1,served
793,664.751915,680.807882,671.752304,2,served
794,664.751915,673.350781,672.709227,0,served
795,664.751915,674.728268,673.350781,0,served
796,664.751915,676.364898,673.975915,1,served
797,666.830781,677.572170,674.728268,0,served
798,666.830781,678.042037,676.364898,1,served
799,666.830781,678.957367,677.572170,0,served
800,667.783336,678.483290,678.042037,1,served
801,667.783336,680.038266,678.483290,1,served
802,668.623911,678.979237,678.957367,0,served
803,670.137093,679.533681,678.979237,0,served
804,670.137093,679.782575,679.533681,0,served
805,670.137093,680.713061,679.782575,0,served
806,670.137093,681.391579,680.038266,1,served
807,675.724913,684.742753,680.713061,0,served
808,679.218149,687.845709,680.807882,2,served
809,681.814876,688.734275,681.814876,1,served
810,683.268447,685.390426,684.742753,0,served
811,683.696570,685.713405,685.390426,0,served
812,684.254434,686.680041,685.713405,0,served
813,684.622622,687.178132,686.680041,0,served
814,684.622622,692.903126,687.178132,0,served
815,686.126918,689.591539,687.845709,2,served
816,686.126918,688.832893,688.734275,1,served
817,686.126918,697.099424,688.832893,1,served
818,689.259294,692.686313,689.591539,2,served
819,689.259294,697.216417,692.686313,2,served
820,691.169776,697.134774,692.903126,0,served
821,691.176448,699.976331,697.099424,1,served
822,691.176448,699.313988,697.134774,0,served
823,691.176448,699.030640,697.216417,2,served
824,691.176448,699.249050,699.030640,2,served
825,691.338999,701.804762,699.249050,2,served
826,691.407902,699.992306,699.313988,0,served
827,693.378203,700.355770,699.976331,1,served
828,693.378203,700.669871,699.992306,0,served
829,696.162559,704.980543,700.355770,1,served
830,697.421623,700.683837,700.669871,0,served
831,697.421623,700.803744,700.683837,0,served
832,699.658235,701.792636,700.803744,0,served
833,705.479084,706.037163,705.479084,0,served
834,705.479084,706.917655,705.479084,1,served
835,705.479084,705.845548,705.479084,2,served
836,705.479084,708.093976,705.845548,2,served
837,710.717373,710.892108,710.717373,0,served
838,711.897037,712.294054,711.897037,0,served
839,713.060324,713.258007,713.060324,0,served
840,713.611871,715.253256,713.611871,0,served
841,716.986255,717.815257,716.986255,0,served
842,718.956058,719.866372,718.956058,0,served
843,719.981368,720.425146,719.981368,0,served
844,724.434537,725.147509,724.434537,0,served
845,724.434537,726.555581,724.434537,1,served
846,724.434537,725.482723,724.434537,2,served
847,724.434537,725.494750,725.147509,0,served
848,731.451116,733.359207,731.451116,0,served
849,731.545095,740.717069,731.545095,1,served
850,731.545095,731.720874,731.545095,2,served
851,731.545095,732.175237,731.720874,2,served
852,733.586787,733.593005,733.586787,0,served
853,733.586787,735.635426,733.586787,2,served
854,733.797775,737.666854,733.797775,0,served
855,733.797775,735.785397,735.635426,2,served
856,733.797775,737.297469,735.785397,2,served
857,733.797775,746.241407,737.297469,2,served
858,733.797775,742.407984,737.666854,0,served
859,735.218291,740.857015,740.717069,1,served
860,735.218291,741.106886,740.857015,1,served
861,735.218291,741.646849,741.106886,1,served
862,736.559115,744.813664,741.646849,1,served
863,736.559115,742.954688,742.407984,0,served
864,736.854984,743.720638,742.954688,0,served
865,737.612894,744.813380,743.720638,0,served
866,738.543190,745.146844,744.813380,0,served
867,738.581305,745.406193,744.813664,1,served
868,739.155154,753.228178,745.146844,0,served
869,739.216255,747.217374,745.406193,1,served
870,741.051694,748.624875,746.241407,2,served
871,742.226916,748.040929,747.217374,1,served
872,742.478359,751.574605,748.040929,1,served
873,744.146730,752.100897,748.624875,2,served
874,744.146730,757.104392,751.574605,1,served
875,744.146730,756.453350,752.100897,2,served
876,744.146730,755.744756,753.228178,0,served
877,744.146730,756.643429,755.744756,0,served
878,744.146730,761.162622,756.453350,2,served
879,744.146730,756.748230,756.643429,0,served
880,747.408455,757.909859,756.748230,0,served
881,748.118389,759.237951,757.104392,1,served
882,749.023858,759.021493,757.909859,0,served
883,749.023858,760.031480,759.021493,0,served
884,749.023858,760.707064,759.237951,1,served
885,749.023858,760.265858,760.031480,0,served
886,749.023858,764.808895,760.265858,0,served
887,749.023858,772.471407,760.707064,1,served
888,750.223693,763.578413,761.162622,2,served
889,750.223693,763.912846,763.578413,2,served
890,750.559863,765.855045,763.912846,2,served
891,750.559863,765.021443,764.808895,0,served
892,750.559863,765.483729,765.021443,0,served
893,754.131780,767.612443,765.483729,0,served
894,756.091405,766.228065,765.855045,2,served
895,761.868150,770.350367,766.228065,2,served
896,761.868150,767.985524,767.612443,0,served
897,761.868150,768.081830,767.985524,0,served
898,762.908763,768.222644,768.081830,0,served
899,762.908763,769.271617,768.222644,0,served
900,765.182068,770.717035,769.271617,0,served
901,768.903082,771.660590,770.350367,2,served
902,769.946579,771.377604,770.717035,0,served
903,769.946579,771.424852,771.377604,0,served
904,771.291244,771.498558,771.424852,0,served
905,775.077908,775.133968,775.077908,0,served
906,775.077908,776.431807,775.077908,1,served
907,775.077908,777.858683,775.077908,2,served
908,775.077908,776.081516,775.133968,0,served
909,775.077908,778.298165,776.081516,0,served
910,775.134714,786.432181,776.431807,1,served
911,778.053501,785.615105,778.053501,2,served
912,779.579341,779.826370,779.579341,0,served
913,779.579341,780.719083,779.826370,0,served
914,780.748101,781.450738,780.748101,0,served
915,780.930687,781.730999,781.450738,0,served
916,781.247053,782.478501,781.730999,0,served
917,781.247053,787.297816,782.478501,0,served
918,781.247053,788.328674,785.615105,2,served
919,781.247053,787.875537,786.432181,1,served
920,781.414905,790.952798,787.297816,0,served
921,784.655688,796.371174,787.875537,1,served
922,784.655688,788.999396,788.328674,2,served
923,785.927030,790.397885,788.999396,2,served
924,787.071044,792.743994,790.397885,2,served
925,789.688462,791.776698,790.952798,0,served
926,789.688462,793.119933,791.776698,0,served
927,789.688462,793.674493,792.743994,2,served
928,794.490106,794.720894,794.490106,0,served
929,795.201648,796.073612,795.201648,0,served
930,795.201648,796.139329,795.201648,2,served
931,795.664833,796.684518,796.073612,0,served
932,795.664833,800.331815,796.139329,2,served
933,795.664833,809.881077,796.371174,1,served
934,798.705726,802.598891,798.705726,0,served
935,801.635981,808.864288,801.635981,2,served
936,803.170199,804.094412,803.170199,0,served
937,803.170199,806.075732,804.094412,0,served
938,805.514004,807.769752,806.075732,0,served
939,807.324331,808.083886,807.769752,0,served
940,807.324331,809.189139,808.083886,0,served
941,811.825842,812.436200,811.825842,0,served
942,812.147494,820.811255,812.147494,1,served
943,813.672935,814.598943,813.672935,0,served
944,813.672935,813.843968,813.672935,2,served
945,813.747025,817.343159,813.843968,2,served
946,814.776514,818.238348,814.776514,0,served
947,815.642187,817.695253,817.343159,2,served
948,815.642187,818.902802,817.695253,2,served
949,815.820491,820.964668,818.238348,0,served
950,815.820491,819.460212,818.902802,2,served
951,815.820491,822.518438,819.460212,2,served
952,815.820491,824.332375,820.811255,1,served
953,820.783101,821.855405,820.964668,0,served
954,820.783101,821.944108,821.855405,0,served
955,820.783101,826.468699,821.944108,0,served
956,820.783101,824.730255,822.518438,2,served
957,820.783101,828.814478,824.332375,1,served
958,820.994806,825.964650,824.730255,2,served
959,820.994806,828.439579,825.964650,2,served
960,824.610569,827.161632,826.468699,0,served
961,825.364343,828.359539,827.161632,0,served
962,825.934871,829.871177,828.359539,0,served
963,825.934871,829.600451,828.439579,2,served
964,826.625244,829.889637,828.814478,1,served
965,826.625244,837.070617,829.600451,2,served
966,826.625244,830.027951,829.871177,0,served
967,826.625244,833.079712,829.889637,1,served
968,826.625244,830.396939,830.027951,0,served
969,828.641295,833.074571,830.396939,0,served
970,828.641295,833.347028,833.074571,0,served
971,828.641295,834.945177,833.079712,1,served
972,828.641295,833.413048,833.347028,0,served
973,828.641295,834.005440,833.413048,0,served
974,828.641295,838.632678,834.005440,0,served
975,830.237084,834.992435,834.945177,1,served
976,830.237084,836.473019,834.992435,1,served
977,830.237084,836.896168,836.473019,1,served
978,830.727104,845.638899,836.896168,1,served
979,830.843913,838.038598,837.070617,2,served
980,830.843913,838.647349,838.038598,2,served
981,830.843913,839.313163,838.632678,0,served
982,832.342612,839.513703,838.647349,2,served
983,832.517880,839.781388,839.313163,0,served
984,832.517880,842.032267,839.513703,2,served
985,834.269235,840.272088,839.781388,0,served
986,835.272779,841.707795,840.272088,0,served
987,835.272779,841.943891,841.707795,0,served
988,835.272779,843.364974,841.943891,0,served
989,835.272779,843.276018,842.032267,2,served
990,837.397790,847.941399,843.276018,2,served
991,841.027861,843.405224,843.364974,0,served
992,841.027861,844.284683,843.405224,0,served
993,842.002382,846.691118,844.284683,0,served
994,852.025274,852.591885,852.025274,0,served
995,852.025274,857.653433,852.025274,1,served
996,852.025274,854.763652,852.025274,2,served
997,852.025274,859.042864,852.591885,0,served
998,856.382746,856.665494,856.382746,2,served
999,856.382746,867.063967,856.665494,2,served
1000,856.382746,858.051655,857.653433,1,served
1001,856.382746,858.899187,858.051655,1,served
1002,856.382746,859.932137,858.899187,1,served
1003,856.382746,860.119578,859.042864,0,served
1004,856.382746,861.453234,859.932137,1,served
1005,856.382746,865.150311,860.119578,0,served
1006,856.382746,861.953782,861.453234,1,served
1007,856.382746,863.687921,861.953782,1,served
1008,856.792712,870.380824,863.687921,1,served
1009,856.792712,869.085473,865.150311,0,served
1010,856.792712,869.354647,867.063967,2,served
1011,856.792712,870.048572,869.085473,0,served
1012,856.792712,870.245240,869.354647,2,served
1013,865.225149,871.765959,870.048572,0,served
1014,865.225149,880.273783,870.245240,2,served
1015,865.225149,877.649235,870.380824,1,served
1016,865.225149,871.842924,871.765959,0,served
1017,867.779207,872.551897,871.842924,0,served
1018,867.779207,876.917975,872.551897,0,served
1019,867.779207,877.574107,876.917975,0,served
1020,867.779207,878.418151,877.574107,0,served
1021,869.254895,879.282036,877.649235,1,served
1022,869.279802,882.307414,878.418151,0,served
1023,869.279802,880.889187,879.282036,1,served
1024,869.325495,880.566298,880.273783,2,served
1025,869.325495,883.127287,880.566298,2,served
1026,872.430270,883.893458,880.889187,1,served
1027,872.430270,882.326445,882.307414,0,served
1028,872.430270,883.914171,882.326445,0,served
1029,872.430270,884.526565,883.127287,2,served
1030,872.500280,885.015603,883.893458,1,served
1031,872.500280,884.009736,883.914171,0,served
1032,872.500280,885.828278,884.009736,0,served
1033,874.176601,885.751110,884.526565,2,served
1034,874.176601,890.792724,885.015603,1,served
1035,874.303748,893.561609,885.751110,2,served
1036,874.303748,888.347335,885.828278,0,served
1037,874.303748,891.111345,888.347335,0,served
1038,874.303748,893.664249,890.792724,1,served
1039,874.303748,891.190073,891.111345,0,served
1040,874.303748,891.841171,891.190073,0,served
1041,874.303748,892.765054,891.841171,0,served
1042,874.303748,893.824661,892.765054,0,served
1043,874.303748,894.252502,893.561609,2,served
1044,875.370681,894.106158,893.664249,1,served
1045,875.370681,895.210114,893.824661,0,served
1046,880.922783,896.942745,894.106158,1,served
1047,882.613399,896.337081,894.252502,2,served
1048,882.613399,895.609471,895.210114,0,served
1049,882.613399,896.612549,895.609471,0,served
1050,882.613399,897.643093,896.337081,2,served
1051,882.613399,896.935727,896.612549,0,served
1052,882.613399,898.181811,896.935727,0,served
1053,882.613399,901.976418,896.942745,1,served
1054,882.835121,901.361281,897.643093,2,served
1055,887.662655,898.827802,898.181811,0,served
1056,892.546887,899.291221,898.827802,0,served
1057,893.351736,900.273089,899.291221,0,served
1058,893.351736,900.439080,900.273089,0,served
1059,893.351736,902.134361,900.439080,0,served
1060,893.351736,902.269722,901.361281,2,served
1061,893.351736,902.297291,901.976418,1,served
1062,893.351736,902.517174,902.134361,0,served
1063,893.351736,905.748578,902.269722,2,served
1064,893.351736,904.965973,902.297291,1,served
1065,895.402684,903.568186,902.517174,0,served
1066,895.406370,903.892494,903.568186,0,served
1067,895.406370,904.407871,903.892494,0,served
1068,896.891593,905.706671,904.407871,0,served
1069,896.891593,906.706324,904.965973,1,served
1070,896.891593,906.606286,905.706671,0,served
1071,896.891593,907.728496,905.748578,2,served
1072,898.363109,907.379056,906.606286,0,served
1073,898.363109,907.202291,906.706324,1,served
1074,898.363109,907.509757,907.202291,1,served
1075,898.363109,908.673058,907.379056,0,served
1076,899.691505,909.435012,907.509757,1,served
1077,900.067257,909.161660,907.728496,2,served
1078,900.067257,909.487973,908.673058,0,served
1079,901.365055,913.103322,909.161660,2,served
1080,901.371472,915.886013,909.435012,1,served
1081,904.482678,910.102867,909.487973,0,served
1082,905.806687,911.194890,910.102867,0,served
1083,906.959937,911.515785,911.194890,0,served
1084,909.142872,916.570311,911.515785,0,served
1085,909.266075,913.649724,913.103322,2,served
1086,909.266075,913.821311,913.649724,2,served
1087,914.258369,917.224016,914.258369,2,served
1088,914.486521,917.164052,915.886013,1,served
1089,914.486521,918.647707,916.570311,0,served
1090,914.486521,924.050468,917.164052,1,served
1091,914.486521,917.379488,917.224016,2,served
1092,918.630700,918.693432,918.630700,2,served
1093,918.630700,921.912042,918.647707,0,served
1094,918.630700,924.955308,918.693432,2,served
1095,919.301845,922.430457,921.912042,0,served
1096,919.301845,922.454741,922.430457,0,served
1097,919.301845,924.297741,922.454741,0,served
1098,919.994403,926.474385,924.050468,1,served
1099,920.059324,925.992853,924.297741,0,served
1100,922.572843,925.542866,924.955308,2,served
1101,922.982734,925.738406,925.542866,2,served
1102,922.982734,927.662789,925.738406,2,served
1103,922.982734,928.812369,925.992853,0,served
1104,925.516743,927.256931,926.474385,1,served
1105,926.200277,931.686418,927.256931,1,served
1106,926.346257,930.635704,927.662789,2,served
1107,932.587862,935.314161,932.587862,0,served
1108,932.587862,933.532436,932.587862,1,served
1109,938.669020,941.742251,938.669020,0,served
1110,938.669020,942.670186,938.669020,1,served
1111,940.163043,941.227768,940.163043,2,served
1112,940.163043,942.169922,941.227768,2,served
1113,946.004831,946.027693,946.004831,0,served
1114,946.004831,950.076174,946.004831,1,served
1115,946.004831,949.768520,946.004831,2,served
1116,947.493222,948.978598,947.493222,0,served
1117,950.073756,950.917257,950.073756,0,served
1118,954.650656,957.971678,954.650656,0,served
1119,954.769996,956.668279,954.769996,1,served
1120,955.366515,960.167764,955.366515,2,served
1121,955.632167,958.114501,956.668279,1,served
1122,955.632167,959.514762,957.971678,0,served
1123,955.640127,959.369106,958.114501,1,served
1124,956.916545,964.587801,959.369106,1,served
1125,958.619276,961.949884,959.514762,0,served
1126,959.219308,965.397383,960.167764,2,served
1127,959.219308,962.397750,961.949884,0,served
1128,959.219308,962.886259,962.397750,0,served
1129,959.219308,964.504302,962.886259,0,served
1130,959.219308,964.844562,964.504302,0,served
1131,959.219308,969.647644,964.587801,1,served
1132,959.325028,965.471321,964.844562,0,served
1133,959.325028,972.834326,965.397383,2,served
1134,959.835127,966.208961,965.471321,0,served
1135,959.869934,970.616711,966.208961,0,served
1136,959.869934,969.740477,969.647644,1,served
1137,959.869934,973.583451,969.740477,1,served
1138,962.349813,970.848615,970.616711,0,served
1139,964.549839,971.041172,970.848615,0,served
1140,964.549839,974.321030,971.041172,0,served
1141,969.500969,982.258426,972.834326,2,served
1142,969.500969,976.633136,973.583451,1,served
1143,969.500969,976.815532,974.321030,0,served
1144,969.500969,976.690327,976.633136,1,served
1145,974.082965,979.755276,976.690327,1,served
1146,974.082965,980.086477,976.815532,0,served
1147,974.082965,980.900569,979.755276,1,served
1148,974.082965,980.216003,980.086477,0,served
1149,974.082965,980.521620,980.216003,0,served
1150,974.082965,980.828994,980.521620,0,served
1151,976.793842,981.576099,980.828994,0,served
1152,978.401215,982.211721,980.900569,1,served
1153,978.777918,985.622788,981.576099,0,served
1154,980.645558,982.811605,982.211721,1,served
1155,981.797946,985.601056,982.258426,2,served
1156,983.257938,984.875343,983.257938,1,served
1157,983.929231,988.669940,984.875343,1,served
1158,984.259131,993.466399,985.601056,2,served
1159,984.497081,988.658320,985.622788,0,served
1160,984.497081,989.357256,988.658320,0,served
1161,984.497081,992.109043,988.669940,1,served
1162,984.715348,991.068431,989.357256,0,served
1163,984.715348,991.216263,991.068431,0,served
1164,984.715348,991.343237,991.216263,0,served
1165,987.000805,991.462442,991.343237,0,served
1166,989.728704,995.113922,991.462442,0,served
1167,989.728704,997.484564,992.109043,1,served
1168,990.628080,1001.537868,993.466399,2,served
1169,995.756207,1000.306531,995.756207,0,served
1170,998.030618,999.280838,998.030618,1,served
1171,998.030618,1001.414144,999.280838,1,served
1172,998.030618,1001.846826,1000.306531,0,served
1173,999.974008,1002.207700,1001.414144,1,served
1174,1003.998745,1005.345743,1003.998745,0,served
1175,1004.616590,1005.315587,1004.616590,1,served
1176,1004.616590,1009.045956,1004.616590,2,served
1177,1004.616590,1006.308913,1005.315587,1,served
1178,1007.607635,1008.605295,1007.607635,0,served
1179,1007.607635,1007.837525,1007.607635,1,served
1180,1007.607635,1009.274667,1007.837525,1,served
1181,1008.291945,1016.359928,1008.605295,0,served
1182,1008.291945,1009.584509,1009.045956,2,served
1183,1008.291945,1011.617661,1009.274667,1,served
1184,1010.961152,1011.365005,1010.961152,2,served
1185,1010.961152,1012.231846,1011.365005,2,served
1186,1011.489309,1015.620686,1011.617661,1,served
1187,1014.791977,1018.326624,1014.791977,2,served
1188,1014.791977,1019.298080,1015.620686,1,served
1189,1014.791977,1018.645135,1016.359928,0,served
1190,1014.791977,1021.301722,1018.326624,2,served
1191,1017.808412,1024.141222,1018.645135,0,served
1192,1017.976258,1020.255120,1019.298080,1,served
1193,1018.202899,1021.497667,1020.255120,1,served
1194,1018.202899,1027.402180,1021.301722,2,served
1195,1018.891973,1022.255606,1021.497667,1,served
1196,1018.891973,1023.635681,1022.255606,1,served
1197,1018.891973,1025.975920,1023.635681,1,served
1198,1020.495661,1025.820512,1024.141222,0,served
1199,1022.074364,1026.407981,1025.820512,0,served
1200,1022.074364,1030.528186,1025.975920,1,served
1201,1027.953403,1029.298698,1027.953403,0,served
1202,1027.953403,1027.975753,1027.953403,2,served
1203,1031.116138,1032.994899,1031.116138,0,served
1204,1031.116138,1033.491651,1031.116138,1,served
1205,1031.116138,1032.068826,1031.116138,2,served
1206,1031.116138,1032.539081,1032.068826,2,served
1207,1036.633597,1039.339878,1036.633597,0,served
1208,1036.633597,1038.226660,1036.633597,1,served
1209,1036.633597,1044.655544,1036.633597,2,served
1210,1036.633597,1042.146185,1038.226660,1,served
1211,1036.838633,1039.707680,1039.339878,0,served
1212,1036.838633,1041.962356,1039.707680,0,served
1213,1038.236154,1042.658272,1041.962356,0,served
1214,1038.236154,1045.264113,1042.146185,1,served
1215,1038.236154,1042.873586,1042.658272,0,served
1216,1038.236154,1043.397425,1042.873586,0,served
1217,1040.479568,1043.405288,1043.397425,0,served
1218,1040.479568,1044.626920,1043.405288,0,served
1219,1044.787101,1045.244600,1044.787101,0,served
1220,1046.042026,1046.854470,1046.042026,0,served
1221,1046.042026,1047.838494,1046.042026,1,served
1222,1046.042026,1052.475766,1046.042026,2,served
1223,1046.042026,1047.875560,1046.854470,0,served
1224,1046.042026,1048.088231,1047.838494,1,served
1225,1051.881060,1052.349001,1051.881060,0,served
1226,1051.881060,1060.079548,1051.881060,1,served
1227,1054.525858,1054.966530,1054.525858,0,served
1228,1056.057867,1056.115284,1056.057867,0,served
1229,1056.306476,1056.875840,1056.306476,0,served
1230,1056.306476,1056.993822,1056.306476,2,served
1231,1057.725918,1060.102057,1057.725918,0,served
1232,1058.185098,1058.791815,1058.185098,2,served
1233,1058.185098,1058.894810,1058.791815,2,served
1234,1058.376839,1059.850724,1058.894810,2,served
1235,1058.376839,1061.444802,1059.850724,2,served
1236,1058.376839,1066.195672,1060.079548,1,served
1237,1059.374293,1061.021718,1060.102057,0,served
1238,1060.528218,1061.457244,1061.021718,0,served
1239,1064.818486,1066.442712,1064.818486,0,served
1240,1064.818486,1069.152284,1064.818486,2,served
1241,1067.776860,1070.605734,1067.776860,0,served
1242,1067.776860,1075.025720,1067.776860,1,served
1243,1068.853697,1072.201728,1069.152284,2,served
1244,1068.853697,1070.723555,1070.605734,0,served
1245,1070.068594,1072.346521,1070.723555,0,served
1246,1070.671901,1072.346611,1072.201728,2,served
1247,1072.510504,1073.037182,1072.510504,0,served
1248,1072.510504,1072.843510,1072.510504,2,served
1249,1072.510504,1073.599756,1072.843510,2,served
1250,1075.001192,1075.236047,1075.001192,0,served
1251,1075.001192,1081.337837,1075.001192,2,served
1252,1075.518759,1076.243894,1075.518759,0,served
1253,1076.484330,1076.688211,1076.484330,0,served
1254,1077.885510,1079.759430,1077.885510,0,served
1255,1082.550229,1084.042318,1082.550229,0,served
1256,1086.011972,1086.368217,1086.011972,0,served
1257,1086.011972,1086.615523,1086.011972,1,served
1258,1086.011972,1086.393521,1086.011972,2,served
1259,1087.358196,1087.555788,1087.358196,0,served
1260,1087.358196,1089.988368,1087.358196,1,served
1261,1087.358196,1091.788213,1087.358196,2,served
1262,1087.358196,1087.801450,1087.555788,0,served
1263,1088.262729,1093.124678,1088.262729,0,served
1264,1088.262729,1092.899531,1089.988368,1,served
1265,1091.672365,1096.016028,1091.788213,2,served
1266,1092.094338,1093.039959,1092.899531,1,served
1267,1093.610351,1095.395969,1093.610351,0,served
1268,1094.102052,1094.759710,1094.102052,1,served
1269,1095.162421,1098.479538,1095.162421,1,served
1270,1096.967976,1101.338466,1096.967976,0,served
1271,1096.967976,1100.290143,1096.967976,2,served
1272,1099.870124,1116.414250,1099.870124,1,served
1273,1099.870124,1101.882829,1100.290143,2,served
1274,1099.870124,1102.130390,1101.338466,0,served
1275,1099.870124,1102.019546,1101.882829,2,served
1276,1100.203060,1105.631102,1102.019546,2,served
1277,1100.203060,1103.428164,1102.130390,0,served
1278,1102.422560,1103.549602,1103.428164,0,served
1279,1102.422560,1106.242711,1103.549602,0,served
1280,1102.422560,1106.046146,1105.631102,2,served
1281,1102.422560,1108.253068,1106.046146,2,served
1282,1102.422560,1106.826456,1106.242711,0,served
1283,1102.422560,1109.444943,1106.826456,0,served
1284,1106.807831,1115.980120,1108.253068,2,served
1285,1110.333069,1112.552862,1110.333069,0,served
1286,1111.178360,1113.077264,1112.552862,0,served
1287,1112.466259,1114.752797,1113.077264,0,served
1288,1112.466259,1121.511730,1114.752797,0,served
1289,1112.466259,1117.976248,1115.980120,2,served
1290,1113.172095,1117.203746,1116.414250,1,served
1291,1117.817297,1122.004506,1117.817297,1,served
1292,1120.374881,1121.451082,1120.374881,2,served
1293,1120.374881,1122.632098,1121.451082,2,served
1294,1120.374881,1128.220174,1121.511730,0,served
1295,1126.062599,1129.074538,1126.062599,1,served
1296,1126.138862,1129.325988,1126.138862,2,served
1297,1126.138862,1129.341081,1128.220174,0,served
1298,1129.021223,1130.134353,1129.074538,1,served
1299,1129.021223,1135.883683,1129.325988,2,served
1300,1130.422434,1130.495340,1130.422434,0,served
1301,1130.904832,1131.107190,1130.904832,0,served
1302,1134.379157,1134.616887,1134.379157,0,served
1303,1141.128712,1142.701128,1141.128712,0,served
1304,1142.588632,1148.495298,1142.588632,1,served
1305,1142.588632,1147.492885,1142.588632,2,served
1306,1146.490057,1146.975655,1146.490057,0,served
1307,1147.759332,1147.949557,1147.759332,0,served
1308,1149.808577,1149.924979,1149.808577,0,served
1309,1149.808577,1159.692432,1149.808577,1,served
1310,1149.831535,1150.145894,1149.831535,2,served
1311,1149.831535,1150.818255,1149.924979,0,served
1312,1149.913023,1150.949164,1150.145894,2,served
1313,1153.535438,1156.051301,1153.535438,0,served
1314,1153.535438,1154.594024,1153.535438,2,served
1315,1154.209453,1159.896562,1154.594024,2,served
1316,1154.209453,1158.432455,1156.051301,0,served
1317,1154.209453,1160.380339,1158.432455,0,served
1318,1154.209453,1159.915238,1159.692432,1,served
1319,1157.941099,1167.831427,1159.896562,2,served
1320,1160.888310,1162.713123,1160.888310,0,served
1321,1160.888310,1161.515988,1160.888310,1,served
1322,1160.888310,1165.797951,1161.515988,1,served
1323,1160.888310,1163.338099,1162.713123,0,served
1324,1162.470531,1163.889105,1163.338099,0,served
1325,1162.470531,1164.972776,1163.889105,0,served
1326,1162.493815,1166.468927,1164.972776,0,served
1327,1162.493815,1168.517586,1165.797951,1,served
1328,1162.493815,1167.049523,1166.468927,0,served
1329,1162.493815,1169.188092,1167.049523,0,served
1330,1162.493815,1171.385090,1167.831427,2,served
1331,1162.493815,1177.994662,1168.517586,1,served
1332,1163.976271,1169.244779,1169.188092,0,served
1333,1165.616561,1171.942182,1169.244779,0,served
1334,1165.616561,1174.200067,1171.385090,2,served
1335,1166.842770,1174.272927,1171.942182,0,served
1336,1168.270794,1174.604869,1174.200067,2,served
1337,1168.324865,1174.959671,1174.272927,0,served
1338,1168.324865,1175.934813,1174.604869,2,served
1339,1168.324865,1175.401953,1174.959671,0,served
1340,1168.324865,1177.382220,1175.401953,0,served
1341,1168.324865,1177.261349,1175.934813,2,served
1342,1170.112145,1177.729750,1177.261349,2,served
1343,1170.112145,1178.898742,1177.382220,0,served
1344,1170.112145,1178.052310,1177.729750,2,served
1345,1170.868232,1180.361500,1177.994662,1,served
1346,1170.868232,1181.438285,1178.052310,2,served
1347,1175.445626,1180.135419,1178.898742,0,served
1348,1176.524523,1181.561472,1180.135419,0,served
1349,1176.524523,1184.633840,1180.361500,1,served
1350,1176.524523,1182.146076,1181.438285,2,served
1351,1176.932790,1181.797343,1181.561472,0,served
1352,1176.932790,1182.345746,1181.797343,0,served
1353,1177.196350,1188.386170,1182.146076,2,served
1354,1178.538746,1184.762768,1182.345746,0,served
1355,1179.159599,1185.107432,1184.633840,1,served
1356,1183.171637,1185.209925,1184.762768,0,served
1357,1185.110422,1185.691030,1185.110422,1,served
1358,1185.110422,1185.880261,1185.209925,0,served
1359,1185.110422,1193.604330,1185.691030,1,served
1360,1187.485401,1188.330799,1187.485401,0,served
1361,1187.485401,1189.576146,1188.330799,0,served
1362,1188.024209,1193.874801,1188.386170,2,served
1363,1188.024209,1189.924386,1189.576146,0,served
1364,1188.024209,1192.270050,1189.924386,0,served
1365,1188.024209,1193.797159,1192.270050,0,served
1366,1189.387328,1196.876214,1193.604330,1,served
1367,1189.387328,1194.418968,1193.797159,0,served
1368,1189.387328,1193.884791,1193.874801,2,served
1369,1191.676978,1194.467402,1193.884791,2,served
1370,1192.609217,1194.836281,1194.418968,0,served
1371,1194.979610,1196.036907,1194.979610,0,served
1372,1194.979610,1194.993988,1194.979610,2,served
1373,1194.979610,1195.829665,1194.993988,2,served
1374,1194.979610,1196.342199,1195.829665,2,served
1375,1197.561601,1200.824036,1197.561601,0,served
1376,1199.464133,1199.994265,1199.464133,1,served
1377,1199.464133,1199.905491,1199.464133,2,served
1378,1199.672581,1199.952434,1199.905491,2,served
1379,1199.672581,1201.306520,1199.952434,2,served
1380,1199.672581,1200.465645,1199.994265,1,served
1381,1201.197232,1205.608784,1201.197232,0,served
1382,1202.455722,1203.883052,1202.455722,1,served
1383,1203.948809,1205.367380,1203.948809,1,served
1384,1205.501722,1208.162822,1205.501722,1,served
1385,1205.747728,1207.390927,1205.747728,0,served
1386,1207.529361,1210.010874,1207.529361,0,served
1387,1207.529361,1211.636581,1207.529361,2,served
1388,1207.529361,1210.418658,1208.162822,1,served
1389,1207.529361,1210.239166,1210.010874,0,served
1390,1209.268843,1210.995642,1210.239166,0,served
1391,1209.268843,1219.257693,1210.418658,1,served
1392,1209.268843,1211.803321,1210.995642,0,served
1393,1209.268843,1216.747557,1211.636581,2,served
1394,1209.268843,1211.833447,1211.803321,0,served
1395,1209.354939,1212.684736,1211.833447,0,served
1396,1209.354939,1214.179447,1212.684736,0,served
1397,1213.429845,1215.125695,1214.179447,0,served
1398,1215.243624,1216.823401,1215.243624,0,served
1399,1216.222009,1217.257085,1216.747557,2,served
1400,1216.222009,1218.194640,1216.823401,0,served
1401,1216.222009,1218.099930,1217.257085,2,served
1402,1217.162471,1221.309424,1218.099930,2,served
1403,1217.162471,1221.351262,1218.194640,0,served
1404,1222.546140,1223.274737,1222.546140,0,served
1405,1226.217757,1226.939625,1226.217757,0,served
1406,1226.490126,1226.501549,1226.490126,1,served
1407,1228.208943,1230.283326,1228.208943,0,served
1408,1228.208943,1233.543857,1228.208943,1,served
1409,1228.616268,1229.326200,1228.616268,2,served
1410,1228.616268,1235.221522,1229.326200,2,served
1411,1238.485526,1239.553993,1238.485526,0,served
1412,1238.485526,1238.510223,1238.485526,1,served
1413,1240.291712,1240.452723,1240.291712,0,served
1414,1240.702289,1242.441470,1240.702289,0,served
1415,1240.702289,1241.900192,1240.702289,1,served
1416,1243.707584,1244.821752,1243.707584,0,served
1417,1243.707584,1246.906751,1243.707584,1,served
1418,1248.212588,1250.249012,1248.212588,0,served
1419,1248.212588,1248.460116,1248.212588,1,served
1420,1248.212588,1251.244721,1248.212588,2,served
1421,1249.011334,1251.013286,1249.011334,1,served
1422,1249.011334,1250.865150,1250.249012,0,served
1423,1249.011334,1251.171275,1250.865150,0,served
1424,1251.790281,1252.350090,1251.790281,0,served
1425,1251.790281,1252.265682,1251.790281,1,served
1426,1251.790281,1253.584931,1251.790281,2,served
1427,1252.326932,1255.565761,1252.326932,1,served
1428,1252.326932,1253.661851,1252.350090,0,served
1429,1253.227721,1254.551213,1253.584931,2,served
1430,1253.227721,1255.400224,1253.661851,0,served
1431,1253.227721,1262.270282,1254.551213,2,served
1432,1253.419180,1256.381949,1255.400224,0,served
1433,1255.244203,1258.715509,1255.565761,1,served
1434,1255.244203,1256.570032,1256.381949,0,served
1435,1255.244203,1257.562717,1256.570032,0,served
1436,1255.244203,1260.789360,1257.562717,0,served
1437,1255.293248,1260.936617,1258.715509,1,served
1438,1257.672961,1261.181584,1260.789360,0,served
1439,1258.253725,1263.278949,1260.936617,1,served
1440,1258.814835,1261.404957,1261.181584,0,served
1441,1258.876577,1261.544461,1261.404957,0,served
1442,1258.876577,1261.568669,1261.544461,0,served
1443,1260.466961,1262.596727,1261.568669,0,served
1444,1262.475402,1263.903903,1262.475402,2,served
1445,1262.475402,1264.408869,1262.596727,0,served
1446,1263.498894,1270.844389,1263.498894,1,served
1447,1265.956260,1266.191424,1265.956260,0,served
1448,1265.956260,1266.117413,1265.956260,2,served
1449,1265.956260,1267.234948,1266.117413,2,served
1450,1268.730146,1269.097505,1268.730146,0,served
1451,1268.730146,1269.347630,1268.730146,2,served
1452,1268.730146,1269.209694,1269.097505,0,served
1453,1268.730146,1269.345760,1269.209694,0,served
1454,1269.730849,1269.911870,1269.730849,0,served
1455,1272.643970,1274.004784,1272.643970,0,served
1456,1272.643970,1274.476497,1272.643970,1,served
1457,1272.643970,1277.897389,1272.643970,2,served
1458,1272.643970,1274.030853,1274.004784,0,served
1459,1272.643970,1276.878841,1274.030853,0,served
1460,1277.379779,1279.087946,1277.379779,0,served
1461,1283.729196,1284.719117,1283.729196,0,served
1462,1283.729196,1289.947049,1283.729196,1,served
1463,1283.729196,1289.922779,1283.729196,2,served
1464,1283.729196,1285.688367,1284.719117,0,served
1465,1285.671634,1286.885894,1285.688367,0,served
1466,1285.671634,1287.192048,1286.885894,0,served
1467,1286.044146,1287.899780,1287.192048,0,served
1468,1289.120580,1294.753898,1289.120580,0,served
1469,1290.722569,1292.574873,1290.722569,1,served
1470,1291.662969,1292.298342,1291.662969,2,served
1471,1295.678740,1297.474632,1295.678740,0,served
1472,1297.386409,1309.681918,1297.386409,1,served
1473,1297.386409,1298.323710,1297.386409,2,served
1474,1297.386409,1298.291202,1297.474632,0,served
1475,1297.386409,1298.484984,1298.291202,0,served
1476,1297.386409,1302.423886,1298.323710,2,served
1477,1297.861145,1301.554584,1298.484984,0,served
1478,1297.861145,1302.427152,1301.554584,0,served
1479,1297.861145,1303.260542,1302.423886,2,served
1480,1298.828125,1303.335121,1302.427152,0,served
1481,1300.189411,1313.485921,1303.260542,2,served
1482,1300.189411,1304.579116,1303.335121,0,served
1483,1300.423529,1305.730418,1304.579116,0,served
1484,1301.720008,1306.882932,1305.730418,0,served
1485,1303.652871,1311.673681,1306.882932,0,served
1486,1304.086043,1310.782777,1309.681918,1,served
1487,1304.835468,1311.097979,1310.782777,1,served
1488,1304.835468,1313.794266,1311.097979,1,served
1489,1305.438948,1313.206898,1311.673681,0,served
1490,1305.438948,1314.461135,1313.206898,0,served
1491,1306.585193,1314.402917,1313.485921,2,served
1492,1306.585193,1315.838060,1313.794266,1,served
1493,1308.562089,1315.052497,1314.402917,2,served
1494,1308.562089,1316.341367,1314.461135,0,served
1495,1308.562089,1327.338036,1315.052497,2,served
1496,1308.562089,1321.605185,1315.838060,1,served
1497,1309.427182,1316.714852,1316.341367,0,served
1498,1309.427182,1318.340223,1316.714852,0,served
1499,1309.427182,1322.204201,1318.340223,0,served
1500,1312.190167,1324.768715,1321.605185,1,served
1501,1312.203680,1322.853957,1322.204201,0,served
1502,1312.498669,1324.180642,1322.853957,0,served
1503,1312.498669,1325.118489,1324.180642,0,served
1504,1313.933079,1325.175058,1324.768715,1,served
1505,1316.388609,1326.387742,1325.118489,0,served
1506,1316.388609,1325.830252,1325.175058,1,served
1507,1319.136923,1328.009326,1325.830252,1,served
1508,1319.136923,1327.794027,1326.387742,0,served
1509,1319.306524,1328.097135,1327.338036,2,served
1510,1319.306524,1330.114302,1327.794027,0,served
1511,1319.306524,1328.053979,1328.009326,1,served
1512,1319.778029,1330.949315,1328.053979,1,served
1513,1320.513260,1328.201279,1328.097135,2,served
1514,1320.513260,1332.851120,1328.201279,2,served
1515,1323.287566,1331.585020,1330.114302,0,served
1516,1323.287566,1334.038176,1330.949315,1,served
1517,1328.233097,1332.167291,1331.585020,0,served
1518,1328.233097,1332.885850,1332.167291,0,served
1519,1328.233097,1335.248857,1332.851120,2,served
1520,1329.270482,1333.804328,1332.885850,0,served
1521,1329.542985,1334.762141,1333.804328,0,served
1522,1329.542985,1336.328463,1334.038176,1,served
1523,1330.734062,1334.997230,1334.762141,0,served
1524,1334.541438,1335.533336,1334.997230,0,served
1525,1334.541438,1338.369808,1335.248857,2,served
1526,1334.541438,1336.100377,1335.533336,0,served
1527,1334.541438,1338.356106,1336.100377,0,served
1528,1340.009911,1342.796779,1340.009911,0,served
1529,1340.408431,1341.663277,1340.408431,1,served
1530,1341.309262,1342.371798,1341.309262,2,served
1531,1342.135452,1342.424206,1342.135452,1,served
1532,1342.899512,1343.124048,1342.899512,0,served
1533,1345.043878,1346.322524,1345.043878,0,served
1534,1347.578605,1349.113310,1347.578605,0,served
1535,1347.578605,1347.705581,1347.578605,1,served
1536,1347.580200,1349.304323,1347.580200,2,served
1537,1347.580200,1348.400495,1347.705581,1,served
1538,1347.580200,1350.151934,1348.400495,1,served
1539,1347.987956,1349.349535,1349.113310,0,served
1540,1348.653313,1356.551278,1349.304323,2,served
1541,1350.527123,1353.073056,1350.527123,0,served
1542,1350.527123,1350.588636,1350.527123,1,served
1543,1350.527123,1351.293324,1350.588636,1,served
1544,1350.527123,1353.167173,1351.293324,1,served
1545,1350.527123,1355.120904,1353.073056,0,served
1546,1350.527123,1364.152726,1353.167173,1,served
1547,1350.927152,1356.263028,1355.120904,0,served
1548,1353.586349,1358.284545,1356.263028,0,served
1549,1355.234915,1358.566789,1356.551278,2,served
1550,1355.531511,1358.425462,1358.284545,0,served
1551,1358.238594,1359.554276,1358.425462,0,served
1552,1358.238594,1358.695716,1358.566789,2,served
1553,1362.865118,1366.940538,1362.865118,0,served
1554,1362.865118,1366.154689,1362.865118,2,served
1555,1362.865118,1366.539893,1364.152726,1,served
1556,1363.374837,1375.826045,1366.154689,2,served
1557,1363.374837,1371.189137,1366.539893,1,served
1558,1364.666067,1368.161796,1366.940538,0,served
1559,1364.666067,1368.310196,1368.161796,0,served
1560,1364.666067,1371.226996,1368.310196,0,served
1561,1365.744561,1372.026255,1371.189137,1,served
1562,1365.744561,1373.815360,1371.226996,0,served
1563,1365.744561,1372.132470,1372.026255,1,served
1564,1367.937180,1372.859356,1372.132470,1,served
1565,1369.945676,1373.153382,1372.859356,1,served
1566,1372.339072,1373.980491,1373.153382,1,served
1567,1372.339072,1374.157694,1373.815360,0,served
1568,1372.339072,1374.221686,1373.980491,1,served
1569,1372.339072,1374.696169,1374.157694,0,served
1570,1372.339072,1377.779088,1374.221686,1,served
1571,1372.339072,1375.523925,1374.696169,0,served
1572,1372.339072,1378.540303,1375.523925,0,served
1573,1372.688605,1377.630790,1375.826045,2,served
1574,1372.688605,1378.464021,1377.630790,2,served
1575,1372.688605,1377.821942,1377.779088,1,served
1576,1372.688605,1377.897498,1377.821942,1,served
1577,1376.041650,1381.437105,1377.897498,1,served
1578,1376.953429,1382.067177,1378.464021,2,served
1579,1376.953429,1379.353823,1378.540303,0,served
1580,1376.953429,1382.181261,1379.353823,0,served
1581,1376.953429,1384.209563,1381.437105,1,served
1582,1376.953429,1385.326897,1382.067177,2,served
1583,1376.953429,1384.959219,1382.181261,0,served
1584,1377.369009,1390.109851,1384.209563,1,served
1585,1377.369009,1385.020408,1384.959219,0,served
1586,1379.404889,1385.464960,1385.020408,0,served
1587,1379.404889,1386.632961,1385.326897,2,served
1588,1379.404889,1385.539237,1385.464960,0,served
1589,1379.404889,1386.735199,1385.539237,0,served
1590,1387.397633,1388.695151,1387.397633,0,served
1591,1389.284908,1390.663903,1389.284908,0,served
1592,1393.014046,1393.356695,1393.014046,0,served
1593,1393.014046,1394.057238,1393.014046,1,served
1594,1396.760205,1397.830414,1396.760205,0,served
1595,1397.474101,1399.752842,1397.474101,1,served
1596,1397.903748,1398.706077,1397.903748,0,served
1597,1404.563802,1406.019213,1404.563802,0,served
1598,1405.007253,1405.573740,1405.007253,1,served
1599,1405.113332,1407.212050,1405.113332,2,served
1600,1406.320230,1409.830373,1406.320230,0,served
1601,1408.223251,1409.916318,1408.223251,1,served
1602,1410.139524,1411.242436,1410.139524,0,served
1603,1411.638588,1412.645416,1411.638588,0,served
1604,1411.638588,1426.586154,1411.638588,1,served
1605,1411.638588,1417.095745,1411.638588,2,served
1606,1412.342224,1412.939497,1412.645416,0,served
1607,1412.342224,1419.159111,1412.939497,0,served
1608,1414.023121,1422.648875,1417.095745,2,served
1609,1415.662568,1422.350075,1419.159111,0,served
1610,1415.662568,1423.539593,1422.350075,0,served
1611,1415.702094,1427.700906,1422.648875,2,served
1612,1415.702094,1424.126889,1423.539593,0,served
1613,1420.807527,1425.999667,1424.126889,0,served
1614,1420.807527,1428.215297,1425.999667,0,served
1615,1422.702271,1426.909579,1426.586154,1,served
1616,1422.702271,1427.535083,1426.909579,1,served
1617,1424.666727,1430.227954,1427.535083,1,served
1618,1424.795250,1428.225322,1427.700906,2,served
1619,1424.795250,1430.868034,1428.215297,0,served
1620,1427.310310,1428.272870,1428.225322,2,served
1621,1427.310310,1428.309264,1428.272870,2,served
1622,1433.436630,1435.466629,1433.436630,0,served
1623,1433.741934,1434.451691,1433.741934,1,served
1624,1433.972218,1435.710633,1433.972218,2,served
1625,1435.206845,1435.357451,1435.206845,1,served
1626,1435.206845,1442.316111,1435.357451,1,served
1627,1435.206845,1442.790100,1435.466629,0,served
1628,1437.096662,1439.228628,1437.096662,2,served
1629,1438.286685,1440.099375,1439.228628,2,served
1630,1438.286685,1442.989654,1440.099375,2,served
1631,1443.252269,1443.928201,1443.252269,0,served
1632,1444.953434,1448.353540,1444.953434,0,served
1633,1444.953434,1445.328142,1444.953434,1,served
1634,1450.190712,1451.362190,1450.190712,0,served
1635,1450.190712,1452.342684,1450.190712,1,served
1636,1450.190712,1452.143764,1450.190712,2,served
1637,1450.190712,1451.733337,1451.362190,0,served
1638,1450.267524,1453.998139,1451.733337,0,served
1639,1451.074045,1454.956666,1452.143764,2,served
1640,1451.074045,1457.831360,1452.342684,1,served
1641,1451.074045,1456.549556,1453.998139,0,served
1642,1451.749168,1458.958852,1454.956666,2,served
1643,1451.749168,1457.246439,1456.549556,0,served
1644,1453.157220,1464.583914,1457.246439,0,served
1645,1453.195534,1464.380915,1457.831360,1,served
1646,1453.195534,1468.084111,1458.958852,2,served
1647,1454.869422,1469.355521,1464.380915,1,served
1648,1456.137960,1465.039910,1464.583914,0,served
1649,1456.137960,1467.844372,1465.039910,0,served
1650,1456.137960,1472.011763,1467.844372,0,served
1651,1456.137960,1468.291162,1468.084111,2,served
1652,1456.248414,1473.514671,1468.291162,2,served
1653,1456.248414,1472.224903,1469.355521,1,served
1654,1456.248414,1473.170580,1472.011763,0,served
1655,1460.849055,1473.451830,1472.224903,1,served
1656,1460.849055,1474.330164,1473.170580,0,served
1657,1461.750911,1476.560438,1473.451830,1,served
1658,1462.845818,1475.205387,1473.514671,2,served
1659,1462.845818,1475.256572,1474.330164,0,served
1660,1462.845818,1477.393583,1475.205387,2,served
1661,1464.014726,1475.508090,1475.256572,0,served
1662,1464.123659,1477.047539,1475.508090,0,served
1663,1464.123659,1477.191742,1476.560438,1,served
1664,1464.619068,1477.304605,1477.047539,0,served
1665,1464.619068,1478.923549,1477.191742,1,served
1666,1464.692347,1477.703960,1477.304605,0,served
1667,1467.930113,1477.936842,1477.393583,2,served
1668,1472.065099,1477.763288,1477.703960,0,served
1669,1474.807312,1479.019654,1477.763288,0,served
1670,1474.807312,1479.971237,1477.936842,2,served
1671,1474.807312,1480.107033,1478.923549,1,served
1672,1474.807312,1483.860973,1479.019654,0,served
1673,1474.807312,1481.111890,1479.971237,2,served
1674,1476.692954,1481.608952,1480.107033,1,served
1675,1476.692954,1483.510811,1481.111890,2,served
1676,1476.692954,1481.637377,1481.608952,1,served
1677,1476.692954,1482.239049,1481.637377,1,served
1678,1476.692954,1488.260033,1482.239049,1,served
1679,1476.692954,1488.493643,1483.510811,2,served
1680,1479.714115,1483.901430,1483.860973,0,served
1681,1480.121030,1484.224587,1483.901430,0,served
1682,1480.171410,1485.712708,1484.224587,0,served
1683,1480.171410,1486.337157,1485.712708,0,served
1684,1480.171410,1492.056212,1486.337157,0,served
1685,1481.225383,1491.188561,1488.260033,1,served
1686,1482.153906,1491.361271,1488.493643,2,served
1687,1482.153906,1497.190033,1491.188561,1,served
1688,1482.153906,1493.389725,1491.361271,2,served
1689,1482.153906,1492.191881,1492.056212,0,served
1690,1483.624611,1493.918650,1492.191881,0,served
1691,1483.624611,1494.417467,1493.389725,2,served
1692,1483.624611,1494.791943,1493.918650,0,served
1693,1483.624611,1495.828593,1494.417467,2,served
1694,1485.970011,1497.384142,1494.791943,0,served
1695,1492.003598,1504.598881,1495.828593,2,served
1696,1497.714930,1499.151632,1497.714930,0,served
1697,1497.714930,1498.322776,1497.714930,1,served
1698,1497.714930,1505.018151,1498.322776,1,served
1699,1500.228066,1501.663058,1500.228066,0,served
1700,1500.228066,1504.677493,1501.663058,0,served
1701,1502.521127,1506.388523,1504.598881,2,served
1702,1502.521127,1507.247783,1504.677493,0,served
1703,1502.521127,1508.177964,1505.018151,1,served
1704,1502.521127,1510.434748,1506.388523,2,served
1705,1502.521127,1507.942750,1507.247783,0,served
1706,1502.521127,1508.263826,1507.942750,0,served
1707,1502.846106,1508.861442,1508.177964,1,served
1708,1502.846106,1508.685138,1508.263826,0,served
1709,1504.105440,1509.156562,1508.685138,0,served
1710,1504.350907,1509.258325,1508.861442,1,served
1711,1504.350907,1511.576181,1509.156562,0,served
1712,1507.374663,1516.969663,1509.258325,1,served
1713,1508.807625,1511.730127,1510.434748,2,served
1714,1508.807625,1511.579286,1511.576181,0,served
1715,1510.349297,1513.070892,1511.579286,0,served
1716,1510.923727,1513.562054,1511.730127,2,served
1717,1510.923727,1513.093282,1513.070892,0,served
1718,1513.526831,1513.946019,1513.526831,0,served
1719,1513.526831,1513.973826,1513.562054,2,served
1720,1513.526831,1514.957042,1513.946019,0,served
1721,1513.999559,1514.235132,1513.999559,2,served
1722,1516.505751,1519.573409,1516.505751,0,served
1723,1516.577462,1516.768326,1516.577462,2,served
1724,1516.577462,1518.673800,1516.768326,2,served
1725,1516.577462,1519.068691,1516.969663,1,served
1726,1516.577462,1521.646019,1518.673800,2,served
1727,1518.558701,1521.416974,1519.068691,1,served
1728,1528.400691,1528.584185,1528.400691,0,served
1729,1528.445653,1529.565988,1528.445653,1,served
1730,1530.552477,1533.625721,1530.552477,0,served
1731,1532.869011,1533.255294,1532.869011,1,served
1732,1532.869011,1537.033344,1532.869011,2,served
1733,1534.917481,1535.693798,1534.917481,0,served
1734,1535.100834,1544.335480,1535.100834,1,served
1735,1538.396483,1538.883362,1538.396483,0,served
1736,1540.989453,1541.498760,1540.989453,0,served
1737,1545.036445,1546.503570,1545.036445,0,served
1738,1547.447615,1548.110615,1547.447615,0,served
1739,1548.354013,1549.550801,1548.354013,0,served
1740,1548.354013,1548.745049,1548.354013,1,served
1741,1548.354013,1549.376301,1548.354013,2,served
1742,1549.539911,1552.646172,1549.539911,1,served
1743,1549.539911,1554.804052,1549.539911,2,served
1744,1550.396840,1551.709294,1550.396840,0,served
1745,1550.396840,1555.041148,1551.709294,0,served
1746,1550.396840,1553.335915,1552.646172,1,served
1747,1550.396840,1556.407071,1553.335915,1,served
1748,1550.396840,1554.967811,1554.804052,2,served
1749,1550.396840,1562.998799,1554.967811,2,served
1750,1550.713435,1555.476605,1555.041148,0,served
1751,1550.713435,1555.784778,1555.476605,0,served
1752,1551.427000,1558.557669,1555.784778,0,served
1753,1553.491291,1557.099550,1556.407071,1,served
1754,1553.491291,1557.702203,1557.099550,1,served
1755,1554.316744,1558.071165,1557.702203,1,served
1756,1554.569465,1566.200181,1558.071165,1,served
1757,1554.569465,1558.832430,1558.557669,0,served
1758,1557.486897,1559.137955,1558.832430,0,served
1759,1559.225252,1561.371103,1559.225252,0,served
1760,1560.125957,1563.635698,1561.371103,0,served
1761,1560.125957,1566.910179,1562.998799,2,served
1762,1560.125957,1564.250651,1563.635698,0,served
1763,1566.704148,1568.032800,1566.704148,0,served
1764,1566.746443,1570.232123,1566.746443,1,served
1765,1568.091209,1569.817881,1568.091209,0,served
1766,1568.091209,1568.245808,1568.091209,2,served
1767,1568.091209,1569.616888,1568.245808,2,served
1768,1573.930779,1574.854321,1573.930779,0,served
1769,1574.353938,1575.394230,1574.353938,1,served
1770,1574.353938,1575.359357,1574.353938,2,served
1771,1574.353938,1576.183345,1574.854321,0,served
1772,1576.628722,1579.177927,1576.628722,0,served
1773,1578.425687,1583.977499,1578.425687,1,served
1774,1578.425687,1580.652175,1578.425687,2,served
1775,1578.918157,1579.419416,1579.177927,0,served
1776,1580.887457,1583.476925,1580.887457,0,served
1777,1580.887457,1580.895336,1580.887457,2,served
1778,1582.502538,1587.141167,1582.502538,2,served
1779,1585.895012,1586.687962,1585.895012,0,served
1780,1587.098684,1590.518631,1587.098684,0,served
1781,1587.098684,1590.659148,1587.098684,1,served
1782,1587.098684,1588.152715,1587.141167,2,served
1783,1587.098684,1588.779565,1588.152715,2,served
1784,1587.098684,1591.476162,1588.779565,2,served
1785,1589.132914,1591.206299,1590.518631,0,served
1786,1596.506935,1599.257331,1596.506935,0,served
1787,1598.880611,1604.876840,1598.880611,1,served
1788,1599.158937,1601.706242,1599.158937,2,served
1789,1602.538478,1604.308837,1602.538478,0,served
1790,1603.569242,1607.748660,1603.569242,2,served
1791,1603.569242,1604.664995,1604.308837,0,served
1792,1603.569242,1608.871209,1604.664995,0,served
1793,1603.954202,1606.820630,1604.876840,1,served
1794,1605.949198,1608.911143,1606.820630,1,served
1795,1605.949198,1610.194183,1607.748660,2,served
1796,1605.949198,1612.623449,1608.871209,0,served
1797,1605.949198,1609.077958,1608.911143,1,served
1798,1605.949198,1609.104975,1609.077958,1,served
1799,1605.949198,1609.428680,1609.104975,1,served
1800,1606.823026,1611.383434,1609.428680,1,served
1801,1606.823026,1611.949386,1610.194183,2,served
1802,1606.823026,1612.755566,1611.383434,1,served
1803,1606.823026,1612.373900,1611.949386,2,served
1804,1606.823026,1612.644813,1612.373900,2,served
1805,1606.835355,1612.701798,1612.623449,0,served
1806,1609.454740,1613.728497,1612.644813,2,served
1807,1609.454740,1614.663442,1612.701798,0,served
1808,1611.464639,1620.552507,1612.755566,1,served
1809,1611.464639,1626.926167,1613.728497,2,served
1810,1611.464639,1615.860481,1614.663442,0,served
1811,1611.464639,1616.958010,1615.860481,0,served
1812,1612.573120,1617.510959,1616.958010,0,served
1813,1616.228208,1622.394590,1617.510959,0,served
1814,1616.593282,1621.564646,1620.552507,1,served
1815,1617.011039,1626.307973,1621.564646,1,served
1816,1617.510039,1623.396699,1622.394590,0,served
1817,1617.668769,1623.409094,1623.396699,0,served
1818,1619.058941,1624.830099,1623.409094,0,served
1819,1619.058941,1626.489625,1624.830099,0,served
1820,1619.187971,1628.585322,1626.307973,1,served
1821,1625.080392,1629.020025,1626.489625,0,served
1822,1625.080392,1634.153625,1626.926167,2,served
1823,1625.784309,1631.099477,1628.585322,1,served
1824,1626.026256,1629.208109,1629.020025,0,served
1825,1626.026256,1631.855953,1629.208109,0,served
1826,1629.226708,1637.674171,1631.099477,1,served
1827,1631.524368,1634.850834,1631.855953,0,served
1828,1631.524368,1635.110411,1634.153625,2,served
1829,1631.524368,1636.589730,1634.850834,0,served
1830,1631.524368,1635.612891,1635.110411,2,served
1831,1631.806302,1638.756295,1635.612891,2,served
1832,1633.194221,1637.044550,1636.589730,0,served
1833,1633.952356,1637.178585,1637.044550,0,served
1834,1637.964911,1638.247308,1637.964911,0,served
1835,1640.144392,1641.023767,1640.144392,0,served
1836,1644.548819,1644.745178,1644.548819,0,served
1837,1644.548819,1647.961906,1644.548819,1,served
1838,1644.548819,1645.385076,1644.548819,2,served
1839,1651.830309,1652.376202,1651.830309,0,served
1840,1654.170192,1654.321437,1654.170192,0,served
1841,1657.210935,1657.399649,1657.210935,0,served
1842,1657.210935,1667.063864,1657.210935,1,served
1843,1664.260100,1665.610154,1664.260100,0,served
1844,1665.309722,1665.996745,1665.309722,2,served
1845,1665.309722,1666.042469,1665.610154,0,served
1846,1665.309722,1667.219663,1665.996745,2,served
1847,1665.829053,1666.119832,1666.042469,0,served
1848,1669.788486,1670.185882,1669.788486,0,served
1849,1669.788486,1672.133432,1669.788486,1,served
1850,1669.788486,1671.641253,1669.788486,2,served
1851,1670.068429,1670.515640,1670.185882,0,served
1852,1670.068429,1670.842702,1670.515640,0,served
1853,1673.624747,1675.003779,1673.624747,0,served
1854,1673.624747,1675.471735,1673.624747,1,served
1855,1673.624747,1674.626588,1673.624747,2,served
1856,1674.371410,1675.205681,1674.626588,2,served
1857,1674.371410,1676.122536,1675.003779,0,served
1858,1674.371410,1678.290600,1675.205681,2,served
1859,1674.371410,1680.688328,1675.471735,1,served
1860,1674.371410,1677.810923,1676.122536,0,served
1861,1675.806714,1678.351090,1677.810923,0,served
1862,1675.806714,1680.814011,1678.290600,2,served
1863,1675.806714,1678.420278,1678.351090,0,served
1864,1676.229199,1678.541136,1678.420278,0,served
1865,1676.229199,1679.416497,1678.541136,0,served
1866,1676.229199,1682.020460,1679.416497,0,served
1867,1676.325043,1685.091485,1680.688328,1,served
1868,1676.365922,1681.242032,1680.814011,2,served
1869,1676.365922,1684.616878,1681.242032,2,served
1870,1677.919188,1682.373944,1682.020460,0,served
1871,1678.238768,1682.823107,1682.373944,0,served
1872,1678.238768,1683.078956,1682.823107,0,served
1873,1678.238768,1683.488973,1683.078956,0,served
1874,1678.238768,1683.731191,1683.488973,0,served
1875,1683.909213,1684.343075,1683.909213,0,served
1876,1683.909213,1684.487114,1684.343075,0,served
1877,1683.909213,1685.583839,1684.487114,0,served
1878,1685.212729,1697.065102,1685.212729,1,served
1879,1688.628386,1689.497054,1688.628386,0,served
1880,1688.628386,1694.036698,1688.628386,2,served
1881,1688.628386,1691.598269,1689.497054,0,served
1882,1688.628386,1692.329116,1691.598269,0,served
1883,1688.628386,1693.402921,1692.329116,0,served
1884,1688.650084,1696.023611,1693.402921,0,served
1885,1689.608985,1695.577019,1694.036698,2,served
1886,1689.608985,1695.929816,1695.577019,2,served
1887,1690.427747,1698.293466,1695.929816,2,served
1888,1690.735471,1696.898136,1696.023611,0,served
1889,1693.014530,1699.028651,1696.898136,0,served
1890,1693.014530,1700.910114,1697.065102,1,served
1891,1693.014530,1706.102743,1698.293466,2,served
1892,1693.014530,1700.869922,1699.028651,0,served
1893,1693.014530,1701.684531,1700.869922,0,served
1894,1695.615042,1708.268842,1700.910114,1,served
1895,1697.653417,1702.531160,1701.684531,0,served
1896,1697.653417,1705.429644,1702.531160,0,served
1897,1697.653417,1705.641858,1705.429644,0,served
1898,1697.653417,1707.692235,1705.641858,0,served
1899,1697.682383,1706.553954,1706.102743,2,served
1900,1697.682383,1706.848568,1706.553954,2,served
1901,1697.682383,1713.018139,1706.848568,2,served
1902,1697.989788,1708.989150,1707.692235,0,served
1903,1698.829013,1710.295934,1708.268842,1,served
1904,1700.565514,1709.104034,1708.989150,0,served
1905,1700.565514,1711.309877,1709.104034,0,served
1906,1701.933669,1718.214624,1710.295934,1,served
1907,1701.933669,1712.180124,1711.309877,0,served
1908,1703.203248,1712.668943,1712.180124,0,served
1909,1703.203248,1714.398039,1712.668943,0,served
1910,1705.979514,1723.276317,1713.018139,2,served
1911,1707.508335,1714.609252,1714.398039,0,served
1912,1711.021060,1715.799107,1714.609252,0,served
1913,1712.088531,1715.801214,1715.799107,0,served
1914,1712.088531,1716.476389,1715.801214,0,served
1915,1714.521391,1717.753420,1716.476389,0,served
1916,1714.521391,1719.632135,1717.753420,0,served
1917,1715.135389,1719.567628,1718.214624,1,served
1918,1715.905527,1721.208189,1719.567628,1,served
1919,1715.905527,1723.321970,1719.632135,0,served
1920,1721.913791,1728.359107,1721.913791,1,served
1921,1722.090122,1725.289275,1723.276317,2,served
1922,1722.090122,1725.177468,1723.321970,0,served
1923,1722.090122,1725.444896,1725.177468,0,served
1924,1723.993234,1726.745175,1725.289275,2,served
1925,1723.993234,1727.710151,1725.444896,0,served
1926,1726.862633,1729.129274,1726.862633,2,served
1927,1727.027842,1728.776909,1727.710151,0,served
1928,1728.018770,1728.951052,1728.359107,1,served
1929,1728.018770,1729.810266,1728.776909,0,served
1930,1728.018770,1729.628752,1728.951052,1,served
1931,1730.269298,1730.654256,1730.269298,0,served
1932,1730.269298,1731.759396,1730.269298,1,served
1933,1733.431729,1734.335539,1733.431729,0,served
1934,1733.431729,1738.850284,1733.431729,1,served
1935,1733.431729,1733.664770,1733.431729,2,served
1936,1733.512849,1735.808861,1733.664770,2,served
1937,1733.512849,1735.105373,1734.335539,0,served
1938,1738.451462,1739.135088,1738.451462,0,served
1939,1738.451462,1738.960360,1738.451462,2,served
1940,1740.945124,1743.509307,1740.945124,0,served
1941,1742.726305,1743.104577,1742.726305,1,served
1942,1743.476285,1745.340316,1743.476285,1,served
1943,1743.476285,1744.880459,1743.476285,2,served
1944,1743.476285,1745.481242,1743.509307,0,served
1945,1743.476285,1748.260830,1744.880459,2,served
1946,1743.476285,1750.512513,1745.340316,1,served
1947,1743.476285,1746.566621,1745.481242,0,served
1948,1743.476285,1746.986071,1746.566621,0,served
1949,1743.476285,1748.858058,1746.986071,0,served
1950,1744.497538,1750.561703,1748.260830,2,served
1951,1744.497538,1750.772334,1748.858058,0,served
1952,1747.488473,1753.237773,1750.512513,1,served
1953,1747.550841,1751.908641,1750.561703,2,served
1954,1749.691054,1753.517556,1750.772334,0,served
1955,1749.691054,1753.466447,1751.908641,2,served
1956,1749.691054,1753.263668,1753.237773,1,served
1957,1749.691054,1754.204379,1753.263668,1,served
1958,1749.691054,1757.091853,1753.466447,2,served
1959,1749.691054,1754.739723,1753.517556,0,served
1960,1749.691054,1757.149531,1754.204379,1,served
1961,1749.691054,1755.235945,1754.739723,0,served
1962,1750.269840,1756.746407,1755.235945,0,served
1963,1750.487478,1756.990132,1756.746407,0,served
1964,1750.487478,1757.473093,1756.990132,0,served
1965,1751.018797,1760.611637,1757.091853,2,served
1966,1751.018797,1758.468506,1757.149531,1,served
1967,1751.681273,1760.212153,1757.473093,0,served
1968,1753.047062,1761.798576,1758.468506,1,served
1969,1753.754080,1765.621014,1760.212153,0,served
1970,1753.754080,1764.531689,1760.611637,2,served
1971,1753.754080,1764.321906,1761.798576,1,served
1972,1753.754080,1774.535874,1764.321906,1,served
1973,1753.754080,1764.890544,1764.531689,2,served
1974,1753.754080,1765.880070,1764.890544,2,served
1975,1755.619138,1767.140237,1765.621014,0,served
1976,1759.452671,1766.936520,1765.880070,2,served
1977,1759.730989,1769.925741,1766.936520,2,served
1978,1759.730989,1776.510906,1767.140237,0,served
1979,1759.786493,1771.253633,1769.925741,2,served
1980,1762.046481,1773.448806,1771.253633,2,served
1981,1762.046481,1774.599455,1773.448806,2,served
1982,1765.781560,1776.855645,1774.535874,1,served
1983,1765.781560,1774.633124,1774.599455,2,served
1984,1768.046266,1778.127290,1774.633124,2,served
1985,1772.593555,1777.490673,1776.510906,0,served
1986,1772.593555,1780.336480,1776.855645,1,served
1987,1772.593555,1779.189927,1777.490673,0,served
1988,1772.593555,1779.044174,1778.127290,2,served
1989,1772.754917,1783.465490,1779.044174,2,served
1990,1772.754917,1781.942493,1779.189927,0,served
1991,1773.227036,1781.045491,1780.336480,1,served
1992,1776.265226,1782.987704,1781.045491,1,served
1993,1776.265226,1782.172163,1781.942493,0,served
1994,1776.265226,1786.974104,1782.172163,0,served
1995,1776.265226,1783.014092,1782.987704,1,served
1996,1780.641963,1783.327468,1783.014092,1,served
1997,1781.246229,1783.474611,1783.327468,1,served
1998,1781.246229,1790.236587,1783.465490,2,served
1999,1781.246229,1784.951686,1783.474611,1,served
2000,1784.297848,1786.060837,1784.951686,1,served
2001,1784.297848,1792.436909,1786.060837,1,served
2002,1784.297848,1789.917168,1786.974104,0,served
2003,1787.007771,1797.433849,1789.917168,0,served
2004,1788.247174,1794.131239,1790.236587,2,served
2005,1790.603530,1795.159299,1792.436909,1,served
2006,1790.724784,1801.837630,1794.131239,2,served
2007,1790.724784,1798.289506,1795.159299,1,served
2008,1790.724784,1799.953174,1797.433849,0,served
2009,1790.725958,1799.274549,1798.289506,1,served
2010,1790.725958,1801.863625,1799.274549,1,served
2011,1794.930863,1801.617928,1799.953174,0,served
2012,1795.234270,1802.501091,1801.617928,0,served
2013,1795.234270,1812.020164,1801.837630,2,served
2014,1795.234270,1803.768428,1801.863625,1,served
2015,1802.537828,1803.507892,1802.537828,0,served
2016,1803.981311,1804.372947,1803.981311,0,served
2017,1803.981311,1804.527126,1803.981311,1,served
2018,1806.832250,1808.866927,1806.832250,0,served
2019,1806.832250,1808.720348,1806.832250,1,served
2020,1806.832250,1809.502645,1808.720348,1,served
2021,1807.941842,1809.349510,1808.866927,0,served
2022,1807.941842,1809.763033,1809.349510,0,served
2023,1807.941842,1810.101155,1809.502645,1,served
2024,1807.941842,1811.337124,1809.763033,0,served
2025,1807.941842,1817.345827,1810.101155,1,served
2026,1808.838277,1812.184239,1811.337124,0,served
2027,1808.838277,1812.872026,1812.020164,2,served
2028,1808.838277,1812.210561,1812.184239,0,served
2029,1808.838277,1812.929420,1812.210561,0,served
2030,1809.512938,1813.705612,1812.872026,2,served
2031,1810.250687,1814.202292,1812.929420,0,served
2032,1810.933790,1815.546913,1813.705612,2,served
2033,1812.269997,1818.527592,1814.202292,0,served
2034,1812.269997,1816.580060,1815.546913,2,served
2035,1812.269997,1816.825600,1816.580060,2,served
2036,1812.399141,1819.433750,1816.825600,2,served
2037,1812.553398,1819.199532,1817.345827,1,served
2038,1812.553398,1818.860844,1818.527592,0,served
2039,1812.553398,1819.269833,1818.860844,0,served
2040,1816.027826,1820.188423,1819.199532,1,served
2041,1816.911551,1821.049392,1819.269833,0,served
2042,1816.911551,1822.398098,1819.433750,2,served
2043,1816.911551,1821.497662,1820.188423,1,served
2044,1816.914846,1822.274316,1821.049392,0,served
2045,1816.914846,1822.027845,1821.497662,1,served
2046,1816.914846,1822.900098,1822.027845,1,served
2047,1817.649068,1822.754251,1822.274316,0,served
2048,1817.649068,1822.471034,1822.398098,2,served
2049,1817.649068,1823.405586,1822.471034,2,served
2050,1817.649068,1824.836605,1822.754251,0,served
2051,1818.164538,1827.570675,1822.900098,1,served
2052,1821.191649,1826.612651,1823.405586,2,served
2053,1821.191649,1825.666037,1824.836605,0,served
2054,1821.191649,1826.313672,1825.666037,0,served
2055,1821.191649,1827.450180,1826.313672,0,served
2056,1821.322204,1827.991249,1826.612651,2,served
2057,1823.444595,1828.174683,1827.450180,0,served
2058,1824.741784,1829.959373,1827.570675,1,served
2059,1824.741784,1830.196164,1827.991249,2,served
2060,1824.741784,1829.900260,1828.174683,0,served
2061,1824.741784,1830.976399,1829.900260,0,served
2062,1824.741784,1831.280900,1829.959373,1,served
2063,1825.304969,1831.701103,1830.196164,2,served
2064,1825.760997,1833.164291,1830.976399,0,served
2065,1825.760997,1834.620784,1831.280900,1,served
2066,1825.760997,1835.564778,1831.701103,2,served
2067,1825.760997,1835.030590,1833.164291,0,served
2068,1827.058298,1837.098622,1834.620784,1,served
2069,1827.058298,1836.237896,1835.030590,0,served
2070,1830.234035,1837.217573,1835.564778,2,served
2071,1830.234035,1837.148495,1836.237896,0,served
2072,1830.234035,1841.653138,1837.098622,1,served
2073,1831.343672,1838.876617,1837.148495,0,served
2074,1831.355971,1837.953825,1837.217573,2,served
2075,1832.812000,1838.853570,1837.953825,2,served
2076,1832.812000,1844.037156,1838.853570,2,served
2077,1835.804167,1840.300296,1838.876617,0,served
2078,1836.145129,1841.704348,1840.300296,0,served
2079,1836.145129,1841.873096,1841.653138,1,served
2080,1836.145129,1843.315665,1841.704348,0,served
2081,1836.145129,1843.638338,1841.873096,1,served
2082,1836.145129,1844.509238,1843.315665,0,served
2083,1836.145129,1844.237780,1843.638338,1,served
2084,1836.785689,1850.607021,1844.037156,2,served
2085,1836.785689,1844.462999,1844.237780,1,served
2086,1837.148530,1856.640025,1844.462999,1,served
2087,1837.148530,1845.139337,1844.509238,0,served
2088,1837.148530,1850.742768,1845.139337,0,served
2089,1839.681740,1853.791610,1850.607021,2,served
2090,1839.681740,1851.087004,1850.742768,0,served
2091,1839.681740,1852.114397,1851.087004,0,served
2092,1851.618049,1855.795541,1852.114397,0,served
2093,1853.190770,1856.909608,1853.791610,2,served
2094,1853.190770,1856.951573,1855.795541,0,served
2095,1855.158570,1856.955158,1856.640025,1,served
2096,1855.158570,1866.567160,1856.909608,2,served
2097,1855.269447,1860.645348,1856.951573,0,served
2098,1856.143781,1859.673107,1856.955158,1,served
2099,1856.511721,1866.813168,1859.673107,1,served
2100,1857.091241,1861.053361,1860.645348,0,served
2101,1857.091241,1861.921565,1861.053361,0,served
2102,1857.091241,1861.933603,1861.921565,0,served
2103,1857.269875,1862.359751,1861.933603,0,served
2104,1857.479530,1864.385180,1862.359751,0,served
2105,1857.479530,1865.118075,1864.385180,0,served
2106,1857.479530,1867.027295,1865.118075,0,served
2107,1858.542461,1866.659441,1866.567160,2,served
2108,1859.616769,1868.018449,1866.659441,2,served
2109,1861.827049,1869.312307,1866.813168,1,served
2110,1861.827049,1869.152850,1867.027295,0,served
2111,1862.405963,1869.310268,1868.018449,2,served
2112,1862.600701,1869.316079,1869.152850,0,served
2113,1864.915058,1873.687309,1869.310268,2,served
2114,1867.721514,1869.963308,1869.312307,1,served
2115,1870.975156,1871.489540,1870.975156,0,served
2116,1870.975156,1872.914811,1870.975156,1,served
2117,1870.975156,1874.128173,1871.489540,0,served
2118,1870.975156,1880.098517,1872.914811,1,served
2119,1870.975156,1875.411464,1873.687309,2,served
2120,1871.015157,1874.177440,1874.128173,0,served
2121,1871.015157,1874.418148,1874.177440,0,served
2122,1872.185837,1876.049503,1874.418148,0,served
2123,1872.185837,1876.991192,1875.411464,2,served
2124,1872.185837,1877.547610,1876.049503,0,served
2125,1872.185837,1877.383117,1876.991192,2,served
2126,1872.185837,1880.279340,1877.383117,2,served
2127,1872.185837,1877.725825,1877.547610,0,served
2128,1873.727727,1882.480559,1877.725825,0,served
2129,1873.727727,1880.367835,1880.098517,1,served
2130,1874.155397,1886.037779,1880.279340,2,served
2131,1874.155397,1882.320999,1880.367835,1,served
2132,1874.155397,1888.267197,1882.320999,1,served
2133,1874.155397,1884.973132,1882.480559,0,served
2134,1874.155397,1887.043526,1884.973132,0,served
2135,1882.084957,1890.037031,1886.037779,2,served
2136,1883.057752,1890.483696,1887.043526,0,served
2137,1883.057752,1899.588927,1888.267197,1,served
2138,1883.057752,1899.381559,1890.037031,2,served
2139,1884.926803,1890.927806,1890.483696,0,served
2140,1888.167053,1891.606366,1890.927806,0,served
2141,1888.167053,1892.018038,1891.606366,0,served
2142,1891.934746,1892.047713,1892.018038,0,served
2143,1892.410173,1895.695151,1892.410173,0,served
2144,1895.042474,1896.332016,1895.695151,0,served
2145,1895.042474,1896.429321,1896.332016,0,served
2146,1895.042474,1900.775108,1896.429321,0,served
2147,1895.042474,1901.190648,1899.381559,2,served
2148,1895.623742,1899.617351,1899.588927,1,served
2149,1895.802889,1907.913839,1899.617351,1,served
2150,1898.203011,1901.629884,1900.775108,0,served
2151,1898.203011,1901.827305,1901.190648,2,served
2152,1898.203011,1903.694437,1901.629884,0,served
2153,1898.203011,1902.001401,1901.827305,2,served
2154,1898.203011,1903.783789,1902.001401,2,served
2155,1898.274365,1906.153411,1903.694437,0,served
2156,1898.274365,1913.561404,1903.783789,2,served
2157,1898.274365,1906.388967,1906.153411,0,served
2158,1898.984457,1907.164408,1906.388967,0,served
2159,1899.568410,1908.748544,1907.164408,0,served
2160,1902.702027,1912.562230,1907.913839,1,served
2161,1902.702027,1909.573744,1908.748544,0,served
2162,1904.249199,1910.826564,1909.573744,0,served
2163,1905.419038,1911.619257,1910.826564,0,served
2164,1905.419038,1912.116552,1911.619257,0,served
2165,1905.952549,1920.155777,1912.116552,0,served
2166,1905.952549,1914.575022,1912.562230,1,served
2167,1908.074243,1918.919564,1913.561404,2,served
2168,1912.746737,1916.254146,1914.575022,1,served
2169,1913.119689,1916.611493,1916.254146,1,served
2170,1913.119689,1916.639170,1916.611493,1,served
2171,1915.112101,1916.894384,1916.639170,1,served
2172,1915.112101,1923.530687,1916.894384,1,served
2173,1917.189028,1923.184232,1918.919564,2,served
2174,1918.988390,1920.603076,1920.155777,0,served
2175,1920.732170,1922.143916,1920.732170,0,served
2176,1920.732170,1923.133367,1922.143916,0,served
2177,1920.732170,1924.127098,1923.133367,0,served
2178,1920.816010,1929.186502,1923.184232,2,served
2179,1920.816010,1929.819368,1923.530687,1,served
2180,1920.816010,1925.132389,1924.127098,0,served
2181,1921.150177,1925.217380,1925.132389,0,served
2182,1923.057492,1926.920347,1925.217380,0,served
2183,1923.057492,1927.471440,1926.920347,0,served
2184,1923.057492,1934.283408,1927.471440,0,served
2185,1926.494501,1940.332106,1929.186502,2,served
2186,1926.494501,1930.168034,1929.819368,1,served
2187,1926.494501,1930.712898,1930.168034,1,served
2188,1927.375618,1931.148447,1930.712898,1,served
2189,1927.591974,1937.333337,1931.148447,1,served
2190,1927.591974,1935.433108,1934.283408,0,served
2191,1928.032630,1937.809027,1935.433108,0,served
2192,1928.046176,1943.153314,1937.333337,1,served
2193,1929.031534,1938.476134,1937.809027,0,served
2194,1930.198552,1939.607711,1938.476134,0,served
2195,1931.301041,1942.243496,1939.607711,0,served
2196,1933.776587,1948.094484,1940.332106,2,served
2197,1934.125815,1944.147531,1942.243496,0,served
2198,1934.125815,1943.540734,1943.153314,1,served
2199,1934.125815,1944.891004,1943.540734,1,served
2200,1934.125815,1945.069625,1944.147531,0,served
2201,1938.487740,1945.161269,1944.891004,1,served
2202,1939.445897,1947.403992,1945.069625,0,served
2203,1939.445897,1945.223099,1945.161269,1,served
2204,1940.168517,1947.178581,1945.223099,1,served
2205,1942.772140,1947.214150,1947.178581,1,served
2206,1942.772140,1948.078618,1947.214150,1,served
2207,1943.907346,1947.620077,1947.403992,0,served
2208,1944.998388,1948.277394,1947.620077,0,served
2209,1945.277647,1952.322514,1948.078618,1,served
2210,1945.277647,1949.140446,1948.094484,2,served
2211,1946.793017,1950.809230,1948.277394,0,served
2212,1948.001852,1951.417431,1949.140446,2,served
2213,1948.001852,1954.174787,1950.809230,0,served
2214,1951.916410,1955.317999,1951.916410,2,served
2215,1952.399606,1966.475975,1952.399606,1,served
2216,1952.524539,1954.456291,1954.174787,0,served
2217,1953.820250,1956.530257,1954.456291,0,served
2218,1955.915874,1956.932503,1955.915874,2,served
2219,1956.948106,1958.613517,1956.948106,0,served
2220,1956.948106,1958.135009,1956.948106,2,served
2221,1957.260720,1965.015622,1958.135009,2,served
2222,1957.260720,1960.072698,1958.613517,0,served
2223,1957.260720,1961.167180,1960.072698,0,served
2224,1959.233669,1967.282012,1961.167180,0,served
2225,1959.233669,1965.500497,1965.015622,2,served
2226,1961.764687,1974.129751,1965.500497,2,served
2227,1962.042849,1967.338505,1966.475975,1,served
2228,1962.134017,1968.033105,1967.282012,0,served
2229,1962.134017,1968.634832,1967.338505,1,served
2230,1962.134017,1970.631492,1968.033105,0,served
2231,1962.564383,1969.148978,1968.634832,1,served
2232,1963.767678,1969.676328,1969.148978,1,served
2233,1964.916211,1970.451606,1969.676328,1,served
2234,1965.394503,1974.588978,1970.451606,1,served
2235,1965.394503,1972.409240,1970.631492,0,served
2236,1965.394503,1974.251535,1972.409240,0,served
2237,1966.636837,1975.009547,1974.129751,2,served
2238,1966.794765,1980.533243,1974.251535,0,served
2239,1967.270230,1982.835428,1974.588978,1,served
2240,1967.270230,1976.078114,1975.009547,2,served
2241,1968.250724,1976.514186,1976.078114,2,served
2242,1968.250724,1977.683426,1976.514186,2,served
2243,1968.431058,1981.652643,1977.683426,2,served
2244,1968.431058,1982.300553,1980.533243,0,served
2245,1969.547932,1982.332601,1981.652643,2,served
2246,1969.547932,1983.516605,1982.300553,0,served
2247,1969.547932,1983.315366,1982.332601,2,served
2248,1973.584827,1982.931596,1982.835428,1,served
2249,1974.310054,1983.671927,1982.931596,1,served
2250,1974.310054,1992.304853,1983.315366,2,served
2251,1976.619914,1984.607672,1983.516605,0,served
2252,1977.089831,1988.178601,1983.671927,1,served
2253,1977.089831,1985.342816,1984.607672,0,served
2254,1978.044214,1986.410369,1985.342816,0,served
2255,1978.575524,1986.886284,1986.410369,0,served
2256,1978.575524,1990.813329,1986.886284,0,served
2257,1978.575524,1994.179030,1988.178601,1,served
2258,1979.460402,1992.537160,1990.813329,0,served
2259,1979.460402,1993.069406,1992.304853,2,served
2260,1979.460402,1997.168180,1992.537160,0,served
2261,1979.460402,1995.747819,1993.069406,2,served
2262,1979.460402,1995.059684,1994.179030,1,served
2263,1979.460402,1998.963943,1995.059684,1,served
2264,1979.460402,1997.636607,1995.747819,2,served
2265,1982.036721,1997.844030,1997.168180,0,served
2266,1982.675972,2001.083040,1997.636607,2,served
2267,1982.675972,2004.820365,1997.844030,0,served
2268,1985.594763,1999.411446,1998.963943,1,served
2269,1985.594763,2000.656971,1999.411446,1,served
2270,1985.594763,2001.015945,2000.656971,1,served
2271,1988.556449,2002.846488,2001.015945,1,served
2272,1988.556449,2001.291559,2001.083040,2,served
2273,1989.287567,2003.113782,2001.291559,2,served
2274,1989.632477,2004.917782,2002.846488,1,served
2275,1991.536429,2003.665460,2003.113782,2,served
2276,1991.536429,2005.552284,2003.665460,2,served
2277,1991.536429,2005.062279,2004.820365,0,served
2278,1991.536429,2006.192226,2004.917782,1,served
2279,1993.071442,2005.302932,2005.062279,0,served
2280,1993.972292,2011.065627,2005.302932,0,served
2281,1993.972292,2005.802314,2005.552284,2,served
2282,1996.394875,2007.635749,2005.802314,2,served
2283,1998.013850,2007.520827,2006.192226,1,served
2284,1998.013850,2012.134832,2007.520827,1,served
2285,1998.403738,2010.246630,2007.635749,2,served
2286,2000.287745,2013.698398,2010.246630,2,served
2287,2001.523233,2011.176864,2011.065627,0,served
2288,2001.523233,2011.812973,2011.176864,0,served
2289,2001.931427,2014.090817,2011.812973,0,served
2290,2001.931427,2013.929626,2012.134832,1,served
2291,2001.931427,2017.319133,2013.698398,2,served
2292,2001.931427,2022.024271,2013.929626,1,served
2293,2002.174597,2015.370022,2014.090817,0,served
2294,2006.548419,2016.357967,2015.370022,0,served
2295,2006.548419,2018.819701,2016.357967,0,served
2296,2006.548419,2025.893824,2017.319133,2,served
2297,2006.548419,2023.879849,2018.819701,0,served
2298,2006.548419,2031.287672,2022.024271,1,served
2299,2009.250549,2024.518170,2023.879849,0,served
2300,2009.250549,2026.344474,2024.518170,0,served
2301,2009.688717,2032.969462,2025.893824,2,served
2302,2009.688717,2027.367568,2026.344474,0,served
2303,2009.688717,2028.514234,2027.367568,0,served
2304,2011.371251,2029.411031,2028.514234,0,served
2305,2011.371251,2029.540835,2029.411031,0,served
2306,2012.730866,2030.439725,2029.540835,0,served
2307,2012.928675,2030.646137,2030.439725,0,served
2308,2012.928675,2031.101235,2030.646137,0,served
2309,2013.310203,2031.774349,2031.101235,0,served
2310,2016.162443,2038.240880,2031.287672,1,served
2311,2018.421136,2032.042902,2031.774349,0,served
2312,2020.943005,2034.580507,2032.042902,0,served
2313,2022.181149,2037.478880,2032.969462,2,served
2314,2022.181149,2034.797187,2034.580507,0,served
2315,2024.149648,2037.914687,2034.797187,0,served
2316,2028.283408,2037.975882,2037.478880,2,served
2317,2028.283408,2037.945767,2037.914687,0,served
2318,2028.283408,2038.645305,2037.945767,0,served
2319,2028.633285,2041.952513,2037.975882,2,served
2320,2028.633285,2039.439571,2038.240880,1,served
2321,2031.255831,2041.114155,2038.645305,0,served
2322,2031.255831,2042.928977,2039.439571,1,served
2323,2031.255831,2042.599260,2041.114155,0,served
2324,2031.536700,2045.822950,2041.952513,2,served
2325,2037.690592,2045.765479,2042.599260,0,served
2326,2037.690592,2042.946596,2042.928977,1,served
2327,2038.613402,2047.104334,2042.946596,1,served
2328,2039.415954,2046.063610,2045.765479,0,served
2329,2042.073851,2046.246077,2045.822950,2,served
2330,2042.073851,2046.168082,2046.063610,0,served
2331,2042.073851,2046.908904,2046.168082,0,served
2332,2044.128692,2046.321127,2046.246077,2,served
2333,2050.154296,2050.791731,2050.154296,0,served
2334,2050.154296,2052.533974,2050.154296,1,served
2335,2051.287206,2051.710117,2051.287206,0,served
2336,2051.287206,2054.659559,2051.287206,2,served
2337,2051.287206,2052.810944,2051.710117,0,served
2338,2052.488263,2054.023797,2052.533974,1,served
2339,2052.488263,2053.414980,2052.810944,0,served
2340,2052.488263,2054.584697,2053.414980,0,served
2341,2052.488263,2057.870102,2054.023797,1,served
2342,2053.121975,2057.287458,2054.584697,0,served
2343,2055.694434,2057.242644,2055.694434,2,served
2344,2062.435544,2062.623320,2062.435544,0,served
2345,2062.435544,2070.772265,2062.435544,1,served
2346,2062.435544,2063.722362,2062.435544,2,served
2347,2062.435544,2066.324089,2062.623320,0,served
2348,2062.435544,2069.440603,2063.722362,2,served
2349,2064.590152,2066.955223,2066.324089,0,served
2350,2065.000602,2069.438591,2066.955223,0,served
2351,2065.000602,2070.979716,2069.438591,0,served
2352,2065.217123,2070.809535,2069.440603,2,served
2353,2066.289591,2073.691293,2070.772265,1,served
2354,2070.583429,2073.457271,2070.809535,2,served
2355,2070.583429,2073.198670,2070.979716,0,served
2356,2070.583429,2074.323235,2073.198670,0,served
2357,2070.583429,2074.063810,2073.457271,2,served
2358,2070.745294,2079.106546,2073.691293,1,served
2359,2073.816285,2075.018815,2074.063810,2,served
2360,2073.816285,2075.015251,2074.323235,0,served
2361,2073.816285,2075.341857,2075.015251,0,served
2362,2076.498236,2077.878721,2076.498236,0,served
2363,2076.498236,2081.976483,2076.498236,2,served
2364,2076.498236,2079.508159,2077.878721,0,served
2365,2078.068835,2082.183624,2079.106546,1,served
2366,2078.344669,2084.852705,2079.508159,0,served
2367,2078.613227,2084.327868,2081.976483,2,served
2368,2079.768145,2084.697374,2082.183624,1,served
2369,2079.768145,2084.845930,2084.327868,2,served
2370,2080.596589,2085.820046,2084.697374,1,served
2371,2080.596589,2087.881847,2084.845930,2,served
2372,2080.596589,2087.352807,2084.852705,0,served
2373,2083.048641,2087.001329,2085.820046,1,served
2374,2084.375132,2088.669505,2087.001329,1,served
2375,2084.375132,2087.827349,2087.352807,0,served
2376,2084.375132,2088.533957,2087.827349,0,served
2377,2084.375132,2088.501087,2087.881847,2,served
2378,2084.375132,2089.063596,2088.501087,2,served
2379,2084.375132,2091.102110,2088.533957,0,served
2380,2087.941719,2090.099550,2088.669505,1,served
2381,2088.218862,2093.383460,2089.063596,2,served
2382,2089.823604,2094.535343,2090.099550,1,served
2383,2089.823604,2091.219716,2091.102110,0,served
2384,2090.182442,2092.838085,2091.219716,0,served
2385,2090.182442,2094.826891,2092.838085,0,served
2386,2090.574149,2093.734896,2093.383460,2,served
2387,2090.574149,2093.758173,2093.734896,2,served
2388,2091.208794,2095.089214,2093.758173,2,served
2389,2092.471599,2094.904291,2094.535343,1,served
2390,2097.925197,2099.209972,2097.925197,0,served
2391,2097.925197,2102.929548,2097.925197,1,served
2392,2097.925197,2100.163280,2097.925197,2,served
2393,2099.095561,2104.427827,2099.209972,0,served
2394,2100.221120,2101.123014,2100.221120,2,served
2395,2100.221120,2110.050039,2101.123014,2,served
2396,2100.256404,2102.997922,2102.929548,1,served
2397,2100.256404,2106.025286,2102.997922,1,served
2398,2101.854130,2106.831002,2104.427827,0,served
2399,2101.854130,2108.231442,2106.025286,1,served
2400,2107.366407,2109.978473,2107.366407,0,served
2401,2109.214040,2110.477862,2109.214040,1,served
2402,2109.214040,2110.353963,2109.978473,0,served
2403,2109.214040,2110.187867,2110.050039,2,served
2404,2111.393553,2111.765954,2111.393553,0,served
2405,2113.207984,2114.981829,2113.207984,0,served
2406,2113.207984,2114.522121,2113.207984,1,served
2407,2113.207984,2115.487615,2113.207984,2,served
2408,2113.207984,2115.294519,2114.522121,1,served
2409,2113.207984,2115.788683,2114.981829,0,served
2410,2113.675278,2116.714989,2115.294519,1,served
2411,2114.622905,2115.912035,2115.487615,2,served
2412,2114.622905,2119.876922,2115.788683,0,served
2413,2115.309443,2116.980075,2115.912035,2,served
2414,2120.102638,2120.275188,2120.102638,0,served
2415,2120.102638,2121.030451,2120.102638,1,served
2416,2120.275783,2120.664639,2120.275783,0,served
2417,2120.275783,2122.394538,2120.275783,2,served
2418,2120.275783,2121.455828,2120.664639,0,served
2419,2120.275783,2121.946849,2121.030451,1,served
2420,2120.275783,2122.778806,2121.455828,0,served
2421,2122.538918,2123.432070,2122.538918,1,served
2422,2122.538918,2125.905353,2122.538918,2,served
2423,2122.538918,2123.518022,2122.778806,0,served
2424,2125.266142,2125.863117,2125.266142,0,served
2425,2125.771755,2131.137120,2125.771755,1,served
2426,2125.915535,2129.154327,2125.915535,0,served
2427,2129.059588,2132.714969,2129.059588,2,served
2428,2131.610156,2131.649099,2131.610156,0,served
2429,2131.610156,2136.297417,2131.610156,1,served
2430,2132.515272,2133.455894,2132.515272,0,served
2431,2132.515272,2133.821919,2132.714969,2,served
2432,2133.105127,2136.244370,2133.455894,0,served
2433,2136.235085,2138.981065,2136.235085,2,served
2434,2136.960189,2137.298163,2136.960189,0,served
2435,2136.960189,2137.172960,2136.960189,1,served
2436,2136.960189,2139.822477,2137.172960,1,served
2437,2136.960189,2137.363676,2137.298163,0,served
2438,2139.556710,2142.645732,2139.556710,0,served
2439,2149.138733,2152.748792,2149.138733,0,served
2440,2149.138733,2154.307227,2149.138733,1,served
2441,2149.138733,2149.801526,2149.138733,2,served
2442,2153.480434,2154.394216,2153.480434,0,served
2443,2153.480434,2154.543568,2153.480434,2,served
2444,2153.480434,2154.516304,2154.307227,1,served
2445,2153.782655,2154.549264,2154.394216,0,served
2446,2154.015859,2159.064783,2154.516304,1,served
2447,2154.239602,2155.688082,2154.543568,2,served
2448,2154.239602,2154.981692,2154.549264,0,served
2449,2154.239602,2158.000671,2154.981692,0,served
2450,2158.943746,2160.589696,2158.943746,0,served
2451,2158.943746,2161.855861,2158.943746,2,served
2452,2158.943746,2163.172414,2159.064783,1,served
2453,2158.943746,2161.609098,2160.589696,0,served
2454,2158.943746,2163.351512,2161.609098,0,served
2455,2158.943746,2162.044207,2161.855861,2,served
2456,2159.246175,2162.070190,2162.044207,2,served
2457,2160.410237,2165.806652,2162.070190,2,served
2458,2160.410237,2171.973598,2163.172414,1,served
2459,2161.017078,2165.790722,2163.351512,0,served
2460,2161.017078,2165.861922,2165.790722,0,served
2461,2161.549826,2167.812334,2165.806652,2,served
2462,2161.549826,2166.406550,2165.861922,0,served
2463,2161.549826,2166.582852,2166.406550,0,served
2464,2161.549826,2166.892707,2166.582852,0,served
2465,2161.549826,2167.364652,2166.892707,0,served
2466,2163.892776,2167.663212,2167.364652,0,served
2467,2163.892776,2168.014958,2167.663212,0,served
2468,2163.892776,2168.170400,2167.812334,2,served
2469,2166.167976,2168.489271,2168.014958,0,served
2470,2166.167976,2169.741434,2168.170400,2,served
2471,2167.368008,2168.903916,2168.489271,0,served
2472,2168.864159,2171.839293,2168.903916,0,served
2473,2169.487838,2170.357013,2169.741434,2,served
2474,2169.487838,2170.480483,2170.357013,2,served
2475,2169.976608,2172.896373,2170.480483,2,served
2476,2172.947790,2173.638872,2172.947790,0,served
2477,2172.947790,2177.733126,2172.947790,1,served
2478,2172.947790,2173.148683,2172.947790,2,served
2479,2172.947790,2179.557444,2173.148683,2,served
2480,2174.156935,2174.158976,2174.156935,0,served
2481,2178.780975,2179.066407,2178.780975,0,served
2482,2178.885446,2180.170555,2178.885446,1,served
2483,2181.735436,2181.784464,2181.735436,0,served
2484,2181.735436,2189.271829,2181.735436,1,served
2485,2181.735436,2182.106825,2181.735436,2,served
2486,2181.735436,2182.187648,2181.784464,0,served
2487,2181.735436,2187.607324,2182.106825,2,served
2488,2182.076315,2183.831235,2182.187648,0,served
2489,2182.076315,2185.784492,2183.831235,0,served
2490,2182.076315,2186.536076,2185.784492,0,served
2491,2182.811243,2187.308105,2186.536076,0,served
2492,2182.811243,2187.931856,2187.308105,0,served
2493,2182.811243,2187.856041,2187.607324,2,served
2494,2182.811243,2188.165100,2187.856041,2,served
2495,2182.811243,2189.968650,2187.931856,0,served
2496,2182.876456,2191.267944,2188.165100,2,served
2497,2182.876456,2190.227558,2189.271829,1,served
2498,2182.876456,2192.284163,2189.968650,0,served
2499,2182.876456,2190.383877,2190.227558,1,served
2500,2183.927889,2194.424103,2190.383877,1,served
2501,2184.252455,2193.594678,2191.267944,2,served
2502,2184.252455,2193.811940,2192.284163,0,served
2503,2184.431342,2194.622432,2193.594678,2,served
2504,2187.497091,2193.823068,2193.811940,0,served
2505,2188.693391,2194.757338,2193.823068,0,served
2506,2191.672387,2194.640507,2194.424103,1,served
2507,2192.517539,2196.851907,2194.622432,2,served
2508,2194.326009,2195.671828,2194.640507,1,served
2509,2194.326009,2200.444490,2194.757338,0,served
2510,2194.326009,2198.730684,2195.671828,1,served
2511,2194.860604,2197.176847,2196.851907,2,served
2512,2194.860604,2198.252116,2197.176847,2,served
2513,2194.860604,2202.768120,2198.252116,2,served
2514,2196.652971,2203.957269,2198.730684,1,served
2515,2196.681520,2201.279636,2200.444490,0,served
2516,2198.352376,2201.791876,2201.279636,0,served
2517,2198.352376,2202.235266,2201.791876,0,served
2518,2198.558972,2203.100899,2202.235266,0,served
2519,2199.051930,2210.785291,2202.768120,2,served
2520,2199.051930,2203.717805,2203.100899,0,served
2521,2200.003996,2209.269423,2203.717805,0,served
2522,2200.003996,2204.540811,2203.957269,1,served
2523,2207.974319,2214.772117,2207.974319,1,served
2524,2207.974319,2209.938456,2209.269423,0,served
2525,2207.974319,2212.271854,2209.938456,0,served
2526,2210.573772,2211.373613,2210.785291,2,served
2527,2210.573772,2212.620997,2211.373613,2,served
2528,2212.212259,2212.465863,2212.271854,0,served
2529,2218.276042,2219.038273,2218.276042,0,served
2530,2220.207115,2220.654896,2220.207115,0,served
2531,2220.533120,2220.815801,2220.533120,1,served
2532,2220.533120,2220.641385,2220.533120,2,served
2533,2224.254592,2224.383575,2224.254592,0,served
2534,2225.855883,2226.656176,2225.855883,0,served
2535,2226.819147,2227.788724,2226.819147,0,served
2536,2226.819147,2231.421277,2226.819147,1,served
2537,2228.351374,2229.623519,2228.351374,0,served
2538,2231.152067,2231.177636,2231.152067,0,served
2539,2236.011876,2237.945865,2236.011876,0,served
2540,2236.011876,2237.586342,2236.011876,1,served
2541,2239.093654,2239.489942,2239.093654,0,served
2542,2242.680918,2245.382770,2242.680918,0,served
2543,2243.318690,2246.303366,2243.318690,1,served
2544,2243.318690,2243.804945,2243.318690,2,served
2545,2244.857290,2247.214167,2244.857290,2,served
2546,2244.857290,2245.606211,2245.382770,0,served
2547,2244.857290,2246.010424,2245.606211,0,served
2548,2244.857290,2247.410344,2246.010424,0,served
2549,2244.857290,2247.612514,2246.303366,1,served
2550,2244.857290,2253.702185,2247.214167,2,served
2551,2244.857290,2248.871601,2247.410344,0,served
2552,2244.973488,2249.438773,2247.612514,1,served
2553,2246.767165,2252.844266,2248.871601,0,served
2554,2247.360019,2262.446072,2249.438773,1,served
2555,2247.949320,2253.966950,2252.844266,0,served
2556,2247.949320,2262.934880,2253.702185,2,served
2557,2247.949320,2254.680442,2253.966950,0,served
2558,2254.161118,2256.757926,2254.680442,0,served
2559,2254.161118,2258.715516,2256.757926,0,served
2560,2258.486896,2259.383187,2258.715516,0,served
2561,2258.486896,2263.743641,2259.383187,0,served
2562,2258.486896,2267.013656,2262.446072,1,served
2563,2259.622077,2265.079117,2262.934880,2,served
2564,2259.622077,2263.915045,2263.743641,0,served
2565,2259.622077,2266.403479,2263.915045,0,served
2566,2259.622077,2265.904216,2265.079117,2,served
2567,2259.622077,2266.321852,2265.904216,2,served
2568,2260.470920,2266.409535,2266.321852,2,served
2569,2260.470920,2267.014230,2266.403479,0,served
2570,2261.015381,2274.238902,2266.409535,2,served
2571,2261.067677,2269.594424,2267.013656,1,served
2572,2261.067677,2268.458386,2267.014230,0,served
2573,2261.067677,2268.585151,2268.458386,0,served
2574,2263.643547,2271.645470,2268.585151,0,served
2575,2263.859796,2272.250724,2269.594424,1,served
2576,2264.591941,2272.173468,2271.645470,0,served
2577,2264.591941,2276.576072,2272.173468,0,served
2578,2264.591941,2275.625729,2272.250724,1,served
2579,2266.266518,2274.357461,2274.238902,2,served
2580,2266.396053,2279.544401,2274.357461,2,served
2581,2268.834609,2283.482160,2275.625729,1,served
2582,2268.834609,2283.365070,2276.576072,0,served
2583,2270.879172,2281.446499,2279.544401,2,served
2584,2274.231332,2281.460502,2281.446499,2,served
2585,2274.589256,2295.846955,2281.460502,2,served
2586,2275.347986,2284.237870,2283.365070,0,served
2587,2275.347986,2287.059789,2283.482160,1,served
2588,2275.347986,2284.374428,2284.237870,0,served
2589,2275.486522,2285.721042,2284.374428,0,served
2590,2275.795668,2286.442870,2285.721042,0,served
2591,2275.795668,2288.086464,2286.442870,0,served
2592,2275.977645,2291.274198,2287.059789,1,served
2593,2275.977645,2290.170759,2288.086464,0,served
2594,2276.808073,2291.214514,2290.170759,0,served
2595,2276.808073,2292.017424,2291.214514,0,served
2596,2278.957747,2291.363919,2291.274198,1,served
2597,2279.321530,2291.753887,2291.363919,1,served
2598,2279.321530,2295.230522,2291.753887,1,served
2599,2279.321530,2292.856741,2292.017424,0,served
2600,2279.321530,2294.517814,2292.856741,0,served
2601,2279.321530,2294.625016,2294.517814,0,served
2602,2279.321530,2296.788173,2294.625016,0,served
2603,2279.508801,2300.656783,2295.230522,1,served
2604,2280.021764,2297.103176,2295.846955,2,served
2605,2280.956483,2297.690713,2296.788173,0,served
2606,2280.956483,2297.703070,2297.103176,2,served
2607,2287.094200,2299.738290,2297.690713,0,served
2608,2287.094200,2299.819554,2297.703070,2,served
2609,2292.482563,2305.768208,2299.738290,0,served
2610,2293.021162,2300.312518,2299.819554,2,served
2611,2293.177825,2300.776749,2300.312518,2,served
2612,2293.177825,2307.831463,2300.656783,1,served
2613,2293.177825,2301.760007,2300.776749,2,served
2614,2294.524791,2302.210431,2301.760007,2,served
2615,2294.524791,2302.881078,2302.210431,2,served
2616,2295.898181,2306.580528,2302.881078,2,served
2617,2297.690446,2313.462428,2305.768208,0,served
2618,2297.690446,2308.976315,2306.580528,2,served
2619,2299.674214,2309.060048,2307.831463,1,served
2620,2300.295573,2312.338808,2308.976315,2,served
2621,2300.295573,2309.224580,2309.060048,1,served
2622,2304.635142,2310.211429,2309.224580,1,served
2623,2304.635142,2311.484811,2310.211429,1,served
2624,2305.584247,2317.477827,2311.484811,1,served
2625,2305.856282,2313.183554,2312.338808,2,served
2626,2305.856282,2315.188062,2313.183554,2,served
2627,2305.856282,2320.553662,2313.462428,0,served
2628,2305.962662,2317.726633,2315.188062,2,served
2629,2307.744435,2324.273579,2317.477827,1,served
2630,2308.040883,2318.294824,2317.726633,2,served
2631,2308.040883,2324.517116,2318.294824,2,served
2632,2311.401418,2322.286627,2320.553662,0,served
2633,2311.401418,2323.860682,2322.286627,0,served
2634,2311.401418,2326.335618,2323.860682,0,served
2635,2311.401418,2327.691660,2324.273579,1,served
2636,2311.884843,2327.272625,2324.517116,2,served
2637,2312.155836,2326.529831,2326.335618,0,served
2638,2312.155836,2326.689281,2326.529831,0,served
2639,2312.155836,2328.777630,2326.689281,0,served
2640,2312.155836,2328.573971,2327.272625,2,served
2641,2312.155836,2331.178447,2327.691660,1,served
2642,2313.298325,2332.332132,2328.573971,2,served
2643,2313.853062,2331.347851,2328.777630,0,served
2644,2313.930811,2332.404429,2331.178447,1,served
2645,2317.075366,2332.471351,2331.347851,0,served
2646,2317.198290,2341.414286,2332.332132,2,served
2647,2317.198290,2333.116248,2332.404429,1,served
2648,2317.596871,2332.740179,2332.471351,0,served
2649,2318.391977,2334.156590,2332.740179,0,served
2650,2319.355577,2335.342267,2333.116248,1,served
2651,2319.355577,2335.464554,2334.156590,0,served
2652,2319.661704,2335.539894,2335.342267,1,served
2653,2319.661704,2342.584506,2335.464554,0,served
2654,2319.751674,2340.422938,2335.539894,1,served
2655,2320.829166,2340.483269,2340.422938,1,served
2656,2320.829166,2347.389579,2340.483269,1,served
2657,2320.829166,2342.344762,2341.414286,2,served
2658,2320.829166,2345.422654,2342.344762,2,served
2659,2320.829166,2343.609039,2342.584506,0,served
2660,2323.751912,2344.957124,2343.609039,0,served
2661,2324.414390,2345.185373,2344.957124,0,served
2662,2324.414390,2353.584731,2345.185373,0,served
2663,2324.414390,2349.369121,2345.422654,2,served
2664,2325.877731,2348.664765,2347.389579,1,served
2665,2326.260191,2353.603671,2348.664765,1,served
2666,2326.260191,2349.426622,2349.369121,2,served
2667,2327.508042,2355.859555,2349.426622,2,served
2668,2330.058634,2356.068714,2353.584731,0,served
2669,2331.431100,2363.626724,2353.603671,1,served
2670,2331.431100,2357.113785,2355.859555,2,served
2671,2332.021562,2359.936574,2356.068714,0,served
2672,2332.844680,2357.301345,2357.113785,2,served
2673,2332.868342,2359.888118,2357.301345,2,served
2674,2335.624278,2361.333617,2359.888118,2,served
2675,2339.645724,2360.453499,2359.936574,0,served
2676,2339.645724,2362.657370,2360.453499,0,served
2677,2339.645724,2362.077091,2361.333617,2,served
2678,2340.202380,2363.167508,2362.077091,2,served
2679,2340.202380,2363.332418,2362.657370,0,served
2680,2340.202380,2363.601415,2363.167508,2,served
2681,2340.202380,2364.002958,2363.332418,0,served
2682,2340.202380,2371.355303,2363.601415,2,served
2683,2341.339803,2364.018658,2363.626724,1,served
2684,2341.339803,2367.250771,2364.002958,0,served
2685,2343.597299,2366.906112,2364.018658,1,served
2686,2345.333566,2370.126950,2366.906112,1,served
2687,2347.815013,2367.929844,2367.250771,0,served
2688,2348.322446,2369.071176,2367.929844,0,served
2689,2351.031733,2372.951393,2369.071176,0,served
2690,2351.031733,2373.397713,2370.126950,1,served
2691,2351.919842,2375.478601,2371.355303,2,served
2692,2353.675107,2373.394538,2372.951393,0,served
2693,2354.196661,2373.836391,2373.394538,0,served
2694,2356.306449,2374.892875,2373.397713,1,served
2695,2356.306449,2375.198843,2373.836391,0,served
2696,2358.891914,2376.248309,2374.892875,1,served
2697,2358.891914,2376.639674,2375.198843,0,served
2698,2359.776097,2379.152063,2375.478601,2,served
2699,2360.228404,2376.860552,2376.248309,1,served
2700,2363.735060,2378.709304,2376.639674,0,served
2701,2366.267259,2381.888032,2376.860552,1,served
2702,2366.267259,2379.942584,2378.709304,0,served
2703,2366.267259,2388.967755,2379.152063,2,served
2704,2366.267259,2380.107796,2379.942584,0,served
2705,2367.737345,2380.228195,2380.107796,0,served
2706,2367.737345,2382.435598,2380.228195,0,served
2707,2368.157649,2385.638400,2381.888032,1,served
2708,2369.799821,2383.589282,2382.435598,0,served
2709,2369.799821,2384.899833,2383.589282,0,served
2710,2370.208842,2387.996948,2384.899833,0,served
2711,2370.208842,2387.549749,2385.638400,1,served
2712,2370.666861,2387.846178,2387.549749,1,served
2713,2371.553120,2389.830561,2387.846178,1,served
2714,2371.553120,2389.876688,2387.996948,0,served
2715,2372.079101,2394.428118,2388.967755,2,served
2716,2372.079101,2390.408778,2389.830561,1,served
2717,2372.079101,2391.642651,2389.876688,0,served
2718,2372.079101,2393.866899,2390.408778,1,served
2719,2372.079101,2391.747368,2391.642651,0,served
2720,2372.079101,2398.226266,2391.747368,0,served
2721,2372.760636,2394.579659,2393.866899,1,served
2722,2372.829145,2395.601914,2394.428118,2,served
2723,2372.829145,2395.582546,2394.579659,1,served
2724,2377.192949,2397.422055,2395.582546,1,served
2725,2377.192949,2396.971287,2395.601914,2,served
2726,2377.943668,2402.663066,2396.971287,2,served
2727,2378.220232,2401.733245,2397.422055,1,served
2728,2378.928350,2400.048693,2398.226266,0,served
2729,2379.114367,2400.781453,2400.048693,0,served
2730,2381.310182,2402.377786,2400.781453,0,served
2731,2381.310182,2401.993216,2401.733245,1,served
2732,2381.310182,2402.929541,2401.993216,1,served
2733,2385.104684,2404.076259,2402.377786,0,served
2734,2385.104684,2405.514686,2402.663066,2,served
2735,2385.104684,2406.735629,2402.929541,1,served
2736,2385.104684,2405.852949,2404.076259,0,served
2737,2387.947543,2405.978999,2405.514686,2,served
2738,2390.372877,2406.567050,2405.852949,0,served
2739,2390.372877,2409.749472,2405.978999,2,served
2740,2390.372877,2406.797201,2406.567050,0,served
2741,2390.372877,2413.605229,2406.735629,1,served
2742,2390.372877,2406.845883,2406.797201,0,served
2743,2390.372877,2410.065169,2406.845883,0,served
2744,2390.372877,2416.974789,2409.749472,2,served
2745,2391.436682,2410.286087,2410.065169,0,served
2746,2394.604629,2411.191791,2410.286087,0,served
2747,2396.884200,2411.448975,2411.191791,0,served
2748,2396.884200,2412.770200,2411.448975,0,served
2749,2396.884200,2413.588140,2412.770200,0,served
2750,2396.884200,2417.480618,2413.588140,0,served
2751,2396.884200,2413.639561,2413.605229,1,served
2752,2396.884200,2414.213166,2413.639561,1,served
2753,2397.472079,2416.191446,2414.213166,1,served
2754,2397.472079,2417.470952,2416.191446,1,served
2755,2397.472079,2423.878737,2416.974789,2,served
2756,2397.472079,2421.731684,2417.470952,1,served
2757,2397.838061,2417.872189,2417.480618,0,served
2758,2397.933552,2419.227302,2417.872189,0,served
2759,2398.752928,2420.197575,2419.227302,0,served
2760,2398.752928,2421.251985,2420.197575,0,served
2761,2399.062528,2421.994281,2421.251985,0,served
2762,2399.062528,2422.206213,2421.731684,1,served
2763,2401.673762,2423.014842,2421.994281,0,served
2764,2401.673762,2422.672997,2422.206213,1,served
2765,2401.673762,2432.114734,2422.672997,1,served
2766,2403.943065,2423.786931,2423.014842,0,served
2767,2407.316849,2428.012550,2423.786931,0,served
2768,2407.564679,2423.970156,2423.878737,2,served
2769,2407.564679,2425.397041,2423.970156,2,served
2770,2407.648867,2434.220715,2425.397041,2,served
2771,2407.648867,2430.285244,2428.012550,0,served
2772,2407.648867,2432.408393,2430.285244,0,served
2773,2408.715810,2432.873454,2432.114734,1,served
2774,2408.715810,2435.218353,2432.408393,0,served
2775,2408.842036,2433.970053,2432.873454,1,served
2776,2409.032572,2435.928674,2433.970053,1,served
2777,2409.032572,2437.896368,2434.220715,2,served
2778,2409.959291,2436.368260,2435.218353,0,served
2779,2409.959291,2437.322481,2435.928674,1,served
2780,2414.298933,2436.556527,2436.368260,0,served
2781,2414.298933,2437.796666,2436.556527,0,served
2782,2414.298933,2438.680155,2437.322481,1,served
2783,2415.892280,2438.276024,2437.796666,0,served
2784,2415.892280,2441.218615,2437.896368,2,served
2785,2416.156739,2442.703701,2438.276024,0,served
2786,2416.342191,2439.911671,2438.680155,1,served
2787,2416.539312,2440.462089,2439.911671,1,served
2788,2416.931797,2441.186747,2440.462089,1,served
2789,2416.931797,2442.487624,2441.186747,1,served
2790,2416.931797,2446.365531,2441.218615,2,served
2791,2416.931797,2446.525264,2442.487624,1,served
2792,2416.931797,2443.740322,2442.703701,0,served
2793,2421.697762,2447.017443,2443.740322,0,served
2794,2423.862810,2453.849047,2446.365531,2,served
2795,2424.734723,2449.380730,2446.525264,1,served
2796,2424.734723,2447.402510,2447.017443,0,served
2797,2426.344850,2447.626202,2447.402510,0,served
2798,2426.344850,2448.421924,2447.626202,0,served
2799,2426.344850,2450.973469,2448.421924,0,served
2800,2427.130662,2453.228714,2449.380730,1,served
2801,2427.130662,2451.192443,2450.973469,0,served
2802,2427.130662,2455.798808,2451.192443,0,served
2803,2427.130662,2455.420462,2453.228714,1,served
2804,2427.130662,2455.005292,2453.849047,2,served
2805,2427.690485,2456.406273,2455.005292,2,served
2806,2427.690485,2455.467476,2455.420462,1,served
2807,2427.690485,2455.589642,2455.467476,1,served
2808,2427.690485,2456.003752,2455.589642,1,served
2809,2427.690485,2455.801475,2455.798808,0,served
2810,2427.690485,2458.587206,2455.801475,0,served
2811,2427.690485,2456.396387,2456.003752,1,served
2812,2429.060599,2457.210801,2456.396387,1,served
2813,2429.060599,2461.885481,2456.406273,2,served
2814,2429.060599,2457.957974,2457.210801,1,served
2815,2431.720420,2458.696009,2457.957974,1,served
2816,2432.081865,2460.645199,2458.587206,0,served
2817,2433.205483,2460.434543,2458.696009,1,served
2818,2433.342167,2460.563353,2460.434543,1,served
2819,2433.342167,2473.110856,2460.563353,1,served
2820,2435.633395,2463.185772,2460.645199,0,served
2821,2435.633395,2461.932536,2461.885481,2,served
2822,2436.767970,2462.226408,2461.932536,2,served
2823,2437.933850,2462.629930,2462.226408,2,served
2824,2437.933850,2463.776578,2462.629930,2,served
2825,2437.933850,2463.560304,2463.185772,0,served
2826,2437.933850,2463.581494,2463.560304,0,served
2827,2437.933850,2464.064391,2463.581494,0,served
2828,2437.933850,2465.326584,2463.776578,2,served
2829,2437.933850,2464.857616,2464.064391,0,served
2830,2437.933850,2465.029043,2464.857616,0,served
2831,2437.933850,2468.365483,2465.029043,0,served
2832,2438.261188,2465.911320,2465.326584,2,served
2833,2442.923716,2469.202115,2465.911320,2,served
2834,2442.923716,2469.833477,2468.365483,0,served
2835,2442.923716,2472.259937,2469.202115,2,served
2836,2444.515124,2470.596892,2469.833477,0,served
2837,2445.885573,2470.760492,2470.596892,0,served
2838,2445.885573,2474.857284,2470.760492,0,served
2839,2447.803852,2474.417833,2472.259937,2,served
2840,2447.803852,2475.565738,2473.110856,1,served
2841,2447.803852,2476.174414,2474.417833,2,served
2842,2447.803852,2475.678970,2474.857284,0,served
2843,2448.577228,2483.139559,2475.565738,1,served
2844,2449.223722,2481.114630,2475.678970,0,served
2845,2452.249133,2477.887798,2476.174414,2,served
2846,2455.566692,2478.730798,2477.887798,2,served
2847,2455.566692,2481.044423,2478.730798,2,served
2848,2455.566692,2484.040096,2481.044423,2,served
2849,2456.669191,2481.792938,2481.114630,0,served
2850,2460.079830,2481.908829,2481.792938,0,served
2851,2460.079830,2483.336830,2481.908829,0,served
2852,2460.079830,2484.979115,2483.139559,1,served
2853,2461.093185,2487.604110,2483.336830,0,served
2854,2462.639725,2486.326238,2484.040096,2,served
2855,2462.639725,2486.850183,2484.979115,1,served
2856,2462.639725,2487.640552,2486.326238,2,served
2857,2462.639725,2489.202712,2486.850183,1,served
2858,2463.525110,2488.299340,2487.604110,0,served
2859,2464.252055,2490.256903,2487.640552,2,served
2860,2464.429699,2490.489640,2488.299340,0,served
2861,2465.375635,2496.498448,2489.202712,1,served
2862,2468.999988,2497.001146,2490.256903,2,served
2863,2468.999988,2491.258849,2490.489640,0,served
2864,2471.248673,2491.837678,2491.258849,0,served
2865,2471.551278,2494.306538,2491.837678,0,served
2866,2471.551278,2502.340569,2494.306538,0,served
2867,2471.551278,2505.709908,2496.498448,1,served
2868,2475.727310,2498.581337,2497.001146,2,served
2869,2476.184405,2499.214165,2498.581337,2,served
2870,2476.184405,2500.499803,2499.214165,2,served
2871,2476.184405,2506.932305,2500.499803,2,served
2872,2476.184405,2503.070658,2502.340569,0,served
2873,2477.176441,2503.657326,2503.070658,0,served
2874,2477.176441,2504.776344,2503.657326,0,served
2875,2477.176441,2509.392257,2504.776344,0,served
2876,2477.469021,2505.754634,2505.709908,1,served
2877,2477.469021,2506.777384,2505.754634,1,served
2878,2478.623299,2508.325264,2506.777384,1,served
2879,2478.623299,2509.020470,2506.932305,2,served
2880,2479.892977,2514.814332,2508.325264,1,served
2881,2490.818889,2512.885102,2509.020470,2,served
2882,2492.967005,2509.880644,2509.392257,0,served
2883,2492.967005,2513.578437,2509.880644,0,served
2884,2492.967005,2515.609237,2512.885102,2,served
2885,2492.967005,2514.085388,2513.578437,0,served
2886,2493.204679,2515.614998,2514.085388,0,served
2887,2493.204679,2516.003576,2514.814332,1,served
2888,2493.204679,2515.853660,2515.609237,2,served
2889,2495.027896,2518.242483,2515.614998,0,served
2890,2496.688005,2522.131822,2515.853660,2,served
2891,2496.688005,2519.377786,2516.003576,1,served
2892,2497.455603,2518.494718,2518.242483,0,served
2893,2497.920170,2524.111916,2518.494718,0,served
2894,2498.328304,2519.836547,2519.377786,1,served
2895,2499.857317,2525.304198,2519.836547,1,served
2896,2501.091728,2522.216478,2522.131822,2,served
2897,2501.091728,2530.847360,2522.216478,2,served
2898,2501.091728,2525.791091,2524.111916,0,served
2899,2504.566210,2526.383397,2525.304198,1,served
2900,2504.566210,2526.348469,2525.791091,0,served
2901,2504.566210,2527.643522,2526.348469,0,served
2902,2504.566210,2526.674093,2526.383397,1,served
2903,2504.843522,2528.967118,2526.674093,1,served
2904,2505.354643,2527.750939,2527.643522,0,served
2905,2505.354643,2528.687580,2527.750939,0,served
2906,2505.721703,2528.746087,2528.687580,0,served
2907,2506.951492,2531.419057,2528.746087,0,served
2908,2506.951492,2531.800520,2528.967118,1,served
2909,2506.951492,2532.234876,2530.847360,2,served
2910,2507.653942,2532.160762,2531.419057,0,served
2911,2507.653942,2532.767281,2531.800520,1,served
2912,2507.653942,2532.161541,2532.160762,0,served
2913,2507.653942,2533.624054,2532.161541,0,served
2914,2507.751881,2532.414361,2532.234876,2,served
2915,2507.751881,2533.780696,2532.414361,2,served
2916,2508.664622,2534.686916,2532.767281,1,served
2917,2508.664622,2533.799106,2533.624054,0,served
2918,2511.708518,2537.615273,2533.780696,2,served
2919,2511.708518,2534.243169,2533.799106,0,served
2920,2514.220033,2534.784826,2534.243169,0,served
2921,2514.220033,2538.016703,2534.686916,1,served
2922,2514.285111,2536.590904,2534.784826,0,served
2923,2519.061512,2539.850163,2536.590904,0,served
2924,2519.061512,2543.665328,2537.615273,2,served
2925,2519.061512,2539.265685,2538.016703,1,served
2926,2519.062084,2544.075347,2539.265685,1,served
2927,2530.420542,2539.997500,2539.850163,0,served
2928,2530.420542,2544.494274,2539.997500,0,served
2929,2530.420542,2544.443736,2543.665328,2,served
2930,2538.121038,2552.408859,2544.075347,1,served
2931,2538.121038,2545.660408,2544.443736,2,served
2932,2538.121038,2545.506557,2544.494274,0,served
2933,2543.835115,2547.398801,2545.506557,0,served
2934,2543.835115,2557.015872,2545.660408,2,served
2935,2545.027169,2547.489038,2547.398801,0,served
2936,2545.027169,2549.582718,2547.489038,0,served
2937,2547.552356,2553.602957,2549.582718,0,served
2938,2547.619882,2557.201608,2552.408859,1,served
2939,2548.351138,2555.552306,2553.602957,0,served
2940,2548.912888,2558.742598,2555.552306,0,served
2941,2548.912888,2561.214115,2557.015872,2,served
2942,2551.190344,2559.324605,2557.201608,1,served
2943,2551.536866,2561.057309,2558.742598,0,served
2944,2551.536866,2562.024828,2559.324605,1,served
2945,2551.536866,2561.214457,2561.057309,0,served
2946,2551.536866,2563.269851,2561.214115,2,served
2947,2551.536866,2564.841049,2561.214457,0,served
2948,2551.536866,2563.489566,2562.024828,1,served
2949,2552.301593,2566.418204,2563.269851,2,served
2950,2552.873405,2565.979181,2563.489566,1,served
2951,2552.873405,2567.371671,2564.841049,0,served
2952,2553.036558,2571.507791,2565.979181,1,served
2953,2554.070807,2569.349126,2566.418204,2,served
2954,2557.873665,2569.151125,2567.371671,0,served
2955,2557.873665,2569.325771,2569.151125,0,served
2956,2557.873665,2569.945098,2569.325771,0,served
2957,2557.873665,2570.262645,2569.349126,2,served
2958,2559.541773,2570.485918,2569.945098,0,served
2959,2562.836083,2573.735952,2570.262645,2,served
2960,2562.836083,2571.292011,2570.485918,0,served
2961,2562.836083,2571.414511,2571.292011,0,served
2962,2563.636885,2572.591703,2571.414511,0,served
2963,2563.636885,2572.731209,2571.507791,1,served
2964,2565.455277,2574.805726,2572.591703,0,served
2965,2565.783779,2579.890313,2572.731209,1,served
2966,2567.129216,2574.726032,2573.735952,2,served
2967,2568.839945,2580.068985,2574.726032,2,served
2968,2568.839945,2574.906074,2574.805726,0,served
2969,2573.673667,2575.698170,2574.906074,0,served
2970,2573.673667,2575.896251,2575.698170,0,served
2971,2573.673667,2576.472931,2575.896251,0,served
2972,2573.673667,2578.057417,2576.472931,0,served
2973,2573.673667,2578.889721,2578.057417,0,served
2974,2577.799246,2581.347783,2578.889721,0,served
2975,2577.799246,2585.469733,2579.890313,1,served
2976,2578.827075,2580.308287,2580.068985,2,served
2977,2578.827075,2581.771423,2580.308287,2,served
2978,2578.827075,2582.849956,2581.347783,0,served
2979,2578.890020,2584.844573,2581.771423,2,served
2980,2578.890020,2585.715327,2582.849956,0,served
2981,2579.273849,2585.016315,2584.844573,2,served
2982,2584.050183,2586.366118,2585.016315,2,served
2983,2584.679777,2588.186861,2585.469733,1,served
2984,2584.679777,2585.956931,2585.715327,0,served
2985,2584.679777,2586.089949,2585.956931,0,served
2986,2585.566453,2589.442453,2586.089949,0,served
2987,2585.566453,2588.948594,2586.366118,2,served
2988,2585.566453,2588.710357,2588.186861,1,served
2989,2585.566453,2588.752488,2588.710357,1,served
2990,2588.636793,2590.168534,2588.752488,1,served
2991,2589.985407,2594.192240,2589.985407,0,served
2992,2589.985407,2595.174600,2589.985407,2,served
2993,2589.985407,2592.419512,2590.168534,1,served
2994,2592.037145,2594.394034,2592.419512,1,served
2995,2592.054594,2595.622525,2594.192240,0,served
2996,2592.054594,2597.413346,2594.394034,1,served
2997,2596.024164,2597.116510,2596.024164,0,served
2998,2597.827184,2601.471237,2597.827184,0,served
2999,2597.827184,2599.450116,2597.827184,1,served
3000,2597.981169,2599.664872,2597.981169,2,served
3001,2601.134612,2603.494120,2601.134612,1,served
3002,2601.795357,2602.151082,2601.795357,0,served
3003,2601.803341,2602.047197,2601.803341,2,served
3004,2603.575323,2603.836618,2603.575323,0,served
3005,2603.575323,2605.899165,2603.575323,1,served
3006,2604.351216,2605.682767,2604.351216,0,served
3007,2604.977248,2607.307188,2604.977248,2,served
3008,2605.824883,2607.068841,2605.824883,0,served
3009,2607.286389,2608.357870,2607.286389,0,served
3010,2607.384780,2608.520685,2607.384780,1,served
3011,2607.384780,2609.549687,2607.384780,2,served
3012,2610.110504,2610.120712,2610.110504,0,served
3013,2610.110504,2610.588163,2610.110504,1,served
3014,2610.110504,2619.449835,2610.110504,2,served
3015,2610.110504,2614.604914,2610.120712,0,served
3016,2610.110504,2611.569434,2610.588163,1,served
3017,2611.451678,2613.245043,2611.569434,1,served
3018,2611.456808,2616.676814,2613.245043,1,served
3019,2612.609840,2614.626502,2614.604914,0,served
3020,2612.609840,2615.788063,2614.626502,0,served
3021,2612.609840,2616.367443,2615.788063,0,served
3022,2612.609840,2616.588342,2616.367443,0,served
3023,2612.609840,2617.816224,2616.588342,0,served
3024,2612.609840,2618.254801,2616.676814,1,served
3025,2612.609840,2622.233947,2617.816224,0,served
3026,2612.609840,2627.143456,2618.254801,1,served
3027,2615.007696,2620.194491,2619.449835,2,served
3028,2615.007696,2621.558267,2620.194491,2,served
3029,2615.007696,2623.249094,2621.558267,2,served
3030,2618.531922,2622.814010,2622.233947,0,served
3031,2621.141591,2624.513375,2622.814010,0,served
3032,2621.788937,2624.578170,2623.249094,2,served
3033,2622.009074,2625.162894,2624.513375,0,served
3034,2622.009074,2626.385836,2624.578170,2,served
3035,2626.023681,2627.636518,2626.023681,0,served
3036,2626.023681,2629.279041,2626.385836,2,served
3037,2629.603595,2629.746110,2629.603595,0,served
3038,2632.380628,2636.385959,2632.380628,0,served
3039,2632.541452,2633.973356,2632.541452,1,served
3040,2634.828117,2635.400554,2634.828117,1,served
3041,2635.112611,2635.972922,2635.112611,2,served
3042,2635.636723,2637.215594,2635.636723,1,served
3043,2635.636723,2639.427660,2635.972922,2,served
3044,2635.636723,2638.093918,2636.385959,0,served
3045,2637.808297,2639.080225,2637.808297,1,served
3046,2637.810947,2640.446328,2638.093918,0,served
3047,2637.810947,2639.240758,2639.080225,1,served
3048,2637.810947,2644.103046,2639.240758,1,served
3049,2637.810947,2644.568313,2639.427660,2,served
3050,2637.810947,2643.896086,2640.446328,0,served
3051,2637.982032,2644.713970,2643.896086,0,served
3052,2637.982032,2646.129435,2644.103046,1,served
3053,2637.982032,2648.632590,2644.568313,2,served
3054,2638.247414,2646.132585,2644.713970,0,served
3055,2638.247414,2648.736400,2646.129435,1,served
3056,2639.271528,2647.818975,2646.132585,0,served
3057,2639.271528,2648.452298,2647.818975,0,served
3058,2641.165183,2651.539670,2648.452298,0,served
3059,2649.223438,2649.259019,2649.223438,1,served
3060,2650.384638,2651.932269,2650.384638,1,served
3061,2654.884977,2655.000865,2654.884977,0,served
3062,2656.061903,2658.695221,2656.061903,0,served
3063,2656.216687,2656.865234,2656.216687,1,served
3064,2656.216687,2657.621174,2656.216687,2,served
3065,2656.216687,2661.077015,2656.865234,1,served
3066,2657.581465,2657.684349,2657.621174,2,served
3067,2657.581465,2659.982300,2657.684349,2,served
3068,2659.005404,2659.359343,2659.005404,0,served
3069,2661.976715,2662.813249,2661.976715,0,served
3070,2661.976715,2662.232022,2661.976715,1,served
3071,2663.777657,2663.780565,2663.777657,0,served
3072,2663.777657,2664.933852,2663.777657,1,served
3073,2664.400458,2664.477135,2664.400458,0,served
3074,2666.555057,2667.498212,2666.555057,0,served
3075,2666.555057,2668.751963,2666.555057,1,served
3076,2666.555057,2670.327337,2666.555057,2,served
3077,2666.555057,2668.095133,2667.498212,0,served
3078,2666.555057,2671.696616,2668.095133,0,served
3079,2668.022390,2670.223167,2668.751963,1,served
3080,2670.054953,2670.712630,2670.223167,1,served
3081,2670.054953,2677.201523,2670.327337,2,served
3082,2670.054953,2675.495573,2670.712630,1,served
3083,2670.054953,2673.973906,2671.696616,0,served
3084,2671.758462,2676.009530,2673.973906,0,served
3085,2672.289852,2675.535603,2675.495573,1,served
3086,2672.289852,2680.793139,2675.535603,1,served
3087,2672.289852,2677.707876,2676.009530,0,served
3088,2672.524330,2681.427791,2677.201523,2,served
3089,2673.207323,2680.557760,2677.707876,0,served
3090,2673.207323,2680.800095,2680.557760,0,served
3091,2676.018629,2697.053793,2680.793139,1,served
3092,2676.444582,2684.566984,2680.800095,0,served
3093,2676.444582,2681.848063,2681.427791,2,served
3094,2676.444582,2683.056295,2681.848063,2,served
3095,2676.475492,2683.240332,2683.056295,2,served
3096,2676.678714,2685.080925,2683.240332,2,served
3097,2676.773131,2684.930116,2684.566984,0,served
3098,2678.181204,2685.552017,2684.930116,0,served
3099,2678.181204,2686.128666,2685.080925,2,served
3100,2678.181204,2685.782353,2685.552017,0,served
3101,2678.181204,2686.734529,2685.782353,0,served
3102,2678.181204,2687.025963,2686.128666,2,served
3103,2678.181204,2686.800391,2686.734529,0,served
3104,2678.181204,2691.152783,2686.800391,0,served
3105,2678.181204,2692.612809,2687.025963,2,served
3106,2678.181204,2692.911811,2691.152783,0,served
3107,2681.046939,2692.724412,2692.612809,2,served
3108,2684.881852,2693.050912,2692.724412,2,served
3109,2684.881852,2694.278202,2692.911811,0,served
3110,2685.552418,2693.969972,2693.050912,2,served
3111,2685.552418,2694.277059,2693.969972,2,served
3112,2687.918357,2696.917116,2694.277059,2,served
3113,2689.052243,2694.968546,2694.278202,0,served
3114,2689.052243,2694.983108,2694.968546,0,served
3115,2690.307700,2695.183282,2694.983108,0,served
3116,2690.307700,2695.917931,2695.183282,0,served
3117,2690.307700,2698.644331,2695.917931,0,served
3118,2690.307700,2697.162513,2696.917116,2,served
3119,2690.737867,2703.309709,2697.053793,1,served
3120,2690.737867,2697.404636,2697.162513,2,served
3121,2690.737867,2698.339433,2697.404636,2,served
3122,2691.143422,2700.462775,2698.339433,2,served
3123,2691.921054,2699.354105,2698.644331,0,served
3124,2691.921054,2700.192493,2699.354105,0,served
3125,2691.921054,2701.191301,2700.192493,0,served
3126,2691.921054,2702.990861,2700.462775,2,served
3127,2692.331998,2701.530590,2701.191301,0,served
3128,2693.201223,2701.642635,2701.530590,0,served
3129,2693.549516,2702.104540,2701.642635,0,served
3130,2697.036261,2704.556991,2702.104540,0,served
3131,2697.659874,2705.190234,2702.990861,2,served
3132,2697.659874,2713.597632,2703.309709,1,served
3133,2698.359354,2704.806135,2704.556991,0,served
3134,2699.072360,2705.901435,2704.806135,0,served
3135,2699.072360,2706.410379,2705.190234,2,served
3136,2699.072360,2708.957113,2705.901435,0,served
3137,2699.072360,2706.416258,2706.410379,2,served
3138,2699.453606,2708.230996,2706.416258,2,served
3139,2699.453606,2712.135423,2708.230996,2,served
3140,2699.453606,2710.324582,2708.957113,0,served
3141,2700.594602,2711.121355,2710.324582,0,served
3142,2702.023977,2711.469210,2711.121355,0,served
3143,2702.023977,2711.487645,2711.469210,0,served
3144,2706.057225,2712.732790,2711.487645,0,served
3145,2708.839070,2712.382078,2712.135423,2,served
3146,2708.839070,2713.963474,2712.382078,2,served
3147,2711.620314,2718.049087,2712.732790,0,served
3148,2711.987574,2716.276896,2713.597632,1,served
3149,2713.041356,2715.252334,2713.963474,2,served
3150,2713.041356,2717.142309,2715.252334,2,served
3151,2713.041356,2718.633524,2716.276896,1,served
3152,2713.890349,2720.570621,2717.142309,2,served
3153,2713.890349,2718.398818,2718.049087,0,served
3154,2713.890349,2719.093677,2718.398818,0,served
3155,2713.890349,2724.670964,2718.633524,1,served
3156,2713.890349,2719.392784,2719.093677,0,served
3157,2713.890349,2719.885387,2719.392784,0,served
3158,2715.401985,2723.196722,2719.885387,0,served
3159,2721.776833,2727.664704,2721.776833,2,served
3160,2721.776833,2723.280846,2723.196722,0,served
3161,2721.776833,2724.714391,2723.280846,0,served
3162,2724.355783,2724.715408,2724.670964,1,served
3163,2724.355783,2725.290804,2724.714391,0,served
3164,2724.406896,2728.060260,2724.715408,1,served
3165,2724.406896,2727.382214,2725.290804,0,served
3166,2724.406896,2727.742641,2727.382214,0,served
3167,2724.406896,2733.749244,2727.664704,2,served
3168,2724.519892,2730.530236,2727.742641,0,served
3169,2729.979819,2731.985708,2729.979819,1,served
3170,2729.979819,2730.752339,2730.530236,0,served
3171,2731.403474,2732.025333,2731.403474,0,served
3172,2731.403474,2735.277494,2731.985708,1,served
3173,2731.403474,2734.150852,2732.025333,0,served
3174,2731.403474,2742.025121,2733.749244,2,served
3175,2732.492031,2734.691861,2734.150852,0,served
3176,2732.670900,2735.080061,2734.691861,0,served
3177,2732.670900,2735.879112,2735.080061,0,served
3178,2733.097195,2737.379003,2735.277494,1,served
3179,2733.800347,2735.927759,2735.879112,0,served
3180,2734.778094,2739.452032,2735.927759,0,served
3181,2736.186615,2748.073322,2737.379003,1,served
3182,2736.484465,2740.533126,2739.452032,0,served
3183,2736.484465,2741.586369,2740.533126,0,served
3184,2736.613829,2745.213333,2741.586369,0,served
3185,2738.466034,2742.081972,2742.025121,2,served
3186,2738.466034,2743.986953,2742.081972,2,served
3187,2738.466034,2746.395931,2743.986953,2,served
3188,2739.152059,2745.535805,2745.213333,0,served
3189,2739.152059,2745.594454,2745.535805,0,served
3190,2739.152059,2750.428212,2745.594454,0,served
3191,2739.799022,2749.550031,2746.395931,2,served
3192,2739.799022,2751.329271,2748.073322,1,served
3193,2740.108662,2751.998999,2749.550031,2,served
3194,2741.474018,2751.397047,2750.428212,0,served
3195,2741.474018,2752.731496,2751.329271,1,served
3196,2742.014195,2755.817247,2751.397047,0,served
3197,2743.426662,2752.062673,2751.998999,2,served
3198,2744.134545,2755.384386,2752.062673,2,served
3199,2746.400970,2754.360824,2752.731496,1,served
3200,2748.180394,2756.710753,2754.360824,1,served
3201,2748.180394,2757.124893,2755.384386,2,served
3202,2748.948943,2758.410893,2755.817247,0,served
3203,2749.116117,2756.867817,2756.710753,1,served
3204,2749.470923,2756.915710,2756.867817,1,served
3205,2749.519443,2757.551283,2756.915710,1,served
3206,2751.992142,2762.051505,2757.124893,2,served
3207,2752.241994,2758.374879,2757.551283,1,served
3208,2752.241994,2759.994558,2758.374879,1,served
3209,2753.624669,2759.212428,2758.410893,0,served
3210,2753.653502,2762.473206,2759.212428,0,served
3211,2753.653502,2772.610748,2759.994558,1,served
3212,2757.441370,2765.666031,2762.051505,2,served
3213,2757.441370,2764.047705,2762.473206,0,served
3214,2757.441370,2765.184845,2764.047705,0,served
3215,2757.924992,2765.957485,2765.184845,0,served
3216,2757.924992,2765.742374,2765.666031,2,served
3217,2757.924992,2773.268590,2765.742374,2,served
3218,2757.924992,2766.279671,2765.957485,0,served
3219,2759.720762,2766.587485,2766.279671,0,served
3220,2760.299728,2767.628965,2766.587485,0,served
3221,2760.299728,2772.016042,2767.628965,0,served
3222,2760.299728,2772.221388,2772.016042,0,served
3223,2760.299728,2773.923713,2772.221388,0,served
3224,2760.809657,2774.703743,2772.610748,1,served
3225,2761.802689,2773.561342,2773.268590,2,served
3226,2763.947792,2773.732330,2773.561342,2,served
3227,2767.957713,2775.556527,2773.732330,2,served
3228,2768.973461,2774.077111,2773.923713,0,served
3229,2770.787387,2777.850191,2774.077111,0,served
3230,2776.067621,2784.914626,2776.067621,1,served
3231,2776.067621,2781.341706,2776.067621,2,served
3232,2777.907160,2778.682971,2777.907160,0,served
3233,2780.802287,2785.607363,2780.802287,0,served
3234,2780.802287,2782.810847,2781.341706,2,served
3235,2782.459389,2785.367378,2782.810847,2,served
3236,2782.766992,2785.127786,2784.914626,1,served
3237,2782.766992,2785.759869,2785.127786,1,served
3238,2784.305279,2789.341148,2785.367378,2,served
3239,2784.983213,2785.978193,2785.607363,0,served
3240,2787.159675,2788.991127,2787.159675,0,served
3241,2787.159675,2787.710563,2787.159675,1,served
3242,2787.159675,2790.743562,2787.710563,1,served
3243,2787.159675,2790.404756,2788.991127,0,served
3244,2790.051650,2797.312410,2790.051650,2,served
3245,2793.403146,2794.668389,2793.403146,0,served
3246,2793.403146,2797.512138,2793.403146,1,served
3247,2793.633980,2794.847531,2794.668389,0,served
3248,2796.006562,2796.143426,2796.006562,0,served
3249,2796.381832,2797.285744,2796.381832,0,served
3250,2798.474258,2799.603509,2798.474258,0,served
3251,2798.474258,2798.545281,2798.474258,1,served
3252,2799.823309,2801.611730,2799.823309,0,served
3253,2799.823309,2801.820315,2799.823309,1,served
3254,2799.823309,2800.152197,2799.823309,2,served
3255,2800.104361,2800.413902,2800.152197,2,served
3256,2800.647091,2804.456980,2800.647091,2,served
3257,2803.540763,2803.805701,2803.540763,0,served
3258,2804.064478,2804.346881,2804.064478,0,served
3259,2804.475893,2805.652799,2804.475893,0,served
3260,2805.223999,2806.073993,2805.223999,1,served
3261,2805.240166,2805.633017,2805.240166,2,served
3262,2805.240166,2808.504955,2805.633017,2,served
3263,2805.240166,2807.654273,2805.652799,0,served
3264,2810.225862,2813.017441,2810.225862,0,served
3265,2813.944401,2816.428653,2813.944401,0,served
3266,2814.781145,2819.368210,2814.781145,1,served
3267,2815.109135,2816.390397,2815.109135,2,served
3268,2816.296721,2816.581397,2816.390397,2,served
3269,2816.827850,2816.889589,2816.827850,0,served
3270,2816.827850,2817.060270,2816.827850,2,served
3271,2816.827850,2817.635896,2816.889589,0,served
3272,2817.817222,2819.411341,2817.817222,0,served
3273,2820.389972,2820.510284,2820.389972,0,served
3274,2820.725754,2820.859342,2820.725754,0,served
3275,2823.188477,2825.078647,2823.188477,0,served
3276,2823.188477,2824.778517,2823.188477,1,served
3277,2824.018791,2824.983753,2824.018791,2,served
3278,2824.018791,2827.333992,2824.778517,1,served
3279,2824.550265,2825.442782,2824.983753,2,served
3280,2824.550265,2825.389673,2825.078647,0,served
3281,2826.891523,2828.749523,2826.891523,0,served
3282,2832.347979,2832.350645,2832.347979,0,served
3283,2832.347979,2832.982942,2832.347979,1,served
3284,2832.347979,2833.290223,2832.347979,2,served
3285,2832.347979,2841.009600,2832.350645,0,served
3286,2832.347979,2833.790843,2832.982942,1,served
3287,2832.347979,2834.300355,2833.290223,2,served
3288,2832.347979,2834.446278,2833.790843,1,served
3289,2832.347979,2834.621351,2834.300355,2,served
3290,2832.347979,2835.686485,2834.446278,1,served
3291,2832.347979,2838.076759,2834.621351,2,served
3292,2832.879913,2837.385061,2835.686485,1,served
3293,2833.840084,2838.425627,2837.385061,1,served
3294,2835.788136,2839.778860,2838.076759,2,served
3295,2835.788136,2838.483160,2838.425627,1,served
3296,2835.788136,2847.575790,2838.483160,1,served
3297,2837.060518,2843.463137,2839.778860,2,served
3298,2837.060518,2844.583991,2841.009600,0,served
3299,2837.108226,2844.355604,2843.463137,2,served
3300,2837.230272,2847.200869,2844.355604,2,served
3301,2839.513833,2845.833852,2844.583991,0,served
3302,2839.696179,2846.348436,2845.833852,0,served
3303,2839.696179,2847.131686,2846.348436,0,served
3304,2839.696179,2849.434396,2847.131686,0,served
3305,2839.696179,2848.674506,2847.200869,2,served
3306,2840.289730,2848.176455,2847.575790,1,served
3307,2840.500882,2849.472382,2848.176455,1,served
3308,2840.500882,2850.843426,2848.674506,2,served
3309,2840.500882,2850.997495,2849.434396,0,served
3310,2841.359853,2855.468648,2849.472382,1,served
3311,2841.359853,2851.529522,2850.843426,2,served
3312,2842.569527,2851.718630,2850.997495,0,served
3313,2842.569527,2857.420719,2851.529522,2,served
3314,2842.569527,2853.329981,2851.718630,0,served
3315,2842.569527,2854.535421,2853.329981,0,served
3316,2842.628758,2855.459351,2854.535421,0,served
3317,2842.628758,2856.745020,2855.459351,0,served
3318,2844.426555,2856.301573,2855.468648,1,served
3319,2844.426555,2859.089946,2856.301573,1,served
3320,2844.621378,2859.536063,2856.745020,0,served
3321,2850.143292,2862.101967,2857.420719,2,served
3322,2850.711366,2860.145237,2859.089946,1,served
3323,2850.711366,2861.429127,2859.536063,0,served
3324,2851.255972,2862.393047,2860.145237,1,served
3325,2851.446208,2861.477923,2861.429127,0,served
3326,2852.792539,2862.558643,2861.477923,0,served
3327,2856.931697,2862.431635,2862.101967,2,served
3328,2857.007985,2863.862594,2862.393047,1,served
3329,2857.007985,2864.079726,2862.431635,2,served
3330,2857.784218,2864.465673,2862.558643,0,served
3331,2857.784218,2867.664690,2863.862594,1,served
3332,2857.784218,2864.687789,2864.079726,2,served
3333,2858.366552,2864.885994,2864.465673,0,served
3334,2861.201602,2867.753047,2864.687789,2,served
3335,2861.203060,2866.386367,2864.885994,0,served
3336,2861.203060,2867.549599,2866.386367,0,served
3337,2861.203060,2867.578677,2867.549599,0,served
3338,2861.203060,2869.136948,2867.578677,0,served
3339,2861.203060,2868.267687,2867.664690,1,served
3340,2862.178765,2870.184962,2867.753047,2,served
3341,2863.667205,2869.445984,2868.267687,1,served
3342,2864.732197,2870.190415,2869.136948,0,served
3343,2865.374816,2873.528973,2869.445984,1,served
3344,2866.474653,2870.575479,2870.184962,2,served
3345,2866.474653,2872.006770,2870.190415,0,served
3346,2866.474653,2873.013939,2870.575479,2,served
3347,2867.520118,2872.092567,2872.006770,0,served
3348,2868.730566,2872.508256,2872.092567,0,served
3349,2868.730566,2877.035130,2872.508256,0,served
3350,2868.730566,2876.075990,2873.013939,2,served
3351,2870.709777,2876.229404,2873.528973,1,served
3352,2870.709777,2878.751737,2876.075990,2,served
3353,2870.709777,2878.367653,2876.229404,1,served
3354,2870.819132,2879.284070,2877.035130,0,served
3355,2870.819132,2878.405284,2878.367653,1,served
3356,2870.819132,2881.451639,2878.405284,1,served
3357,2870.819132,2879.809895,2878.751737,2,served
3358,2870.819132,2881.384329,2879.284070,0,served
3359,2871.353742,2883.092904,2879.809895,2,served
3360,2873.524419,2882.198675,2881.384329,0,served
3361,2873.524419,2884.040730,2881.451639,1,served
3362,2873.524419,2883.936233,2882.198675,0,served
3363,2874.367962,2885.776182,2883.092904,2,served
3364,2874.367962,2885.304670,2883.936233,0,served
3365,2875.459713,2885.977328,2884.040730,1,served
3366,2880.787859,2886.062089,2885.304670,0,served
3367,2880.787859,2890.771815,2885.776182,2,served
3368,2880.787859,2890.101527,2885.977328,1,served
3369,2880.787859,2886.272589,2886.062089,0,served
3370,2880.797050,2886.880869,2886.272589,0,served
3371,2880.797050,2886.920191,2886.880869,0,served
3372,2880.797050,2891.022853,2886.920191,0,served
3373,2880.797050,2892.139405,2890.101527,1,served
3374,2880.797050,2890.940838,2890.771815,2,served
3375,2880.797050,2893.438478,2890.940838,2,served
3376,2881.287639,2891.469872,2891.022853,0,served
3377,2881.287639,2891.643694,2891.469872,0,served
3378,2881.287639,2892.104478,2891.643694,0,served
3379,2881.287639,2894.493028,2892.104478,0,served
3380,2881.422163,2896.117804,2892.139405,1,served
3381,2881.422163,2897.845758,2893.438478,2,served
3382,2882.242161,2894.959008,2894.493028,0,served
3383,2882.242161,2897.589731,2894.959008,0,served
3384,2885.284965,2896.185143,2896.117804,1,served
3385,2885.284965,2897.164225,2896.185143,1,served
3386,2885.284965,2900.591788,2897.164225,1,served
3387,2890.317630,2898.577694,2897.589731,0,served
3388,2890.317630,2903.676353,2897.845758,2,served
3389,2890.317630,2898.725860,2898.577694,0,served
3390,2896.354927,2899.897323,2898.725860,0,served
3391,2896.354927,2900.599343,2899.897323,0,served
3392,2896.354927,2905.001818,2900.591788,1,served
3393,2896.354927,2904.406241,2900.599343,0,served
3394,2896.753520,2904.590147,2903.676353,2,served
3395,2896.753520,2906.445539,2904.406241,0,served
3396,2899.552355,2905.063037,2904.590147,2,served
3397,2899.552355,2906.446545,2905.001818,1,served
3398,2901.011427,2905.346061,2905.063037,2,served
3399,2904.220934,2907.619254,2905.346061,2,served
3400,2904.220934,2908.936859,2906.445539,0,served
3401,2904.220934,2910.353665,2906.446545,1,served
3402,2905.726233,2908.139215,2907.619254,2,served
3403,2905.726233,2908.708360,2908.139215,2,served
3404,2905.726233,2909.442285,2908.708360,2,served
3405,2907.399905,2909.593090,2908.936859,0,served
3406,2907.399905,2910.559527,2909.442285,2,served
3407,2907.399905,2909.753181,2909.593090,0,served
3408,2907.399905,2914.140803,2909.753181,0,served
3409,2907.399905,2910.796558,2910.353665,1,served
3410,2907.399905,2914.478863,2910.559527,2,served
3411,2907.399905,2911.710335,2910.796558,1,served
3412,2908.452887,2915.626566,2911.710335,1,served
3413,2908.452887,2914.849232,2914.140803,0,served
3414,2908.557056,2914.823189,2914.478863,2,served
3415,2909.122672,2917.529140,2914.823189,2,served
3416,2910.408860,2914.924054,2914.849232,0,served
3417,2915.455181,2916.956243,2915.455181,0,served
3418,2915.455181,2918.473022,2915.626566,1,served
3419,2915.590164,2917.548482,2916.956243,0,served
3420,2916.376750,2917.822307,2917.529140,2,served
3421,2917.269325,2917.725229,2917.548482,0,served
3422,2917.269325,2918.685599,2917.725229,0,served
3423,2917.841989,2918.135115,2917.841989,2,served
3424,2917.841989,2919.187822,2918.135115,2,served
3425,2918.304351,2924.874503,2918.473022,1,served
3426,2918.304351,2919.840755,2918.685599,0,served
3427,2918.945670,2926.002259,2919.187822,2,served
3428,2919.083989,2921.113290,2919.840755,0,served
3429,2919.083989,2923.080058,2921.113290,0,served
3430,2923.883579,2925.114122,2923.883579,0,served
3431,2923.883579,2931.739028,2924.874503,1,served
3432,2923.883579,2926.532468,2925.114122,0,served
3433,2923.883579,2927.173897,2926.002259,2,served
3434,2926.035957,2926.807941,2926.532468,0,served
3435,2926.035957,2928.053477,2926.807941,0,served
3436,2926.035957,2927.640340,2927.173897,2,served
3437,2929.416792,2930.443749,2929.416792,0,served
3438,2929.696127,2933.652076,2929.696127,2,served
3439,2929.696127,2931.107512,2930.443749,0,served
3440,2930.245841,2931.496758,2931.107512,0,served
3441,2934.429229,2935.896562,2934.429229,0,served
3442,2942.496960,2945.263886,2942.496960,0,served
3443,2942.496960,2948.318330,2942.496960,1,served
3444,2942.496960,2946.599015,2942.496960,2,served
3445,2942.496960,2945.652641,2945.263886,0,served
3446,2943.046778,2947.887532,2945.652641,0,served
3447,2943.046778,2950.342561,2946.599015,2,served
3448,2945.121403,2948.211141,2947.887532,0,served
3449,2947.079477,2951.273960,2948.211141,0,served
3450,2947.635069,2952.456456,2948.318330,1,served
3451,2949.111061,2950.787017,2950.342561,2,served
3452,2949.111061,2951.299238,2950.787017,2,served
3453,2949.111061,2952.998907,2951.273960,0,served
3454,2949.997939,2953.622910,2951.299238,2,served
3455,2949.997939,2952.576659,2952.456456,1,served
3456,2951.437954,2953.644872,2952.576659,1,served
3457,2951.437954,2953.555889,2952.998907,0,served
3458,2951.870926,2954.525195,2953.555889,0,served
3459,2955.233113,2956.255973,2955.233113,0,served
3460,2956.217953,2958.096882,2956.217953,1,served
3461,2956.338110,2956.825096,2956.338110,0,served
3462,2956.338110,2958.949533,2956.338110,2,served
3463,2956.349122,2957.051437,2956.825096,0,served
3464,2956.349122,2960.653469,2957.051437,0,served
3465,2956.349122,2958.476552,2958.096882,1,served
3466,2960.271799,2963.961176,2960.271799,1,served
3467,2960.271799,2961.247078,2960.271799,2,served
3468,2960.541470,2962.024667,2960.653469,0,served
3469,2962.531703,2967.952506,2962.531703,0,served
3470,2962.531703,2964.534339,2962.531703,2,served
3471,2965.533902,2968.888127,2965.533902,1,served
3472,2965.533902,2966.029382,2965.533902,2,served
3473,2965.533902,2969.600525,2966.029382,2,served
3474,2968.273267,2970.413059,2968.273267,0,served
3475,2968.273267,2970.441960,2968.888127,1,served
3476,2968.966525,2983.220190,2969.600525,2,served
3477,2968.966525,2971.234491,2970.413059,0,served
3478,2968.966525,2971.049755,2970.441960,1,served
3479,2969.141010,2972.016105,2971.049755,1,served
3480,2969.141010,2971.337714,2971.234491,0,served
3481,2969.141010,2971.701438,2971.337714,0,served
3482,2969.141010,2972.627445,2971.701438,0,served
3483,2972.071407,2974.702299,2972.071407,1,served
3484,2972.071407,2973.037383,2972.627445,0,served
3485,2972.071407,2973.712559,2973.037383,0,served
3486,2974.879937,2978.139529,2974.879937,0,served
3487,2974.879937,2976.833791,2974.879937,1,served
3488,2978.949675,2981.126548,2978.949675,0,served
3489,2978.949675,2982.559347,2978.949675,1,served
3490,2978.949675,2981.404498,2981.126548,0,served
3491,2978.974009,2982.944611,2981.404498,0,served
3492,2980.075153,2983.059829,2982.559347,1,served
3493,2980.075153,2983.867931,2982.944611,0,served
3494,2980.075153,2986.118096,2983.059829,1,served
3495,2980.118465,2986.305719,2983.220190,2,served
3496,2985.322577,2986.532078,2985.322577,0,served
3497,2986.659160,2987.320744,2986.659160,0,served
3498,2986.659160,2993.587161,2986.659160,1,served
3499,2986.659160,2987.961500,2986.659160,2,served
3500,2986.659160,2988.556171,2987.320744,0,served
3501,2986.659160,2990.136604,2987.961500,2,served
3502,2986.659160,2992.104791,2988.556171,0,served
3503,2988.561895,2991.497016,2990.136604,2,served
3504,2989.768964,2991.925220,2991.497016,2,served
3505,2990.426591,2994.719514,2991.925220,2,served
3506,2990.426591,2992.246337,2992.104791,0,served
3507,2990.426591,2992.332490,2992.246337,0,served
3508,2990.426591,2993.958702,2992.332490,0,served
3509,2991.569894,2993.593363,2993.587161,1,served
3510,2991.569894,2994.189574,2993.593363,1,served
3511,2993.607985,2994.209011,2993.958702,0,served
3512,2993.607985,3005.863691,2994.189574,1,served
3513,2993.607985,2996.455084,2994.209011,0,served
3514,2993.607985,2995.533886,2994.719514,2,served
3515,2993.815627,2998.350261,2995.533886,2,served
3516,2994.531795,2997.114152,2996.455084,0,served
3517,2994.531795,2997.758131,2997.114152,0,served
3518,2998.309260,2998.681266,2998.309260,0,served
3519,2998.309260,3000.025257,2998.350261,2,served
3520,2999.796285,3001.032009,2999.796285,0,served
3521,3000.636156,3002.648879,3000.636156,2,served
3522,3001.971628,3004.441272,3001.971628,0,served
3523,3007.631355,3008.682620,3007.631355,0,served
3524,3009.766448,3010.598083,3009.766448,0,served
3525,3010.186443,3014.495935,3010.186443,1,served
3526,3010.822115,3011.520550,3010.822115,0,served
3527,3010.895462,3011.954424,3010.895462,2,served
3528,3010.895462,3011.604281,3011.520550,0,served
3529,3010.895462,3012.598232,3011.604281,0,served
3530,3010.895462,3016.208776,3011.954424,2,served
3531,3014.321200,3014.869811,3014.321200,0,served
3532,3015.373118,3015.789125,3015.373118,0,served
3533,3015.385177,3022.360429,3015.385177,1,served
3534,3015.385177,3016.721857,3015.789125,0,served
3535,3015.385177,3019.729279,3016.208776,2,served
3536,3015.385177,3019.022924,3016.721857,0,served
3537,3015.385177,3023.343849,3019.022924,0,served
3538,3015.421060,3026.450170,3019.729279,2,served
3539,3015.421060,3027.129932,3022.360429,1,served
3540,3015.421060,3024.492873,3023.343849,0,served
3541,3018.812486,3029.541192,3024.492873,0,served
3542,3020.679733,3032.070615,3026.450170,2,served
3543,3020.679733,3028.798549,3027.129932,1,served
3544,3022.088350,3041.430736,3028.798549,1,served
3545,3025.078884,3029.661948,3029.541192,0,served
3546,3025.078884,3029.749571,3029.661948,0,served
3547,3026.793450,3033.950448,3029.749571,0,served
3548,3027.841405,3035.570407,3032.070615,2,served
3549,3028.340587,3033.966250,3033.950448,0,served
3550,3029.744733,3036.173514,3033.966250,0,served
3551,3032.632880,3036.158422,3035.570407,2,served
3552,3033.418241,3036.568306,3036.158422,2,served
3553,3033.796736,3038.968814,3036.173514,0,served
3554,3034.985296,3037.875357,3036.568306,2,served
3555,3035.177931,3041.655788,3037.875357,2,served
3556,3037.011855,3039.049968,3038.968814,0,served
3557,3037.011855,3039.280599,3039.049968,0,served
3558,3038.553307,3039.560524,3039.280599,0,served
3559,3038.553307,3041.710613,3039.560524,0,served
3560,3039.132936,3043.136361,3041.430736,1,served
3561,3039.132936,3042.985985,3041.655788,2,served
3562,3040.964177,3042.496258,3041.710613,0,served
3563,3040.964177,3044.162573,3042.496258,0,served
3564,3040.964177,3045.831426,3042.985985,2,served
3565,3040.964177,3047.716367,3043.136361,1,served
3566,3040.964177,3044.758715,3044.162573,0,served
3567,3040.974486,3048.201297,3044.758715,0,served
3568,3040.974486,3046.702406,3045.831426,2,served
3569,3044.596280,3050.853173,3046.702406,2,served
3570,3045.865556,3049.273006,3047.716367,1,served
3571,3047.552955,3048.282859,3048.201297,0,served
3572,3047.552955,3049.385889,3048.282859,0,served
3573,3047.552955,3055.437687,3049.273006,1,served
3574,3047.705549,3050.380809,3049.385889,0,served
3575,3047.705549,3050.383526,3050.380809,0,served
3576,3047.705549,3051.056899,3050.383526,0,served
3577,3048.206360,3051.149792,3050.853173,2,served
3578,3048.206360,3052.315590,3051.056899,0,served
3579,3048.206360,3051.336167,3051.149792,2,served
3580,3052.377044,3052.490073,3052.377044,0,served
3581,3052.377044,3053.842091,3052.377044,2,served
3582,3055.299403,3056.487129,3055.299403,0,served
3583,3055.299403,3061.234747,3055.299403,2,served
3584,3055.299403,3056.174051,3055.437687,1,served
3585,3055.299403,3056.614570,3056.174051,1,served
3586,3055.299403,3058.795880,3056.487129,0,served
3587,3055.299403,3057.500021,3056.614570,1,served
3588,3055.553044,3059.018738,3057.500021,1,served
3589,3056.043384,3060.877490,3058.795880,0,served
3590,3057.939809,3060.029784,3059.018738,1,served
3591,3058.392457,3064.134033,3060.029784,1,served
3592,3059.733420,3063.775219,3060.877490,0,served
3593,3062.400792,3063.834013,3062.400792,2,served
3594,3064.151561,3066.211973,3064.151561,0,served
3595,3064.151561,3064.858404,3064.151561,1,served
3596,3064.151561,3064.524264,3064.151561,2,served
3597,3064.151561,3068.231967,3064.524264,2,served
3598,3064.151561,3072.527715,3064.858404,1,served
3599,3064.151561,3071.478042,3066.211973,0,served
3600,3066.968567,3084.197794,3068.231967,2,served
3601,3066.968567,3071.671571,3071.478042,0,served
3602,3068.995687,3072.231882,3071.671571,0,served
3603,3068.995687,3072.835449,3072.231882,0,served
3604,3068.995687,3074.124223,3072.527715,1,served
3605,3070.268240,3074.193822,3072.835449,0,served
3606,3072.243730,3074.304108,3074.124223,1,served
3607,3073.662311,3075.050277,3074.193822,0,served
3608,3073.662311,3076.979209,3074.304108,1,served
3609,3073.662311,3077.242954,3075.050277,0,served
3610,3075.843818,3082.933101,3076.979209,1,served
3611,3075.843818,3078.480805,3077.242954,0,served
3612,3075.843818,3079.011433,3078.480805,0,served
3613,3075.843818,3079.031615,3079.011433,0,served
3614,3075.843818,3079.216099,3079.031615,0,served
3615,3075.843818,3079.445817,3079.216099,0,served
3616,3077.462417,3080.393145,3079.445817,0,served
3617,3077.462417,3081.292380,3080.393145,0,served
3618,3077.462417,3082.245634,3081.292380,0,served
3619,3080.358478,3083.225368,3082.245634,0,served
3620,3085.584574,3086.137968,3085.584574,0,served
3621,3085.584574,3086.332281,3085.584574,1,served
3622,3093.462088,3094.266556,3093.462088,0,served
3623,3093.545901,3094.398385,3093.545901,1,served
3624,3093.879336,3094.801726,3093.879336,2,served
3625,3093.879336,3094.573902,3094.266556,0,served
3626,3095.968587,3098.238768,3095.968587,0,served
3627,3095.968587,3098.713974,3095.968587,1,served
3628,3098.402597,3103.859210,3098.402597,0,served
3629,3098.402597,3100.227024,3098.402597,2,served
3630,3099.211212,3116.633452,3099.211212,1,served
3631,3103.623928,3104.189963,3103.623928,2,served
3632,3104.446195,3106.224636,3104.446195,0,served
3633,3104.446195,3105.095391,3104.446195,2,served
3634,3104.446195,3106.057234,3105.095391,2,served
3635,3104.446195,3106.994156,3106.057234,2,served
3636,3105.282489,3109.313531,3106.224636,0,served
3637,3106.654539,3109.556905,3106.994156,2,served
3638,3106.654539,3111.913058,3109.313531,0,served
3639,3108.513445,3112.322383,3109.556905,2,served
3640,3111.703925,3112.140025,3111.913058,0,served
3641,3112.474924,3119.201993,3112.474924,0,served
3642,3112.474924,3118.547962,3112.474924,2,served
3643,3112.474924,3118.173726,3116.633452,1,served
3644,3112.474924,3118.357367,3118.173726,1,served
3645,3116.730306,3122.099013,3118.357367,1,served
3646,3116.768040,3118.552363,3118.547962,2,served
3647,3116.768040,3119.257193,3118.552363,2,served
3648,3118.007497,3120.502377,3119.201993,0,served
3649,3118.007497,3119.936468,3119.257193,2,served
3650,3118.007497,3119.954616,3119.936468,2,served
3651,3118.007497,3120.835655,3119.954616,2,served
3652,3122.225122,3122.701486,3122.225122,0,served
3653,3124.925199,3126.628931,3124.925199,0,served
3654,3124.925199,3125.070488,3124.925199,1,served
3655,3124.925199,3125.311386,3124.925199,2,served
3656,3125.773802,3126.018055,3125.773802,1,served
3657,3125.773802,3126.826891,3125.773802,2,served
3658,3125.773802,3127.730788,3126.018055,1,served
3659,3125.773802,3126.791354,3126.628931,0,served
3660,3125.807601,3128.035085,3126.791354,0,served
3661,3126.533073,3130.775234,3126.826891,2,served
3662,3126.871343,3129.292263,3127.730788,1,served
3663,3127.652641,3131.905627,3128.035085,0,served
3664,3127.652641,3131.714606,3129.292263,1,served
3665,3127.652641,3137.100399,3130.775234,2,served
3666,3127.652641,3131.875256,3131.714606,1,served
3667,3129.407565,3136.181147,3131.875256,1,served
3668,3132.185467,3134.216507,3132.185467,0,served
3669,3132.185467,3135.233956,3134.216507,0,served
3670,3132.369292,3135.564851,3135.233956,0,served
3671,3134.052907,3136.731438,3135.564851,0,served
3672,3134.052907,3140.174260,3136.181147,1,served
3673,3135.786877,3139.527352,3136.731438,0,served
3674,3135.786877,3144.889259,3137.100399,2,served
3675,3138.825082,3140.653172,3139.527352,0,served
3676,3138.825082,3140.551845,3140.174260,1,served
3677,3138.825082,3145.584861,3140.551845,1,served
3678,3138.825082,3140.753729,3140.653172,0,served
3679,3142.441944,3143.479881,3142.441944,0,served
3680,3143.303476,3145.455245,3143.479881,0,served
3681,3143.303476,3145.154649,3144.889259,2,served
3682,3143.303476,3146.357077,3145.154649,2,served
3683,3144.291265,3147.415486,3145.455245,0,served
3684,3144.291265,3147.002647,3145.584861,1,served
3685,3144.291265,3146.723345,3146.357077,2,served
3686,3144.291265,3150.612851,3146.723345,2,served
3687,3144.291265,3162.225065,3147.002647,1,served
3688,3144.453642,3149.955702,3147.415486,0,served
3689,3144.453642,3150.884045,3149.955702,0,served
3690,3146.288920,3152.209278,3150.612851,2,served
3691,3146.288920,3151.045782,3150.884045,0,served
3692,3146.288920,3151.053335,3151.045782,0,served
3693,3148.214295,3151.181245,3151.053335,0,served
3694,3148.214295,3155.788103,3151.181245,0,served
3695,3148.214295,3153.279205,3152.209278,2,served
3696,3153.339075,3154.533341,3153.339075,2,served
3697,3153.339075,3166.240549,3154.533341,2,served
3698,3153.339075,3156.314045,3155.788103,0,served
3699,3155.623675,3156.985476,3156.314045,0,served
3700,3158.535252,3159.608553,3158.535252,0,served
3701,3158.535252,3160.387092,3159.608553,0,served
3702,3159.013074,3161.533293,3160.387092,0,served
3703,3159.754379,3163.404054,3161.533293,0,served
3704,3159.754379,3162.909296,3162.225065,1,served
3705,3160.635302,3164.591127,3162.909296,1,served
3706,3164.472724,3166.996611,3164.472724,0,served
3707,3168.535083,3169.187006,3168.535083,0,served
3708,3169.568924,3171.202497,3169.568924,0,served
3709,3169.719653,3170.529077,3169.719653,1,served
3710,3169.719653,3170.055875,3169.719653,2,served
3711,3170.448227,3171.397665,3170.448227,2,served
3712,3170.448227,3175.325274,3170.529077,1,served
3713,3174.522459,3175.992694,3174.522459,0,served
3714,3174.522459,3175.547360,3174.522459,2,served
3715,3174.812210,3175.871782,3175.325274,1,served
3716,3174.812210,3178.156406,3175.547360,2,served
3717,3175.501174,3177.757058,3175.871782,1,served
3718,3180.770381,3183.043006,3180.770381,0,served
3719,3180.770381,3180.946629,3180.770381,1,served
3720,3180.770381,3182.264745,3180.770381,2,served
3721,3180.770381,3180.951485,3180.946629,1,served
3722,3183.544792,3187.677970,3183.544792,0,served
3723,3183.682777,3187.895686,3183.682777,1,served
3724,3188.550334,3193.814615,3188.550334,0,served
3725,3189.377000,3189.834883,3189.377000,1,served
3726,3189.377000,3189.496760,3189.377000,2,served
3727,3189.377000,3194.071442,3189.496760,2,served
3728,3189.377000,3190.968350,3189.834883,1,served
3729,3189.377000,3192.439834,3190.968350,1,served
3730,3193.185273,3194.655345,3193.185273,1,served
3731,3195.289527,3196.730066,3195.289527,0,served
3732,3195.289527,3195.620202,3195.289527,1,served
3733,3195.289527,3196.509916,3195.289527,2,served
3734,3197.252342,3197.530345,3197.252342,0,served
3735,3198.552156,3198.624077,3198.552156,0,served
3736,3198.552156,3200.257868,3198.552156,1,served
3737,3198.552156,3200.526610,3198.552156,2,served
3738,3198.552156,3200.518774,3198.624077,0,served
3739,3199.285423,3203.916149,3200.257868,1,served
3740,3199.458560,3202.725823,3200.518774,0,served
3741,3199.543094,3215.473495,3200.526610,2,served
3742,3203.422720,3205.155619,3203.422720,0,served
3743,3203.422720,3203.921862,3203.916149,1,served
3744,3204.029816,3208.218066,3204.029816,1,served
3745,3213.301341,3214.901755,3213.301341,0,served
3746,3213.301341,3217.221206,3213.301341,1,served
3747,3213.921145,3215.463277,3214.901755,0,served
3748,3213.921145,3219.139242,3215.463277,0,served
3749,3214.164090,3216.587799,3215.473495,2,served
3750,3214.164090,3217.345577,3216.587799,2,served
3751,3214.164090,3222.127875,3217.221206,1,served
3752,3214.829870,3223.335465,3217.345577,2,served
3753,3214.829870,3219.249117,3219.139242,0,served
3754,3214.829870,3219.890639,3219.249117,0,served
3755,3218.516956,3224.303948,3219.890639,0,served
3756,3218.516956,3222.166569,3222.127875,1,served
3757,3218.516956,3225.813004,3222.166569,1,served
3758,3219.424342,3225.734220,3223.335465,2,served
3759,3219.543127,3225.715200,3224.303948,0,served
3760,3222.140762,3226.806360,3225.715200,0,served
3761,3222.140762,3227.398162,3225.734220,2,served
3762,3222.140762,3227.203422,3225.813004,1,served
3763,3222.967838,3230.521248,3226.806360,0,served
3764,3225.043730,3230.235546,3227.203422,1,served
3765,3225.043730,3230.705536,3227.398162,2,served
3766,3225.043730,3231.264221,3230.235546,1,served
3767,3226.949018,3232.410465,3230.521248,0,served
3768,3226.949018,3236.684508,3230.705536,2,served
3769,3227.357706,3232.028551,3231.264221,1,served
3770,3227.357706,3232.085340,3232.028551,1,served
3771,3228.085465,3234.171184,3232.085340,1,served
3772,3228.085465,3232.542623,3232.410465,0,served
3773,3228.158172,3233.830217,3232.542623,0,served
3774,3228.158172,3234.816568,3233.830217,0,served
3775,3228.158172,3234.437089,3234.171184,1,served
3776,3228.158172,3234.806498,3234.437089,1,served
3777,3228.158172,3236.557514,3234.806498,1,served
3778,3228.959587,3234.884378,3234.816568,0,served
3779,3234.188982,3235.116639,3234.884378,0,served
3780,3234.188982,3235.846345,3235.116639,0,served
3781,3234.626346,3236.974534,3235.846345,0,served
3782,3235.450020,3237.291485,3236.557514,1,served
3783,3235.450020,3240.555081,3236.684508,2,served
3784,3235.450020,3237.114039,3236.974534,0,served
3785,3235.450020,3237.438074,3237.114039,0,served
3786,3238.508120,3238.815118,3238.508120,0,served
3787,3238.508120,3239.090963,3238.508120,1,served
3788,3240.800133,3241.721083,3240.800133,0,served
3789,3241.059586,3243.004962,3241.059586,1,served
3790,3241.149642,3243.754353,3241.149642,2,served
3791,3241.149642,3242.441444,3241.721083,0,served
3792,3241.149642,3245.600541,3242.441444,0,served
3793,3241.149642,3244.487806,3243.004962,1,served
3794,3241.149642,3245.055135,3243.754353,2,served
3795,3241.149642,3246.192850,3244.487806,1,served
3796,3241.793755,3245.175021,3245.055135,2,served
3797,3241.793755,3247.133750,3245.175021,2,served
3798,3241.793755,3247.591914,3245.600541,0,served
3799,3241.793755,3247.620744,3246.192850,1,served
3800,3241.793755,3255.554953,3247.133750,2,served
3801,3241.793755,3248.067871,3247.591914,0,served
3802,3249.706279,3249.766996,3249.706279,0,served
3803,3249.848302,3252.454092,3249.848302,0,served
3804,3250.889056,3259.437973,3250.889056,1,served
3805,3255.500930,3255.608553,3255.500930,0,served
3806,3258.721453,3258.783533,3258.721453,0,served
3807,3258.721453,3263.260917,3258.721453,2,served
3808,3259.517671,3259.794473,3259.517671,0,served
3809,3260.040198,3260.160572,3260.040198,0,served
3810,3260.046772,3261.928173,3260.046772,1,served
3811,3260.381913,3261.714799,3260.381913,0,served
3812,3261.942147,3262.761159,3261.942147,0,served
3813,3261.942147,3263.912247,3261.942147,1,served
3814,3261.942147,3262.878894,3262.761159,0,served
3815,3261.942147,3265.996681,3262.878894,0,served
3816,3261.942147,3264.296266,3263.260917,2,served
3817,3261.942147,3264.321480,3263.912247,1,served
3818,3261.942147,3265.336249,3264.296266,2,served
3819,3261.942147,3265.422097,3264.321480,1,served
3820,3261.942147,3266.237041,3265.336249,2,served
3821,3261.942147,3269.035126,3265.422097,1,served
3822,3261.942147,3266.058732,3265.996681,0,served
3823,3262.108716,3268.004644,3266.058732,0,served
3824,3262.108716,3267.109952,3266.237041,2,served
3825,3262.432963,3269.677377,3267.109952,2,served
3826,3262.432963,3268.154238,3268.004644,0,served
3827,3262.432963,3268.312248,3268.154238,0,served
3828,3263.614309,3269.069027,3268.312248,0,served
3829,3265.559963,3274.599492,3269.035126,1,served
3830,3267.976534,3272.604976,3269.069027,0,served
3831,3267.976534,3270.084908,3269.677377,2,served
3832,3268.176504,3273.611621,3270.084908,2,served
3833,3278.236724,3278.338331,3278.236724,0,served
3834,3278.236724,3281.130571,3278.236724,1,served
3835,3278.820296,3280.527496,3278.820296,0,served
3836,3278.946406,3281.091759,3278.946406,2,served
3837,3279.338311,3281.040888,3280.527496,0,served
3838,3279.338311,3282.782203,3281.040888,0,served
3839,3279.338311,3281.398679,3281.091759,2,served
3840,3279.986052,3281.845770,3281.130571,1,served
3841,3279.986052,3289.581982,3281.398679,2,served
3842,3279.986052,3286.394461,3281.845770,1,served
3843,3279.986052,3282.877671,3282.782203,0,served
3844,3280.202420,3284.848040,3282.877671,0,served
3845,3280.685656,3285.465758,3284.848040,0,served
3846,3282.102707,3286.134395,3285.465758,0,served
3847,3282.368663,3287.484031,3286.134395,0,served
3848,3283.295130,3287.890008,3286.394461,1,served
3849,3284.378411,3289.682707,3287.484031,0,served
3850,3284.378411,3288.464689,3287.890008,1,served
3851,3284.378411,3290.107370,3288.464689,1,served
3852,3285.211350,3290.329839,3289.581982,2,served
3853,3285.211350,3289.760044,3289.682707,0,served
3854,3286.548735,3290.331854,3289.760044,0,served
3855,3287.974926,3300.959039,3290.107370,1,served
3856,3287.974926,3293.943183,3290.329839,2,served
3857,3288.324076,3293.417838,3290.331854,0,served
3858,3289.495359,3293.494228,3293.417838,0,served
3859,3289.495359,3294.067295,3293.494228,0,served
3860,3289.495359,3296.212482,3293.943183,2,served
3861,3290.463427,3296.999549,3294.067295,0,served
3862,3291.900317,3299.280461,3296.212482,2,served
3863,3292.147887,3297.974284,3296.999549,0,served
3864,3293.327913,3299.526814,3297.974284,0,served
3865,3293.327913,3301.194516,3299.280461,2,served
3866,3293.327913,3301.115832,3299.526814,0,served
3867,3296.851031,3303.252433,3300.959039,1,served
3868,3296.851031,3305.220127,3301.115832,0,served
3869,3296.851031,3306.269687,3301.194516,2,served
3870,3297.739280,3305.757985,3303.252433,1,served
3871,3297.739280,3305.713439,3305.220127,0,served
3872,3298.220302,3305.897730,3305.713439,0,served
3873,3299.498971,3309.923380,3305.757985,1,served
3874,3299.498971,3306.946478,3305.897730,0,served
3875,3299.498971,3306.497097,3306.269687,2,served
3876,3299.498971,3307.340811,3306.497097,2,served
3877,3300.591306,3307.806841,3306.946478,0,served
3878,3307.575733,3309.393407,3307.575733,2,served
3879,3307.575733,3309.210235,3307.806841,0,served
3880,3307.575733,3317.281243,3309.210235,0,served
3881,3307.575733,3311.113794,3309.393407,2,served
3882,3307.575733,3311.935479,3309.923380,1,served
3883,3307.575733,3318.256322,3311.113794,2,served
3884,3307.575733,3312.254298,3311.935479,1,served
3885,3307.575733,3314.149124,3312.254298,1,served
3886,3307.575733,3320.569116,3314.149124,1,served
3887,3308.525053,3320.127923,3317.281243,0,served
3888,3308.597963,3318.336677,3318.256322,2,served
3889,3308.597963,3319.157730,3318.336677,2,served
3890,3308.597963,3342.655593,3319.157730,2,served
3891,3308.597963,3322.661115,3320.127923,0,served
3892,3308.597963,3322.478535,3320.569116,1,served
3893,3309.162355,3324.365578,3322.478535,1,served
3894,3311.615442,3322.731067,3322.661115,0,served
3895,3311.615442,3325.786534,3322.731067,0,served
3896,3311.848081,3329.007950,3324.365578,1,served
3897,3311.848081,3326.134110,3325.786534,0,served
3898,3311.878102,3327.412469,3326.134110,0,served
3899,3312.252835,3328.459007,3327.412469,0,served
3900,3312.252835,3330.613584,3328.459007,0,served
3901,3312.252835,3330.175877,3329.007950,1,served
3902,3312.252835,3336.727665,3330.175877,1,served
3903,3312.252835,3333.169977,3330.613584,0,served
3904,3314.447506,3334.398228,3333.169977,0,served
3905,3314.447506,3335.654798,3334.398228,0,served
3906,3314.447506,3336.335408,3335.654798,0,served
3907,3314.734675,3339.636299,3336.335408,0,served
3908,3314.734675,3339.943416,3336.727665,1,served
3909,3315.012327,3342.369640,3339.636299,0,served
3910,3315.012327,3344.670750,3339.943416,1,served
3911,3317.564338,3344.551636,3342.369640,0,served
3912,3317.564338,3343.230855,3342.655593,2,served
3913,3319.494956,3344.617765,3343.230855,2,served
3914,3324.200783,3344.858788,3344.551636,0,served
3915,3324.200783,3347.186568,3344.617765,2,served
3916,3324.821716,3347.381632,3344.670750,1,served
3917,3325.192803,3345.263870,3344.858788,0,served
3918,3325.192803,3345.867944,3345.263870,0,served
3919,3325.192803,3346.162133,3345.867944,0,served
3920,3326.947056,3346.874093,3346.162133,0,served
3921,3327.895221,3348.041826,3346.874093,0,served
3922,3328.903872,3348.059848,3347.186568,2,served
3923,3328.903872,3347.488082,3347.381632,1,served
3924,3328.903872,3357.326496,3347.488082,1,served
3925,3328.903872,3348.793701,3348.041826,0,served
3926,3328.903872,3348.695394,3348.059848,2,served
3927,3328.903872,3350.910775,3348.695394,2,served
3928,3331.504451,3349.059489,3348.793701,0,served
3929,3335.937719,3349.402056,3349.059489,0,served
3930,3337.659669,3350.355225,3349.402056,0,served
3931,3337.659669,3350.931904,3350.355225,0,served
3932,3337.659669,3351.610554,3350.910775,2,served
3933,3337.659669,3353.006804,3350.931904,0,served
3934,3337.659669,3353.734747,3351.610554,2,served
3935,3337.659669,3358.613872,3353.006804,0,served
3936,3337.820821,3354.347922,3353.734747,2,served
3937,3339.095975,3357.570737,3354.347922,2,served
3938,3339.095975,3358.135070,3357.326496,1,served
3939,3339.159761,3359.733511,3357.570737,2,served
3940,3339.159761,3361.163126,3358.135070,1,served
3941,3339.159761,3359.767648,3358.613872,0,served
3942,3339.159761,3372.669120,3359.733511,2,served
3943,3339.911673,3360.097097,3359.767648,0,served
3944,3339.911673,3363.325422,3360.097097,0,served
3945,3339.924107,3361.979090,3361.163126,1,served
3946,3339.924107,3362.224026,3361.979090,1,served
3947,3339.924107,3363.496390,3362.224026,1,served
3948,3339.924107,3363.938541,3363.325422,0,served
3949,3340.383395,3369.034423,3363.496390,1,served
3950,3343.100490,3364.874518,3363.938541,0,served
3951,3344.994163,3366.466222,3364.874518,0,served
3952,3350.198813,3368.374809,3366.466222,0,served
3953,3350.198813,3371.222431,3368.374809,0,served
3954,3350.198813,3374.645694,3369.034423,1,served
3955,3350.198813,3372.402703,3371.222431,0,served
3956,3350.198813,3372.611057,3372.402703,0,served
3957,3350.198813,3373.790824,3372.611057,0,served
3958,3350.198813,3379.687265,3372.669120,2,served
3959,3350.198813,3374.177502,3373.790824,0,served
3960,3350.748610,3378.301526,3374.177502,0,served
3961,3350.748610,3380.664177,3374.645694,1,served
3962,3350.748610,3378.425601,3378.301526,0,served
3963,3350.748610,3378.646542,3378.425601,0,served
3964,3351.521519,3379.046433,3378.646542,0,served
3965,3351.521519,3381.133379,3379.046433,0,served
3966,3351.521519,3380.742871,3379.687265,2,served
3967,3351.521519,3380.695929,3380.664177,1,served
3968,3351.521519,3381.213876,3380.695929,1,served
3969,3351.521519,3381.890355,3380.742871,2,served
3970,3351.665554,3382.092856,3381.133379,0,served
3971,3351.925988,3381.441125,3381.213876,1,served
3972,3351.925988,3381.861551,3381.441125,1,served
3973,3353.427998,3384.416841,3381.861551,1,served
3974,3356.384926,3387.125966,3381.890355,2,served
3975,3357.009694,3384.037973,3382.092856,0,served
3976,3357.009694,3389.547566,3384.037973,0,served
3977,3360.267916,3386.015793,3384.416841,1,served
3978,3360.267916,3392.946285,3386.015793,1,served
3979,3361.967898,3387.621457,3387.125966,2,served
3980,3365.237390,3393.050431,3387.621457,2,served
3981,3368.271246,3392.959125,3389.547566,0,served
3982,3368.271246,3393.482145,3392.946285,1,served
3983,3368.271246,3393.062731,3392.959125,0,served
3984,3368.271246,3396.211104,3393.050431,2,served
3985,3368.271246,3395.717575,3393.062731,0,served
3986,3368.271246,3394.291855,3393.482145,1,served
3987,3371.564610,3399.689293,3394.291855,1,served
3988,3371.564610,3396.155493,3395.717575,0,served
3989,3371.564610,3396.287825,3396.155493,0,served
3990,3371.564610,3396.525482,3396.211104,2,served
3991,3371.564610,3397.393744,3396.287825,0,served
3992,3371.564610,3397.737022,3396.525482,2,served
3993,3371.564610,3397.578314,3397.393744,0,served
3994,3371.564610,3398.737600,3397.578314,0,served
3995,3371.812478,3408.544341,3397.737022,2,served
3996,3372.475890,3398.770523,3398.737600,0,served
3997,3374.346578,3401.358930,3398.770523,0,served
3998,3377.706837,3399.758618,3399.689293,1,served
3999,3379.903063,3402.389880,3399.758618,1,served
4000,3379.903063,3406.732903,3401.358930,0,served
4001,3379.903063,3402.612873,3402.389880,1,served
4002,3381.431790,3402.621222,3402.612873,1,served
4003,3381.431790,3405.154632,3402.621222,1,served
4004,3381.431790,3418.716091,3405.154632,1,served
4005,3384.135494,3407.819623,3406.732903,0,served
4006,3384.135494,3413.016038,3407.819623,0,served
4007,3385.539020,3414.173682,3408.544341,2,served
4008,3385.539020,3413.439525,3413.016038,0,served
4009,3385.539020,3414.117908,3413.439525,0,served
4010,3385.539020,3416.267216,3414.117908,0,served
4011,3385.539020,3420.508720,3414.173682,2,served
4012,3385.539020,3417.221537,3416.267216,0,served
4013,3385.617545,3418.785206,3417.221537,0,served
4014,3386.827149,3420.469954,3418.716091,1,served
4015,3388.783479,3420.027878,3418.785206,0,served
4016,3391.489305,3420.882102,3420.027878,0,served
4017,3391.965763,3421.336813,3420.469954,1,served
4018,3391.965763,3424.440264,3420.508720,2,served
4019,3391.965763,3421.184665,3420.882102,0,served
4020,3393.586703,3423.355822,3421.184665,0,served
4021,3394.706400,3421.636274,3421.336813,1,served
4022,3394.706400,3421.799780,3421.636274,1,served
4023,3394.706400,3425.928249,3421.799780,1,served
4024,3395.063610,3425.009137,3423.355822,0,served
4025,3395.862175,3426.645570,3424.440264,2,served
4026,3395.862175,3426.281749,3425.009137,0,served
4027,3395.862175,3426.671158,3425.928249,1,served
4028,3395.862175,3426.619941,3426.281749,0,served
4029,3395.862175,3427.366895,3426.619941,0,served
4030,3395.924430,3432.141406,3426.645570,2,served
4031,3397.366818,3427.130599,3426.671158,1,served
4032,3397.366818,3428.800362,3427.130599,1,served
4033,3400.943280,3429.750365,3427.366895,0,served
4034,3400.943280,3434.037155,3428.800362,1,served
4035,3400.943280,3430.106981,3429.750365,0,served
4036,3401.653114,3431.260967,3430.106981,0,served
4037,3403.127412,3431.906547,3431.260967,0,served
4038,3403.127412,3432.447048,3431.906547,0,served
4039,3403.127412,3437.022359,3432.141406,2,served
4040,3404.064714,3436.318040,3432.447048,0,served
4041,3404.064714,3436.945061,3434.037155,1,served
4042,3404.064714,3437.014542,3436.318040,0,served
4043,3405.489029,3442.006181,3436.945061,1,served
4044,3405.489029,3437.037255,3437.014542,0,served
4045,3405.489029,3444.855474,3437.022359,2,served
4046,3405.489029,3437.539857,3437.037255,0,served
4047,3405.517352,3437.882134,3437.539857,0,served
4048,3407.380907,3438.636670,3437.882134,0,served
4049,3407.380907,3440.861138,3438.636670,0,served
4050,3409.040040,3441.236062,3440.861138,0,served
4051,3409.040040,3442.486717,3441.236062,0,served
4052,3411.878473,3443.423785,3442.006181,1,served
4053,3411.878473,3443.692037,3442.486717,0,served
4054,3411.878473,3448.246092,3443.423785,1,served
4055,3411.878473,3445.766352,3443.692037,0,served
4056,3411.955430,3445.479395,3444.855474,2,served
4057,3413.143829,3448.340555,3445.479395,2,served
4058,3413.143829,3448.452697,3445.766352,0,served
4059,3413.143829,3448.574313,3448.246092,1,served
4060,3414.926501,3450.232494,3448.340555,2,served
4061,3414.926501,3448.699190,3448.452697,0,served
4062,3414.926501,3451.026375,3448.574313,1,served
4063,3418.200656,3451.096123,3448.699190,0,served
4064,3418.200656,3450.314812,3450.232494,2,served
4065,3418.200656,3450.859840,3450.314812,2,served
4066,3418.200656,3458.391011,3450.859840,2,served
4067,3419.355580,3451.190368,3451.026375,1,served
4068,3419.355580,3453.444028,3451.096123,0,served
4069,3419.355580,3461.934550,3451.190368,1,served
4070,3419.748472,3453.650455,3453.444028,0,served
4071,3420.136617,3455.475672,3453.650455,0,served
4072,3420.862968,3458.020604,3455.475672,0,served
4073,3420.862968,3459.714266,3458.020604,0,served
4074,3421.046053,3459.004847,3458.391011,2,served
4075,3421.526079,3460.072784,3459.004847,2,served
4076,3421.923027,3461.849605,3459.714266,0,served
4077,3423.281763,3460.286857,3460.072784,2,served
4078,3424.802972,3462.007219,3460.286857,2,served
4079,3427.359903,3463.166654,3461.849605,0,served
4080,3427.359903,3466.657364,3461.934550,1,served
4081,3428.645820,3467.735575,3462.007219,2,served
4082,3428.645820,3466.878630,3463.166654,0,served
4083,3430.713368,3467.024363,3466.657364,1,served
4084,3430.713368,3469.095866,3466.878630,0,served
4085,3430.736334,3471.526270,3467.024363,1,served
4086,3430.736334,3472.028840,3467.735575,2,served
4087,3430.736334,3469.846955,3469.095866,0,served
4088,3431.507662,3469.925943,3469.846955,0,served
4089,3431.507662,3470.375745,3469.925943,0,served
4090,3432.633038,3471.984903,3470.375745,0,served
4091,3432.633038,3472.397231,3471.526270,1,served
4092,3434.232750,3472.370072,3471.984903,0,served
4093,3435.923431,3478.596112,3472.028840,2,served
4094,3435.923431,3472.755812,3472.370072,0,served
4095,3435.923431,3476.767596,3472.397231,1,served
4096,3435.923431,3474.375261,3472.755812,0,served
4097,3439.719580,3474.413228,3474.375261,0,served
4098,3439.952766,3475.020688,3474.413228,0,served
4099,3440.739029,3475.630155,3475.020688,0,served
4100,3440.739029,3477.286195,3475.630155,0,served
4101,3444.814105,3476.803335,3476.767596,1,served
4102,3444.814105,3478.834453,3476.803335,1,served
4103,3444.814105,3480.695914,3477.286195,0,served
4104,3444.814105,3480.865459,3478.596112,2,served
4105,3444.814105,3480.862784,3478.834453,1,served
4106,3444.814105,3485.158333,3480.695914,0,served
4107,3444.814105,3481.978054,3480.862784,1,served
4108,3446.381004,3483.771464,3480.865459,2,served
4109,3446.381004,3484.212505,3481.978054,1,served
4110,3449.354861,3483.944882,3483.771464,2,served
4111,3449.384794,3484.307897,3483.944882,2,served
4112,3449.734240,3485.283591,3484.212505,1,served
4113,3449.734240,3490.229431,3484.307897,2,served
4114,3449.734240,3487.440550,3485.158333,0,served
4115,3452.613370,3485.437485,3485.283591,1,served
4116,3452.702868,3488.759925,3485.437485,1,served
4117,3453.227336,3488.949327,3487.440550,0,served
4118,3458.115807,3491.817725,3488.759925,1,served
4119,3458.115807,3489.554635,3488.949327,0,served
4120,3458.310785,3491.755275,3489.554635,0,served
4121,3458.310785,3490.243674,3490.229431,2,served
4122,3458.310785,3492.414040,3490.243674,2,served
4123,3460.556251,3492.561039,3491.755275,0,served
4124,3461.212860,3496.988705,3491.817725,1,served
4125,3464.550036,3495.046112,3492.414040,2,served
4126,3467.806717,3494.447413,3492.561039,0,served
4127,3468.530635,3496.303568,3494.447413,0,served
4128,3470.185372,3499.538864,3495.046112,2,served
4129,3471.208892,3499.172509,3496.303568,0,served
4130,3471.208892,3498.433107,3496.988705,1,served
4131,3471.208892,3499.433706,3498.433107,1,served
4132,3472.366544,3499.695177,3499.172509,0,served
4133,3475.655752,3504.277482,3499.433706,1,served
4134,3475.655752,3501.849825,3499.538864,2,served
4135,3475.655752,3503.226716,3499.695177,0,served
4136,3482.340306,3506.669180,3501.849825,2,served
4137,3482.844502,3503.419748,3503.226716,0,served
4138,3483.368384,3503.716922,3503.419748,0,served
4139,3483.368384,3506.591041,3503.716922,0,served
4140,3484.592542,3511.578371,3504.277482,1,served
4141,3486.120765,3507.036337,3506.591041,0,served
4142,3486.710164,3511.242902,3506.669180,2,served
4143,3486.710164,3513.006804,3507.036337,0,served
4144,3486.867309,3512.098246,3511.242902,2,served
4145,3487.709297,3514.299931,3511.578371,1,served
4146,3488.382298,3517.797027,3512.098246,2,served
4147,3489.666042,3515.396744,3513.006804,0,served
4148,3489.666042,3514.642291,3514.299931,1,served
4149,3490.650688,3515.692531,3514.642291,1,served
4150,3490.650688,3515.700264,3515.396744,0,served
4151,3491.957381,3517.253134,3515.692531,1,served
4152,3493.980712,3516.198191,3515.700264,0,served
4153,3493.980712,3520.580582,3516.198191,0,served
4154,3493.980712,3517.925035,3517.253134,1,served
4155,3496.774495,3518.330621,3517.797027,2,served
4156,3498.309521,3518.905751,3517.925035,1,served
4157,3499.121134,3521.512984,3518.330621,2,served
4158,3499.121134,3519.839001,3518.905751,1,served
4159,3499.121134,3522.053675,3519.839001,1,served
4160,3499.121134,3520.720063,3520.580582,0,served
4161,3499.121134,3522.701513,3520.720063,0,served
4162,3499.779017,3522.673743,3521.512984,2,served
4163,3499.779017,3522.760768,3522.053675,1,served
4164,3499.779017,3523.153908,3522.673743,2,served
4165,3499.779017,3523.472635,3522.701513,0,served
4166,3499.828769,3527.788002,3522.760768,1,served
4167,3501.170197,3523.834777,3523.153908,2,served
4168,3501.170197,3523.577475,3523.472635,0,served
4169,3501.583551,3523.776535,3523.577475,0,served
4170,3503.507283,3525.215840,3523.776535,0,served
4171,3506.358322,3525.340861,3523.834777,2,served
4172,3506.358322,3525.291230,3525.215840,0,served
4173,3507.457995,3526.610890,3525.291230,0,served
4174,3507.457995,3528.648374,3525.340861,2,served
4175,3507.457995,3528.741001,3526.610890,0,served
4176,3507.592944,3529.172733,3527.788002,1,served
4177,3508.232544,3538.190966,3528.648374,2,served
4178,3509.183896,3529.607046,3528.741001,0,served
4179,3509.183896,3531.772485,3529.172733,1,served
4180,3509.913708,3530.516800,3529.607046,0,served
4181,3509.913708,3531.312091,3530.516800,0,served
4182,3510.620879,3533.100484,3531.312091,0,served
4183,3510.620879,3536.416495,3531.772485,1,served
4184,3510.620879,3534.003029,3533.100484,0,served
4185,3517.782244,3535.045280,3534.003029,0,served
4186,3517.782244,3535.967187,3535.045280,0,served
4187,3517.782244,3538.233493,3535.967187,0,served
4188,3526.074734,3541.077583,3536.416495,1,served
4189,3526.074734,3542.137751,3538.190966,2,served
4190,3526.502390,3538.554091,3538.233493,0,served
4191,3526.502390,3539.964702,3538.554091,0,served
4192,3526.502390,3540.519817,3539.964702,0,served
4193,3527.086562,3542.344820,3540.519817,0,served
4194,3527.086562,3541.916170,3541.077583,1,served
4195,3527.086562,3544.144417,3541.916170,1,served
4196,3531.953115,3556.337943,3542.137751,2,served
4197,3533.867322,3542.427500,3542.344820,0,served
4198,3533.867322,3546.502502,3542.427500,0,served
4199,3533.867322,3545.671284,3544.144417,1,served
4200,3533.968498,3550.867710,3545.671284,1,served
4201,3538.992707,3547.177402,3546.502502,0,served
4202,3538.992707,3547.533449,3547.177402,0,served
4203,3538.992707,3547.895784,3547.533449,0,served
4204,3538.992707,3551.967989,3547.895784,0,served
4205,3538.992707,3551.466571,3550.867710,1,served
4206,3538.992707,3554.521946,3551.466571,1,served
4207,3538.992707,3552.009349,3551.967989,0,served
4208,3538.992707,3552.493924,3552.009349,0,served
4209,3540.418683,3553.122323,3552.493924,0,served
4210,3540.418683,3557.721001,3553.122323,0,served
4211,3540.418683,3559.374672,3554.521946,1,served
4212,3540.418683,3560.189548,3556.337943,2,served
4213,3540.418683,3558.247854,3557.721001,0,served
4214,3542.328617,3558.442490,3558.247854,0,served
4215,3542.328617,3559.272160,3558.442490,0,served
4216,3542.328617,3560.792544,3559.272160,0,served
4217,3545.675165,3561.091133,3559.374672,1,served
4218,3545.769132,3565.587519,3560.189548,2,served
4219,3545.769132,3561.396185,3560.792544,0,served
4220,3545.769132,3561.458781,3561.091133,1,served
4221,3545.769132,3562.503311,3561.396185,0,served
4222,3545.998010,3562.516423,3561.458781,1,served
4223,3545.998010,3571.071661,3562.503311,0,served
4224,3547.901763,3564.626350,3562.516423,1,served
4225,3547.901763,3566.843079,3564.626350,1,served
4226,3548.835185,3570.609590,3565.587519,2,served
4227,3548.952700,3569.299848,3566.843079,1,served
4228,3548.952700,3572.204521,3569.299848,1,served
4229,3553.362824,3573.078058,3570.609590,2,served
4230,3554.826367,3571.934598,3571.071661,0,served
4231,3555.223173,3574.264564,3571.934598,0,served
4232,3555.223173,3574.095653,3572.204521,1,served
4233,3555.807959,3575.186949,3573.078058,2,served
4234,3556.652460,3577.973533,3574.095653,1,served
4235,3559.053401,3575.432199,3574.264564,0,served
4236,3559.722286,3580.132112,3575.186949,2,served
4237,3559.722286,3576.423078,3575.432199,0,served
4238,3562.456596,3577.913138,3576.423078,0,served
4239,3563.313410,3583.285234,3577.913138,0,served
4240,3563.313410,3581.760159,3577.973533,1,served
4241,3566.875039,3583.287235,3580.132112,2,served
4242,3568.806634,3583.603109,3581.760159,1,served
4243,3569.282900,3583.563016,3583.285234,0,served
4244,3570.980952,3587.188165,3583.287235,2,served
4245,3570.980952,3583.603981,3583.563016,0,served
4246,3572.533049,3585.143444,3583.603109,1,served
4247,3572.533049,3584.868215,3583.603981,0,served
4248,3577.738785,3586.589512,3584.868215,0,served
4249,3581.060311,3588.957750,3585.143444,1,served
4250,3581.060311,3589.321535,3586.589512,0,served
4251,3582.712462,3595.803918,3587.188165,2,served
4252,3582.712462,3589.960129,3588.957750,1,served
4253,3582.712462,3589.342367,3589.321535,0,served
4254,3583.153014,3590.172234,3589.342367,0,served
4255,3583.166712,3598.000285,3589.960129,1,served
4256,3583.166712,3591.127360,3590.172234,0,served
4257,3585.555397,3594.871252,3591.127360,0,served
4258,3585.555397,3594.956036,3594.871252,0,served
4259,3585.555397,3595.277205,3594.956036,0,served
4260,3589.643656,3595.518937,3595.277205,0,served
4261,3589.643656,3596.530889,3595.518937,0,served
4262,3589.643656,3596.895837,3595.803918,2,served
4263,3589.827990,3597.193520,3596.530889,0,served
4264,3590.299372,3597.879168,3596.895837,2,served
4265,3590.299372,3597.370506,3597.193520,0,served
4266,3590.299372,3599.296715,3597.370506,0,served
4267,3590.299372,3598.007927,3597.879168,2,served
4268,3590.923177,3599.164146,3598.000285,1,served
4269,3592.304068,3598.029908,3598.007927,2,served
4270,3592.304068,3600.831090,3598.029908,2,served
4271,3592.304068,3603.575098,3599.164146,1,served
4272,3600.213571,3600.447176,3600.213571,0,served
4273,3600.213571,3601.843781,3600.447176,0,served
4274,3600.213571,3601.559278,3600.831090,2,served
4275,3601.725247,3603.351859,3601.725247,2,served
4276,3604.786137,3604.962124,3604.786137,0,served
4277,3604.786137,3613.021844,3604.786137,1,served
4278,3606.281313,3606.639137,3606.281313,0,served
4279,3607.148230,3608.091220,3607.148230,0,served
4280,3607.624485,3607.728289,3607.624485,2,served
4281,3607.681461,3625.060793,3607.728289,2,served
4282,3608.483761,3608.723963,3608.483761,0,served
4283,3608.531349,3613.329875,3608.723963,0,served
4284,3608.531349,3615.310038,3613.021844,1,served
4285,3608.531349,3614.637836,3613.329875,0,served
4286,3608.531349,3622.913203,3614.637836,0,served
4287,3608.531349,3621.329320,3615.310038,1,served
4288,3608.531349,3625.033098,3621.329320,1,served
4289,3608.531349,3623.447035,3622.913203,0,served
4290,3608.531349,3625.799345,3623.447035,0,served
4291,3610.806417,3625.172241,3625.033098,1,served
4292,3612.418955,3625.146404,3625.060793,2,served
4293,3612.418955,3627.444336,3625.146404,2,served
4294,3612.418955,3625.211131,3625.172241,1,served
4295,3616.513567,3625.550421,3625.211131,1,served
4296,3616.513567,3626.705416,3625.550421,1,served
4297,3616.513567,3627.637679,3625.799345,0,served
4298,3617.845426,3627.987508,3626.705416,1,served
4299,3626.273017,3628.284334,3627.444336,2,served
4300,3628.028601,3629.220722,3628.028601,0,served
4301,3628.043581,3629.281532,3628.043581,1,served
4302,3628.756459,3629.484460,3628.756459,2,served
4303,3629.269216,3633.603904,3629.269216,0,served
4304,3629.269216,3630.253958,3629.281532,1,served
4305,3629.269216,3630.767923,3629.484460,2,served
4306,3629.269216,3632.834080,3630.253958,1,served
4307,3630.105848,3633.627588,3630.767923,2,served
4308,3630.105848,3638.233635,3632.834080,1,served
4309,3631.666453,3633.942926,3633.603904,0,served
4310,3631.666453,3634.189648,3633.627588,2,served
4311,3631.666453,3634.577925,3633.942926,0,served
4312,3631.666453,3634.744420,3634.189648,2,served
4313,3632.639701,3636.405142,3634.577925,0,served
4314,3633.296241,3636.234854,3634.744420,2,served
4315,3633.296241,3636.388590,3636.234854,2,served
4316,3638.628299,3639.055812,3638.628299,0,served
4317,3639.911989,3640.577071,3639.911989,0,served
4318,3641.637700,3643.824889,3641.637700,0,served
4319,3644.203930,3645.407696,3644.203930,0,served
4320,3644.203930,3645.943324,3644.203930,1,served
4321,3644.725050,3647.416342,3644.725050,2,served
4322,3644.725050,3646.159234,3645.407696,0,served
4323,3644.725050,3646.016163,3645.943324,1,served
4324,3644.725050,3650.869945,3646.016163,1,served
4325,3644.725050,3651.258607,3646.159234,0,served
4326,3646.949835,3650.271626,3647.416342,2,served
4327,3648.342249,3659.739151,3650.271626,2,served
4328,3649.463348,3653.942341,3650.869945,1,served
4329,3649.713227,3652.289312,3651.258607,0,served
4330,3649.713227,3653.789638,3652.289312,0,served
4331,3650.400361,3653.799391,3653.789638,0,served
4332,3650.400361,3656.070661,3653.799391,0,served
4333,3650.583340,3656.275865,3653.942341,1,served
4334,3653.247104,3656.457103,3656.070661,0,served
4335,3654.995972,3656.387457,3656.275865,1,served
4336,3654.995972,3661.024429,3656.387457,1,served
4337,3655.818788,3658.502061,3656.457103,0,served
4338,3656.286057,3660.779973,3658.502061,0,served
4339,3656.286057,3662.802738,3659.739151,2,served
4340,3659.017828,3660.795566,3660.779973,0,served
4341,3663.040046,3663.187176,3663.040046,0,served
4342,3665.078601,3666.882581,3665.078601,0,served
4343,3665.078601,3665.729670,3665.078601,1,served
4344,3665.078601,3666.429435,3665.078601,2,served
4345,3665.078601,3667.081969,3665.729670,1,served
4346,3666.782322,3666.808495,3666.782322,2,served
4347,3667.143214,3667.354573,3667.143214,0,served
4348,3668.453513,3669.562206,3668.453513,0,served
4349,3668.453513,3670.800555,3668.453513,1,served
4350,3668.453513,3671.486815,3668.453513,2,served
4351,3668.453513,3671.217209,3669.562206,0,served
4352,3668.453513,3671.655536,3670.800555,1,served
4353,3671.347507,3672.414224,3671.347507,0,served
4354,3671.361358,3672.046177,3671.486815,2,served
4355,3671.361358,3674.298256,3671.655536,1,served
4356,3671.882318,3675.258697,3672.046177,2,served
4357,3676.661253,3677.688162,3676.661253,0,served
4358,3681.530034,3684.277340,3681.530034,0,served
4359,3682.210442,3682.957806,3682.210442,1,served
4360,3682.210442,3685.462944,3682.210442,2,served
4361,3682.210442,3689.394232,3682.957806,1,served
4362,3682.485637,3685.438536,3684.277340,0,served
4363,3682.485637,3686.205396,3685.438536,0,served
4364,3682.485637,3687.136189,3685.462944,2,served
4365,3685.121344,3689.315779,3686.205396,0,served
4366,3685.121344,3688.085374,3687.136189,2,served
4367,3685.121344,3691.907696,3688.085374,2,served
4368,3686.452167,3692.435666,3689.315779,0,served
4369,3692.817371,3694.368407,3692.817371,0,served
4370,3694.274760,3694.914438,3694.274760,1,served
4371,3694.274760,3702.080882,3694.274760,2,served
4372,3697.293521,3697.780103,3697.293521,0,served
4373,3697.293521,3699.120139,3697.293521,1,served
4374,3697.553358,3698.359752,3697.780103,0,served
4375,3697.553358,3699.330868,3698.359752,0,served
4376,3697.553358,3699.573294,3699.120139,1,served
4377,3698.616054,3699.713907,3699.330868,0,served
4378,3699.728709,3699.941915,3699.728709,0,served
4379,3699.728709,3699.839618,3699.728709,1,served
4380,3700.302337,3701.126388,3700.302337,0,served
4381,3700.302337,3701.687024,3700.302337,1,served
4382,3700.302337,3704.058788,3701.126388,0,served
4383,3700.781704,3703.643299,3701.687024,1,served
4384,3701.394616,3702.489519,3702.080882,2,served
4385,3701.448316,3705.585502,3702.489519,2,served
4386,3705.606073,3706.660965,3705.606073,0,served
4387,3707.172948,3709.275639,3707.172948,0,served
4388,3708.190171,3710.276538,3708.190171,1,served
4389,3708.190171,3711.019990,3708.190171,2,served
4390,3708.190171,3713.152287,3709.275639,0,served
4391,3708.190171,3711.796552,3710.276538,1,served
4392,3714.581600,3715.002257,3714.581600,0,served
4393,3714.581600,3721.554452,3714.581600,1,served
4394,3714.581600,3716.032097,3714.581600,2,served
4395,3714.581600,3718.059875,3715.002257,0,served
4396,3716.690771,3723.944690,3716.690771,2,served
4397,3718.766363,3718.976289,3718.766363,0,served
4398,3719.039381,3719.686661,3719.039381,0,served
4399,3719.039381,3719.934198,3719.686661,0,served
4400,3722.414469,3722.542349,3722.414469,0,served
4401,3722.414469,3722.804879,3722.414469,1,served
4402,3723.017361,3723.831968,3723.017361,0,served
4403,3723.017361,3742.352619,3723.017361,1,served
4404,3723.017361,3725.366981,3723.831968,0,served
4405,3723.465493,3725.461015,3723.944690,2,served
4406,3725.844574,3726.362655,3725.844574,0,served
4407,3725.844574,3730.194306,3725.844574,2,served
4408,3727.561825,3727.820608,3727.561825,0,served
4409,3729.393856,3733.617903,3729.393856,0,served
4410,3730.953906,3734.700615,3730.953906,2,served
4411,3730.953906,3736.746624,3733.617903,0,served
4412,3733.677742,3739.291448,3734.700615,2,served
4413,3733.677742,3737.321857,3736.746624,0,served
4414,3734.536015,3741.303242,3737.321857,0,served
4415,3736.631931,3739.547392,3739.291448,2,served
4416,3736.631931,3741.268310,3739.547392,2,served
4417,3736.631931,3744.701153,3741.268310,2,served
4418,3736.631931,3741.993094,3741.303242,0,served
4419,3736.631931,3742.031855,3741.993094,0,served
4420,3737.969554,3743.384342,3742.031855,0,served
4421,3740.613922,3746.697009,3742.352619,1,served
4422,3741.481020,3750.409254,3743.384342,0,served
4423,3742.887605,3749.309053,3744.701153,2,served
4424,3742.887605,3751.477390,3746.697009,1,served
4425,3742.887605,3756.718529,3749.309053,2,served
4426,3744.891109,3751.720867,3750.409254,0,served
4427,3744.891109,3751.846764,3751.477390,1,served
4428,3746.315533,3752.542542,3751.720867,0,served
4429,3746.651487,3753.082153,3751.846764,1,served
4430,3749.160549,3760.289485,3752.542542,0,served
4431,3749.160549,3755.643884,3753.082153,1,served
4432,3749.160549,3757.502347,3755.643884,1,served
4433,3749.617853,3758.784268,3756.718529,2,served
4434,3750.218407,3757.837832,3757.502347,1,served
4435,3750.218407,3759.180347,3757.837832,1,served
4436,3750.218407,3760.304865,3758.784268,2,served
4437,3750.218407,3760.311116,3759.180347,1,served
4438,3752.489978,3761.130732,3760.289485,0,served
4439,3757.903719,3761.420875,3760.304865,2,served
4440,3758.709142,3761.153774,3760.311116,1,served
4441,3758.709142,3762.656796,3761.130732,0,served
4442,3758.709142,3761.462220,3761.153774,1,served
4443,3758.872044,3762.537465,3761.420875,2,served
4444,3759.042224,3767.886432,3761.462220,1,served
4445,3759.042224,3770.449604,3762.537465,2,served
4446,3759.193211,3766.703259,3762.656796,0,served
4447,3761.386402,3773.546837,3766.703259,0,served
4448,3761.386402,3768.619896,3767.886432,1,served
4449,3761.386402,3771.632049,3768.619896,1,served
4450,3763.068333,3775.129269,3770.449604,2,served
4451,3763.068333,3773.029346,3771.632049,1,served
4452,3765.175700,3782.089688,3773.029346,1,served
4453,3767.283153,3774.418050,3773.546837,0,served
4454,3768.158224,3777.083593,3774.418050,0,served
4455,3769.148178,3777.037677,3775.129269,2,served
4456,3770.239995,3777.463725,3777.037677,2,served
4457,3770.239995,3778.719123,3777.083593,0,served
4458,3774.303428,3785.863424,3777.463725,2,served
4459,3774.742429,3779.304405,3778.719123,0,served
4460,3774.742429,3781.591038,3779.304405,0,served
4461,3779.680597,3782.408705,3781.591038,0,served
4462,3779.680597,3788.825729,3782.089688,1,served
4463,3780.701542,3783.031538,3782.408705,0,served
4464,3780.701542,3783.927754,3783.031538,0,served
4465,3780.808128,3785.753388,3783.927754,0,served
4466,3780.808128,3787.007491,3785.753388,0,served
4467,3781.185442,3786.474819,3785.863424,2,served
4468,3783.106769,3787.113864,3786.474819,2,served
4469,3783.106769,3788.380407,3787.007491,0,served
4470,3784.536784,3788.453341,3787.113864,2,served
4471,3785.156873,3788.638079,3788.380407,0,served
4472,3785.156873,3790.102342,3788.453341,2,served
4473,3785.156873,3789.091437,3788.638079,0,served
4474,3785.525283,3789.254458,3788.825729,1,served
4475,3790.098313,3791.268875,3790.098313,0,served
4476,3790.098313,3792.379697,3790.098313,1,served
4477,3790.098313,3791.824993,3790.102342,2,served
4478,3790.098313,3793.340595,3791.268875,0,served
4479,3794.107521,3795.324981,3794.107521,0,served
4480,3794.912605,3799.683900,3794.912605,1,served
4481,3796.354724,3796.712608,3796.354724,0,served
4482,3797.166599,3798.428510,3797.166599,0,served
4483,3797.962114,3799.137467,3797.962114,2,served
4484,3799.875698,3801.027735,3799.875698,0,served
4485,3801.148262,3803.954603,3801.148262,0,served
4486,3811.142317,3811.333509,3811.142317,0,served
4487,3812.090204,3812.390022,3812.090204,0,served
4488,3814.069817,3814.354487,3814.069817,0,served
4489,3814.069817,3815.195702,3814.069817,1,served
4490,3817.278710,3817.509202,3817.278710,0,served
4491,3817.954924,3818.192921,3817.954924,0,served
4492,3819.510426,3819.784996,3819.510426,0,served
4493,3819.510426,3822.252800,3819.510426,1,served
4494,3819.510426,3822.881163,3819.510426,2,served
4495,3821.234584,3823.745074,3821.234584,0,served
4496,3823.592284,3824.336279,3823.592284,1,served
4497,3823.592284,3825.826611,3823.592284,2,served
4498,3823.592284,3824.122927,3823.745074,0,served
4499,3825.731259,3826.681328,3825.731259,0,served
4500,3832.911765,3836.660903,3832.911765,0,served
4501,3832.911765,3837.714440,3832.911765,1,served
4502,3832.911765,3833.030539,3832.911765,2,served
4503,3834.339619,3835.816863,3834.339619,2,served
4504,3834.339619,3843.624354,3835.816863,2,served
4505,3834.339619,3838.651638,3836.660903,0,served
4506,3835.043573,3839.880815,3837.714440,1,served
4507,3837.414296,3839.807392,3838.651638,0,served
4508,3839.824386,3843.290849,3839.824386,0,served
4509,3842.220184,3848.335869,3842.220184,1,served
4510,3842.220184,3843.512803,3843.290849,0,served
4511,3842.926956,3843.739471,3843.512803,0,served
4512,3842.926956,3849.516563,3843.624354,2,served
4513,3842.926956,3844.606349,3843.739471,0,served
4514,3842.926956,3845.720718,3844.606349,0,served
4515,3846.213022,3847.024473,3846.213022,0,served
4516,3846.213022,3849.725962,3847.024473,0,served
4517,3846.213022,3848.709063,3848.335869,1,served
4518,3849.661227,3850.974512,3849.661227,1,served
4519,3849.661227,3850.461573,3849.661227,2,served
4520,3853.851285,3855.182228,3853.851285,0,served
4521,3858.804601,3860.269154,3858.804601,0,served
4522,3858.804601,3859.559446,3858.804601,1,served
4523,3858.804601,3860.925819,3858.804601,2,served
4524,3863.144082,3869.492260,3863.144082,0,served
4525,3863.144082,3863.668284,3863.144082,1,served
4526,3866.848519,3867.963573,3866.848519,1,served
4527,3867.687102,3871.760399,3867.687102,2,served
4528,3867.687102,3868.262876,3867.963573,1,served
4529,3867.687102,3868.688539,3868.262876,1,served
4530,3870.442609,3872.942996,3870.442609,0,served
4531,3870.442609,3871.534824,3870.442609,1,served
4532,3870.778182,3884.451066,3871.534824,1,served
4533,3870.778182,3872.592045,3871.760399,2,served
4534,3871.325893,3873.100689,3872.592045,2,served
4535,3871.325893,3875.836873,3872.942996,0,served
4536,3871.735591,3873.609802,3873.100689,2,served
4537,3874.212832,3877.233640,3874.212832,2,served
4538,3874.229645,3875.914709,3875.836873,0,served
4539,3874.229645,3879.169263,3875.914709,0,served
4540,3874.229645,3884.712496,3877.233640,2,served
4541,3874.229645,3882.684737,3879.169263,0,served
4542,3877.354049,3882.767169,3882.684737,0,served
4543,3877.454939,3883.748429,3882.767169,0,served
4544,3877.454939,3884.035958,3883.748429,0,served
4545,3877.454939,3884.631429,3884.035958,0,served
4546,3879.110818,3885.125437,3884.451066,1,served
4547,3880.067342,3885.810001,3884.631429,0,served
4548,3881.646312,3885.634726,3884.712496,2,served
4549,3884.349380,3887.080361,3885.125437,1,served
4550,3886.007116,3887.084119,3886.007116,0,served
4551,3887.978365,3888.379889,3887.978365,0,served
4552,3891.268672,3891.893506,3891.268672,0,served
4553,3891.268672,3891.921936,3891.268672,1,served
4554,3891.268672,3893.643985,3891.268672,2,served
4555,3892.815345,3892.847238,3892.815345,0,served
4556,3897.495619,3899.075731,3897.495619,0,served
4557,3897.495619,3898.835373,3897.495619,1,served
4558,3898.141738,3903.840972,3898.141738,2,served
4559,3898.141738,3902.191774,3898.835373,1,served
4560,3898.141738,3900.022642,3899.075731,0,served
4561,3898.404823,3900.033262,3900.022642,0,served
4562,3899.229430,3903.482265,3900.033262,0,served
4563,3902.124964,3903.912254,3902.191774,1,served
4564,3902.124964,3904.325669,3903.482265,0,served
4565,3903.172294,3906.599141,3903.840972,2,served
4566,3903.172294,3911.202221,3903.912254,1,served
4567,3904.713764,3912.471283,3904.713764,0,served
4568,3905.597441,3909.645467,3906.599141,2,served
4569,3905.997318,3910.767338,3909.645467,2,served
4570,3905.997318,3914.165225,3910.767338,2,served
4571,3905.997318,3915.758412,3911.202221,1,served
4572,3907.152450,3923.685478,3912.471283,0,served
4573,3907.152450,3919.062316,3914.165225,2,served
4574,3907.152450,3916.127377,3915.758412,1,served
4575,3907.152450,3916.425437,3916.127377,1,served
4576,3907.152450,3918.547320,3916.425437,1,served
4577,3907.758324,3928.138068,3918.547320,1,served
4578,3907.758324,3921.651505,3919.062316,2,served
4579,3907.758324,3922.467160,3921.651505,2,served
4580,3907.891583,3924.489665,3922.467160,2,served
4581,3908.563930,3923.791874,3923.685478,0,served
4582,3910.860221,3924.630551,3923.791874,0,served
4583,3911.629059,3925.230924,3924.489665,2,served
4584,3911.629059,3924.961957,3924.630551,0,served
4585,3912.270291,3925.125086,3924.961957,0,served
4586,3913.877368,3925.483564,3925.125086,0,served
4587,3914.150695,3935.403627,3925.230924,2,served
4588,3914.358921,3926.461954,3925.483564,0,served
4589,3914.358921,3928.738122,3926.461954,0,served
4590,3915.044757,3945.106587,3928.138068,1,served
4591,3915.044757,3940.178630,3928.738122,0,served
4592,3915.044757,3937.540555,3935.403627,2,served
4593,3915.044757,3942.869602,3937.540555,2,served
4594,3919.181866,3940.195732,3940.178630,0,served
4595,3922.443012,3943.226856,3940.195732,0,served
4596,3922.443012,3948.421805,3942.869602,2,served
4597,3924.198796,3944.356988,3943.226856,0,served
4598,3924.820511,3944.893906,3944.356988,0,served
4599,3925.415180,3945.158088,3944.893906,0,served
4600,3925.415180,3947.157120,3945.106587,1,served
4601,3925.448247,3945.907575,3945.158088,0,served
4602,3925.448247,3946.281494,3945.907575,0,served
4603,3925.448247,3947.595741,3946.281494,0,served
4604,3925.448247,3949.147942,3947.157120,1,served
4605,3925.448247,3948.098790,3947.595741,0,served
4606,3925.448247,3949.281164,3948.098790,0,served
4607,3925.448247,3949.611152,3948.421805,2,served
4608,3925.448247,3949.752247,3949.147942,1,served
4609,3925.448247,3950.164634,3949.281164,0,served
4610,3925.448247,3950.509286,3949.611152,2,served
4611,3927.575650,3952.183688,3949.752247,1,served
4612,3928.286304,3950.743807,3950.164634,0,served
4613,3928.286304,3958.368634,3950.509286,2,served
4614,3928.533026,3952.666630,3950.743807,0,served
4615,3928.533026,3953.416894,3952.183688,1,served
4616,3928.533026,3954.686105,3952.666630,0,served
4617,3928.533026,3954.863813,3953.416894,1,served
4618,3928.857153,3954.817593,3954.686105,0,served
4619,3928.857153,3956.168322,3954.817593,0,served
4620,3928.857153,3957.010729,3954.863813,1,served
4621,3928.857153,3957.597252,3956.168322,0,served
4622,3928.857153,3957.822787,3957.010729,1,served
4623,3929.418160,3959.624810,3957.597252,0,served
4624,3930.088972,3959.307701,3957.822787,1,served
4625,3934.192124,3963.796453,3958.368634,2,served
4626,3936.831686,3962.398619,3959.307701,1,served
4627,3938.070331,3962.075425,3959.624810,0,served
4628,3938.070331,3964.091930,3962.075425,0,served
4629,3938.070331,3969.731688,3962.398619,1,served
4630,3938.187693,3972.326127,3963.796453,2,served
4631,3938.187693,3964.262809,3964.091930,0,served
4632,3938.187693,3964.448986,3964.262809,0,served
4633,3938.187693,3968.224227,3964.448986,0,served
4634,3938.187693,3978.132850,3968.224227,0,served
4635,3940.059707,3970.288020,3969.731688,1,served
4636,3940.302710,3972.395249,3970.288020,1,served
4637,3940.302710,3975.940507,3972.326127,2,served
4638,3944.979040,3973.222643,3972.395249,1,served
4639,3944.979040,3973.380414,3973.222643,1,served
4640,3944.979040,3973.692586,3973.380414,1,served
4641,3944.979040,3975.896978,3973.692586,1,served
4642,3944.979040,3976.892146,3975.896978,1,served
4643,3944.979040,3976.569015,3975.940507,2,served
4644,3944.979040,3977.678677,3976.569015,2,served
4645,3944.979040,3981.163531,3976.892146,1,served
4646,3946.378726,3978.490428,3977.678677,2,served
4647,3946.654386,3978.972937,3978.132850,0,served
4648,3948.708784,3979.339014,3978.490428,2,served
4649,3948.708784,3982.989708,3978.972937,0,served
4650,3948.708784,3980.138679,3979.339014,2,served
4651,3950.151570,3982.510450,3980.138679,2,served
4652,3951.177243,3981.982143,3981.163531,1,served
4653,3952.893302,3986.578076,3981.982143,1,served
4654,3952.893302,3982.659400,3982.510450,2,served
4655,3955.101003,3983.346822,3982.659400,2,served
4656,3955.101003,3983.096272,3982.989708,0,served
4657,3955.282853,3989.908413,3983.096272,0,served
4658,3956.092757,3987.992046,3983.346822,2,served
4659,3957.606875,3987.304633,3986.578076,1,served
4660,3957.606875,3988.593416,3987.304633,1,served
4661,3957.606875,3990.928754,3987.992046,2,served
4662,3962.264189,3989.744137,3988.593416,1,served
4663,3965.320990,3989.765845,3989.744137,1,served
4664,3965.320990,3991.669102,3989.765845,1,served
4665,3966.873196,3991.848692,3989.908413,0,served
4666,3966.873196,3994.414566,3990.928754,2,served
4667,3967.185343,3992.324070,3991.669102,1,served
4668,3967.510886,3996.721138,3991.848692,0,served
4669,3967.510886,3997.218787,3992.324070,1,served
4670,3967.510886,4004.679523,3994.414566,2,served
4671,3967.510886,3996.965719,3996.721138,0,served
4672,3967.510886,3996.982613,3996.965719,0,served
4673,3967.510886,3997.047872,3996.982613,0,served
4674,3968.446876,3999.952093,3997.047872,0,served
4675,3968.446876,4003.435747,3997.218787,1,served
4676,3968.943145,4001.769689,3999.952093,0,served
4677,3968.943145,4005.794949,4001.769689,0,served
4678,3969.140415,4009.217279,4003.435747,1,served
4679,3969.140415,4007.838339,4004.679523,2,served
4680,3974.757207,4005.922269,4005.794949,0,served
4681,3974.918610,4008.281827,4005.922269,0,served
4682,3980.972031,4008.367283,4007.838339,2,served
4683,3980.972031,4010.058050,4008.281827,0,served
4684,3980.972031,4008.649847,4008.367283,2,served
4685,3980.972031,4009.427603,4008.649847,2,served
4686,3982.302491,4020.765090,4009.217279,1,served
4687,3982.302491,4010.473776,4009.427603,2,served
4688,3983.409925,4010.294528,4010.058050,0,served
4689,3984.228271,4011.531424,4010.294528,0,served
4690,3984.228271,4014.363977,4010.473776,2,served
4691,3984.228271,4013.068816,4011.531424,0,served
4692,3985.721668,4015.658805,4013.068816,0,served
4693,3985.721668,4014.670052,4014.363977,2,served
4694,3986.225959,4026.041908,4014.670052,2,served
4695,3988.354323,4017.100705,4015.658805,0,served
4696,3989.412452,4017.989671,4017.100705,0,served
4697,3990.586215,4018.053969,4017.989671,0,served
4698,3990.882005,4018.958458,4018.053969,0,served
4699,3992.847746,4022.140136,4018.958458,0,served
4700,3992.847746,4024.873732,4020.765090,1,served
4701,3995.084715,4022.700675,4022.140136,0,served
4702,3995.084715,4027.269689,4022.700675,0,served
4703,4002.569044,4026.005102,4024.873732,1,served
4704,4004.204640,4027.284395,4026.005102,1,served
4705,4007.461455,4029.250101,4026.041908,2,served
4706,4008.162719,4027.277835,4027.269689,0,served
4707,4009.467898,4028.398288,4027.277835,0,served
4708,4010.667516,4031.494574,4027.284395,1,served
4709,4015.832726,4029.587411,4028.398288,0,served
4710,4016.773097,4029.638473,4029.250101,2,served
4711,4016.773097,4029.854149,4029.587411,0,served
4712,4016.773097,4032.463893,4029.638473,2,served
4713,4016.773097,4030.721876,4029.854149,0,served
4714,4016.773097,4031.666986,4030.721876,0,served
4715,4025.468284,4031.892811,4031.494574,1,served
4716,4025.468284,4032.481339,4031.666986,0,served
4717,4025.531546,4032.139217,4031.892811,1,served
4718,4027.141068,4037.323976,4032.139217,1,served
4719,4028.016080,4032.795819,4032.463893,2,served
4720,4029.216736,4034.128549,4032.481339,0,served
4721,4029.981513,4034.028991,4032.795819,2,served
4722,4030.235495,4034.159852,4034.028991,2,served
4723,4030.235495,4034.502796,4034.128549,0,served
4724,4030.235495,4038.239050,4034.159852,2,served
4725,4031.258276,4040.764541,4034.502796,0,served
4726,4031.258276,4041.510799,4037.323976,1,served
4727,4032.186879,4041.797797,4038.239050,2,served
4728,4032.186879,4041.195024,4040.764541,0,served
4729,4032.186879,4041.441837,4041.195024,0,served
4730,4032.186879,4041.758363,4041.441837,0,served
4731,4032.380465,4046.321251,4041.510799,1,served
4732,4032.380465,4042.947270,4041.758363,0,served
4733,4033.811401,4046.292600,4041.797797,2,served
4734,4033.996648,4044.929190,4042.947270,0,served
4735,4033.996648,4047.569509,4044.929190,0,served
4736,4034.424405,4050.986416,4046.292600,2,served
4737,4034.424405,4050.756537,4046.321251,1,served
4738,4036.751180,4051.536965,4047.569509,0,served
4739,4036.751180,4050.910299,4050.756537,1,served
4740,4036.751180,4051.477259,4050.910299,1,served
4741,4038.330135,4051.952783,4050.986416,2,served
4742,4038.330135,4055.301796,4051.477259,1,served
4743,4038.330135,4051.618837,4051.536965,0,served
4744,4038.330135,4052.819661,4051.618837,0,served
4745,4042.010294,4061.797357,4051.952783,2,served
4746,4042.010294,4055.775282,4052.819661,0,served
4747,4045.526671,4059.847387,4055.301796,1,served
4748,4045.766849,4056.599472,4055.775282,0,served
4749,4045.873802,4057.315790,4056.599472,0,served
4750,4046.960904,4059.364650,4057.315790,0,served
4751,4049.392425,4060.635576,4059.364650,0,served
4752,4049.392425,4060.874050,4059.847387,1,served
4753,4049.392425,4061.794181,4060.635576,0,served
4754,4050.053257,4062.125145,4060.874050,1,served
4755,4051.041680,4065.888218,4061.794181,0,served
4756,4051.348323,4067.233769,4061.797357,2,served
4757,4051.348323,4064.233330,4062.125145,1,served
4758,4051.348323,4064.251574,4064.233330,1,served
4759,4051.558424,4067.267501,4064.251574,1,served
4760,4053.468576,4069.548755,4065.888218,0,served
4761,4053.468576,4069.185869,4067.233769,2,served
4762,4053.468576,4067.811658,4067.267501,1,served
4763,4054.492473,4069.441043,4067.811658,1,served
4764,4054.492473,4071.574554,4069.185869,2,served
4765,4054.492473,4069.940809,4069.441043,1,served
4766,4055.148334,4069.667377,4069.548755,0,served
4767,4055.148334,4071.731193,4069.667377,0,served
4768,4055.148334,4073.228799,4069.940809,1,served
4769,4055.148334,4072.489904,4071.574554,2,served
4770,4055.148334,4073.974030,4071.731193,0,served
4771,4055.148334,4078.785134,4072.489904,2,served
4772,4055.514957,4075.588294,4073.228799,1,served
4773,4055.514957,4074.014706,4073.974030,0,served
4774,4055.514957,4074.637190,4074.014706,0,served
4775,4057.529486,4074.708567,4074.637190,0,served
4776,4057.529486,4075.377607,4074.708567,0,served
4777,4060.712534,4076.568415,4075.377607,0,served
4778,4060.712534,4075.756425,4075.588294,1,served
4779,4061.834815,4078.941802,4075.756425,1,served
4780,4062.487062,4077.429780,4076.568415,0,served
4781,4064.204210,4080.976552,4077.429780,0,served
4782,4064.204210,4079.468245,4078.785134,2,served
4783,4064.204210,4079.987360,4078.941802,1,served
4784,4064.985440,4085.935669,4079.468245,2,served
4785,4066.156352,4084.183560,4079.987360,1,served
4786,4070.050481,4081.611289,4080.976552,0,served
4787,4072.703373,4082.365797,4081.611289,0,served
4788,4073.994868,4085.645064,4082.365797,0,served
4789,4075.063237,4085.468858,4084.183560,1,served
4790,4075.063237,4088.156089,4085.468858,1,served
4791,4076.766647,4086.321626,4085.645064,0,served
4792,4079.803989,4086.786235,4085.935669,2,served
4793,4081.596511,4088.123910,4086.321626,0,served
4794,4083.327340,4088.381275,4086.786235,2,served
4795,4084.049255,4088.610644,4088.123910,0,served
4796,4085.508871,4089.807999,4088.156089,1,served
4797,4085.508871,4094.901682,4088.381275,2,served
4798,4085.542505,4090.883894,4088.610644,0,served
4799,4086.017166,4091.962661,4089.807999,1,served
4800,4086.017166,4091.719266,4090.883894,0,served
4801,4086.021034,4092.736892,4091.719266,0,served
4802,4086.513868,4092.067672,4091.962661,1,served
4803,4086.618725,4093.235227,4092.067672,1,served
4804,4086.645345,4093.739393,4092.736892,0,served
4805,4086.854688,4094.215775,4093.235227,1,served
4806,4088.095045,4096.311191,4093.739393,0,served
4807,4088.095045,4094.360036,4094.215775,1,served
4808,4088.695131,4094.918482,4094.360036,1,served
4809,4088.695131,4095.252629,4094.901682,2,served
4810,4088.806551,4103.205394,4094.918482,1,served
4811,4095.674942,4095.704171,4095.674942,2,served
4812,4095.674942,4096.360126,4095.704171,2,served
4813,4095.674942,4101.573253,4096.311191,0,served
4814,4095.674942,4101.768833,4096.360126,2,served
4815,4097.050630,4103.575206,4101.573253,0,served
4816,4097.050630,4104.452089,4101.768833,2,served
4817,4097.255428,4103.427730,4103.205394,1,served
4818,4100.064458,4105.232867,4103.427730,1,served
4819,4100.206627,4103.961315,4103.575206,0,served
4820,4100.206627,4104.497261,4103.961315,0,served
4821,4100.206627,4104.776948,4104.452089,2,served
4822,4100.769190,4105.664015,4104.497261,0,served
4823,4100.769190,4105.102774,4104.776948,2,served
4824,4101.538797,4105.674716,4105.102774,2,served
4825,4101.538797,4106.696715,4105.232867,1,served
4826,4102.086899,4107.887199,4105.664015,0,served
4827,4102.086899,4106.643407,4105.674716,2,served
4828,4102.086899,4111.900066,4106.643407,2,served
4829,4102.086899,4106.882360,4106.696715,1,served
4830,4102.086899,4108.196939,4106.882360,1,served
4831,4106.480395,4109.994191,4107.887199,0,served
4832,4108.709730,4109.579222,4108.709730,1,served
4833,4108.709730,4111.200471,4109.579222,1,served
4834,4108.709730,4112.643217,4109.994191,0,served
4835,4108.709730,4117.382604,4111.200471,1,served
4836,4109.252068,4117.252705,4111.900066,2,served
4837,4111.119353,4113.445457,4112.643217,0,served
4838,4111.119353,4113.509480,4113.445457,0,served
4839,4113.451487,4113.857555,4113.509480,0,served
4840,4113.451487,4114.629516,4113.857555,0,served
4841,4113.906991,4115.703511,4114.629516,0,served
4842,4114.423120,4120.487391,4115.703511,0,served
4843,4114.423120,4123.903061,4117.252705,2,served
4844,4114.423120,4118.072811,4117.382604,1,served
4845,4114.423120,4118.456614,4118.072811,1,served
4846,4114.423120,4123.150845,4118.456614,1,served
4847,4114.423120,4120.967622,4120.487391,0,served
4848,4116.897703,4121.769116,4120.967622,0,served
4849,4117.707542,4121.776779,4121.769116,0,served
4850,4117.795339,4121.817131,4121.776779,0,served
4851,4118.074619,4121.823475,4121.817131,0,served
4852,4118.074619,4121.970617,4121.823475,0,served
4853,4118.074619,4122.044130,4121.970617,0,served
4854,4124.723256,4124.875814,4124.723256,0,served
4855,4124.723256,4127.388424,4124.723256,1,served
4856,4126.330565,4130.397393,4126.330565,0,served
4857,4126.330565,4138.127245,4126.330565,2,served
4858,4126.330565,4132.637794,4127.388424,1,served
4859,4126.609068,4130.421709,4130.397393,0,served
4860,4128.937820,4132.677938,4130.421709,0,served
4861,4128.937820,4145.166965,4132.637794,1,served
4862,4132.435996,4134.071789,4132.677938,0,served
4863,4133.619116,4135.574161,4134.071789,0,served
4864,4133.619116,4137.157249,4135.574161,0,served
4865,4133.619116,4137.680700,4137.157249,0,served
4866,4133.632098,4138.731952,4137.680700,0,served
4867,4133.632098,4138.739648,4138.127245,2,served
4868,4133.694430,4140.778396,4138.731952,0,served
4869,4133.694430,4142.868015,4138.739648,2,served
4870,4143.119898,4143.189732,4143.119898,0,served
4871,4143.167549,4144.121454,4143.167549,2,served
4872,4143.967417,4145.256079,4143.967417,0,served
4873,4143.967417,4147.884262,4144.121454,2,served
4874,4143.967417,4150.051191,4145.166965,1,served
4875,4143.967417,4148.703047,4145.256079,0,served
4876,4151.155101,4151.830295,4151.155101,0,served
4877,4155.414111,4156.479444,4155.414111,0,served
4878,4160.172110,4160.913450,4160.172110,0,served
4879,4160.354953,4163.075474,4160.354953,1,served
4880,4162.424353,4163.001562,4162.424353,0,served
4881,4163.499517,4164.310229,4163.499517,0,served
4882,4163.499517,4166.570874,4163.499517,1,served
4883,4163.499517,4164.416223,4163.499517,2,served
4884,4165.205750,4169.008030,4165.205750,0,served
4885,4167.438571,4169.860725,4167.438571,1,served
4886,4167.438571,4168.196636,4167.438571,2,served
4887,4167.864073,4168.584825,4168.196636,2,served
4888,4167.864073,4168.890435,4168.584825,2,served
4889,4167.864073,4169.220713,4168.890435,2,served
4890,4169.796638,4170.044054,4169.796638,0,served
4891,4169.812479,4170.761724,4169.812479,2,served
4892,4171.247060,4173.696467,4171.247060,0,served
4893,4172.458738,4173.059485,4172.458738,1,served
4894,4172.466304,4176.994274,4172.466304,2,served
4895,4172.466304,4175.327945,4173.059485,1,served
4896,4172.466304,4174.840824,4173.696467,0,served
4897,4172.671925,4175.244678,4174.840824,0,served
4898,4173.411369,4176.492755,4175.244678,0,served
4899,4175.099240,4177.061249,4175.327945,1,served
4900,4178.154749,4179.235994,4178.154749,0,served
4901,4178.154749,4178.589268,4178.154749,1,served
4902,4178.154749,4180.400084,4178.154749,2,served
4903,4178.198496,4185.787841,4178.589268,1,served
4904,4178.198496,4179.733061,4179.235994,0,served
4905,4179.587512,4185.004911,4179.733061,0,served
4906,4179.587512,4182.938874,4180.400084,2,served
4907,4179.661167,4188.427136,4182.938874,2,served
4908,4179.661167,4186.131664,4185.004911,0,served
4909,4179.661167,4185.965219,4185.787841,1,served
4910,4179.914207,4191.487639,4185.965219,1,served
4911,4182.784594,4188.914350,4186.131664,0,served
4912,4184.613453,4190.288935,4188.427136,2,served
4913,4185.714739,4189.552248,4188.914350,0,served
4914,4189.447036,4190.987864,4189.552248,0,served
4915,4192.836739,4198.955755,4192.836739,0,served
4916,4193.321665,4195.968381,4193.321665,1,served
4917,4193.321665,4194.722932,4193.321665,2,served
4918,4199.227453,4201.175224,4199.227453,0,served
4919,4199.227453,4200.451322,4199.227453,1,served
4920,4199.273997,4202.350038,4199.273997,2,served
4921,4199.273997,4209.843501,4200.451322,1,served
4922,4199.273997,4202.383318,4201.175224,0,served
4923,4199.273997,4202.908958,4202.350038,2,served
4924,4199.273997,4203.063486,4202.383318,0,served
4925,4199.273997,4203.192855,4202.908958,2,served
4926,4205.922289,4206.678807,4205.922289,0,served
4927,4206.299283,4208.837687,4206.299283,2,served
4928,4207.383344,4208.788861,4207.383344,0,served
4929,4207.383344,4211.962179,4208.788861,0,served
4930,4209.004122,4219.568758,4209.004122,2,served
4931,4209.004122,4211.153049,4209.843501,1,served
4932,4209.004122,4215.380435,4211.153049,1,served
4933,4211.732509,4212.806821,4211.962179,0,served
4934,4211.732509,4213.491383,4212.806821,0,served
4935,4211.732509,4215.819069,4213.491383,0,served
4936,4212.681319,4219.283086,4215.380435,1,served
4937,4213.222976,4216.352333,4215.819069,0,served
4938,4213.222976,4216.381026,4216.352333,0,served
4939,4213.222976,4217.660101,4216.381026,0,served
4940,4215.032554,4218.385293,4217.660101,0,served
4941,4217.776166,4218.563467,4218.385293,0,served
4942,4217.776166,4219.694589,4218.563467,0,served
4943,4218.631265,4219.916853,4219.283086,1,served
4944,4218.631265,4220.541122,4219.568758,2,served
4945,4220.432318,4225.889331,4220.432318,0,served
4946,4222.276534,4229.179317,4222.276534,1,served
4947,4222.276534,4225.380071,4222.276534,2,served
4948,4222.276534,4226.741640,4225.380071,2,served
4949,4222.276534,4227.967717,4225.889331,0,served
4950,4224.082676,4237.187419,4226.741640,2,served
4951,4229.484524,4229.491297,4229.484524,0,served
4952,4229.741077,4232.938985,4229.741077,0,served
4953,4229.741077,4230.347057,4229.741077,1,served
4954,4229.741077,4235.711556,4230.347057,1,served
4955,4232.971076,4234.009044,4232.971076,0,served
4956,4233.491669,4234.152876,4234.009044,0,served
4957,4233.987712,4235.010647,4234.152876,0,served
4958,4233.987712,4236.220848,4235.010647,0,served
4959,4236.281722,4236.305728,4236.281722,0,served
4960,4240.415002,4243.277296,4240.415002,0,served
4961,4246.272195,4247.879741,4246.272195,0,served
4962,4246.978318,4249.726882,4246.978318,1,served
4963,4246.978318,4247.821173,4246.978318,2,served
4964,4246.978318,4248.752678,4247.821173,2,served
4965,4246.978318,4252.677196,4247.879741,0,served
4966,4250.380606,4251.386987,4250.380606,1,served
4967,4251.260442,4253.387263,4251.260442,2,served
4968,4254.666846,4255.013352,4254.666846,0,served
4969,4254.666846,4257.681906,4254.666846,1,served
4970,4254.666846,4255.959013,4254.666846,2,served
4971,4254.666846,4255.524526,4255.013352,0,served
4972,4254.666846,4257.839024,4255.524526,0,served
4973,4255.230063,4257.110596,4255.959013,2,served
4974,4256.792036,4258.194611,4257.110596,2,served
4975,4257.074331,4264.445780,4257.681906,1,served
4976,4257.074331,4260.295886,4257.839024,0,served
4977,4257.633680,4263.127796,4258.194611,2,served
4978,4257.633680,4261.275047,4260.295886,0,served
4979,4257.633680,4261.326194,4261.275047,0,served
4980,4257.633680,4261.354702,4261.326194,0,served
4981,4257.790627,4262.183473,4261.354702,0,served
4982,4257.790627,4263.916555,4262.183473,0,served
4983,4257.790627,4264.792891,4263.127796,2,served
4984,4258.047455,4264.578404,4263.916555,0,served
4985,4258.047455,4266.893022,4264.445780,1,served
4986,4258.047455,4265.925709,4264.578404,0,served
4987,4260.363758,4265.055428,4264.792891,2,served
4988,4261.078321,4266.311689,4265.055428,2,served
4989,4261.078321,4266.030530,4265.925709,0,served
4990,4261.078321,4266.201897,4266.030530,0,served
4991,4261.858700,4269.861209,4266.201897,0,served
4992,4261.858700,4267.460405,4266.311689,2,served
4993,4262.347984,4267.081559,4266.893022,1,served
4994,4262.347984,4276.250183,4267.081559,1,served
4995,4262.347984,4267.727136,4267.460405,2,served
4996,4264.238829,4268.660232,4267.727136,2,served
4997,4265.002548,4270.225490,4268.660232,2,served
4998,4265.002548,4270.646231,4269.861209,0,served
4999,4265.002548,4270.537816,4270.225490,2,served
5000,4265.002548,4273.192495,4270.537816,2,served
5001,4266.132479,4271.570904,4270.646231,0,served
5002,4266.556340,4271.918064,4271.570904,0,served
5003,4276.268362,4279.074451,4276.268362,0,served
5004,4277.677941,4298.375006,4277.677941,1,served
5005,4277.678431,4279.522962,4277.678431,2,served
5006,4277.678431,4280.143076,4279.074451,0,served
5007,4278.179857,4283.458493,4279.522962,2,served
5008,4278.765467,4284.631379,4280.143076,0,served
5009,4278.765467,4285.333472,4283.458493,2,served
5010,4278.949047,4284.866643,4284.631379,0,served
5011,4278.949047,4286.165781,4284.866643,0,served
5012,4278.949047,4286.359495,4285.333472,2,served
5013,4280.157616,4288.920165,4286.165781,0,served
5014,4280.157616,4291.750733,4286.359495,2,served
5015,4283.080498,4289.966326,4288.920165,0,served
5016,4283.080498,4290.738567,4289.966326,0,served
5017,4284.719754,4291.646132,4290.738567,0,served
5018,4289.049397,4297.584685,4291.646132,0,served
5019,4290.108270,4297.498935,4291.750733,2,served
5020,4290.108270,4299.101588,4297.498935,2,served
5021,4290.108270,4298.477082,4297.584685,0,served
5022,4290.108270,4304.940257,4298.375006,1,served
5023,4290.427199,4299.106927,4298.477082,0,served
5024,4290.427199,4299.708201,4299.101588,2,served
5025,4291.488289,4299.983555,4299.106927,0,served
5026,4292.829957,4301.843239,4299.708201,2,served
5027,4293.006344,4300.903063,4299.983555,0,served
5028,4294.175516,4301.931378,4300.903063,0,served
5029,4294.175516,4302.043128,4301.843239,2,served
5030,4295.529856,4302.612671,4301.931378,0,served
5031,4295.555607,4306.556247,4302.043128,2,served
5032,4296.705751,4303.694479,4302.612671,0,served
5033,4296.705751,4304.738188,4303.694479,0,served
5034,4299.230575,4305.525000,4304.738188,0,served
5035,4299.230575,4306.583334,4304.940257,1,served
5036,4299.230575,4306.000751,4305.525000,0,served
5037,4299.323296,4306.328368,4306.000751,0,served
5038,4301.235966,4307.780099,4306.328368,0,served
5039,4301.235966,4306.677556,4306.556247,2,served
5040,4301.235966,4307.072796,4306.583334,1,served
5041,4301.588010,4313.780489,4306.677556,2,served
5042,4301.588010,4313.493068,4307.072796,1,served
5043,4301.588010,4309.184024,4307.780099,0,served
5044,4301.588010,4312.962871,4309.184024,0,served
5045,4307.901541,4313.317709,4312.962871,0,served
5046,4307.901541,4317.370241,4313.317709,0,served
5047,4308.179929,4314.215500,4313.493068,1,served
5048,4308.179929,4314.015998,4313.780489,2,served
5049,4308.179929,4315.397377,4314.015998,2,served
5050,4308.179929,4318.383389,4314.215500,1,served
5051,4308.455001,4315.485250,4315.397377,2,served
5052,4308.455001,4325.312875,4315.485250,2,served
5053,4309.266343,4317.527341,4317.370241,0,served
5054,4309.837058,4317.702295,4317.527341,0,served
5055,4310.986607,4317.996416,4317.702295,0,served
5056,4310.986607,4320.520133,4317.996416,0,served
5057,4311.597067,4318.441474,4318.383389,1,served
5058,4311.597067,4325.549498,4318.441474,1,served
5059,4311.937458,4321.890427,4320.520133,0,served
5060,4314.648500,4322.752173,4321.890427,0,served
5061,4315.015686,4322.913916,4322.752173,0,served
5062,4317.698451,4323.985850,4322.913916,0,served
5063,4319.053056,4324.846281,4323.985850,0,served
5064,4321.164591,4330.464162,4324.846281,0,served
5065,4323.572962,4325.499029,4325.312875,2,served
5066,4323.572962,4331.647275,4325.499029,2,served
5067,4323.572962,4327.173205,4325.549498,1,served
5068,4323.572962,4327.390040,4327.173205,1,served
5069,4326.210511,4328.198707,4327.390040,1,served
5070,4329.105523,4329.436917,4329.105523,1,served
5071,4336.676433,4337.440931,4336.676433,0,served
5072,4336.676433,4338.528546,4336.676433,1,served
5073,4336.676433,4347.140714,4336.676433,2,served
5074,4337.780890,4339.108196,4337.780890,0,served
5075,4337.780890,4340.054404,4338.528546,1,served
5076,4340.256650,4340.380691,4340.256650,0,served
5077,4342.264854,4342.735557,4342.264854,0,served
5078,4343.660744,4344.317768,4343.660744,0,served
5079,4343.660744,4346.662333,4343.660744,1,served
5080,4343.660744,4348.814951,4344.317768,0,served
5081,4344.721296,4348.290085,4346.662333,1,served
5082,4345.652313,4347.296461,4347.140714,2,served
5083,4349.180726,4350.169611,4349.180726,0,served
5084,4349.180726,4354.925395,4349.180726,1,served
5085,4349.180726,4350.222921,4349.180726,2,served
5086,4349.180726,4350.645959,4350.169611,0,served
5087,4349.784833,4353.645185,4350.222921,2,served
5088,4349.784833,4351.701175,4350.645959,0,served
5089,4351.445839,4351.716180,4351.701175,0,served
5090,4351.571817,4353.047140,4351.716180,0,served
5091,4351.571817,4354.073117,4353.047140,0,served
5092,4351.571817,4354.522357,4353.645185,2,served
5093,4353.687798,4354.507983,4354.073117,0,served
5094,4353.687798,4356.334641,4354.507983,0,served
5095,4353.687798,4355.019932,4354.522357,2,served
5096,4355.182602,4355.761050,4355.182602,1,served
5097,4355.182602,4355.412498,4355.182602,2,served
5098,4355.182602,4357.087465,4355.412498,2,served
5099,4355.299682,4356.095995,4355.761050,1,served
5100,4355.299682,4359.322115,4356.095995,1,served
5101,4355.782950,4357.532752,4356.334641,0,served
5102,4355.782950,4360.840090,4357.087465,2,served
5103,4355.782950,4357.571363,4357.532752,0,served
5104,4359.141079,4359.363947,4359.141079,0,served
5105,4364.104391,4365.721887,4364.104391,0,served
5106,4364.104391,4365.979512,4364.104391,1,served
5107,4364.104391,4371.953669,4364.104391,2,served
5108,4364.931249,4366.967892,4365.721887,0,served
5109,4364.931249,4372.141009,4365.979512,1,served
5110,4366.871021,4368.241469,4366.967892,0,served
5111,4366.871021,4368.411690,4368.241469,0,served
5112,4369.189151,4369.926461,4369.189151,0,served
5113,4369.189151,4371.086258,4369.926461,0,served
5114,4369.189151,4372.373017,4371.086258,0,served
5115,4369.189151,4372.568935,4371.953669,2,served
5116,4369.871451,4377.172763,4372.141009,1,served
5117,4370.829805,4373.270687,4372.373017,0,served
5118,4370.829805,4374.015529,4372.568935,2,served
5119,4371.651352,4374.036460,4373.270687,0,served
5120,4374.079419,4376.441275,4374.079419,0,served
5121,4375.199562,4376.667708,4375.199562,2,served
5122,4378.095158,4378.131322,4378.095158,0,served
5123,4378.095158,4378.617064,4378.095158,1,served
5124,4378.095158,4381.676566,4378.095158,2,served
5125,4378.095158,4380.048641,4378.131322,0,served
5126,4378.095158,4381.293712,4378.617064,1,served
5127,4378.095158,4380.262101,4380.048641,0,served
5128,4378.708127,4382.278416,4380.262101,0,served
5129,4379.339183,4381.555695,4381.293712,1,served
5130,4379.339183,4383.426389,4381.555695,1,served
5131,4379.339183,4381.771825,4381.676566,2,served
5132,4379.339183,4385.573662,4381.771825,2,served
5133,4380.020266,4383.933284,4382.278416,0,served
5134,4381.241128,4384.704276,4383.426389,1,served
5135,4383.029997,4385.534302,4383.933284,0,served
5136,4383.607660,4387.129380,4384.704276,1,served
5137,4385.595456,4385.695747,4385.595456,0,served
5138,4385.595456,4386.529930,4385.595456,2,served
5139,4386.079217,4386.226191,4386.079217,0,served
5140,4386.079217,4386.720412,4386.226191,0,served
5141,4386.079217,4386.893505,4386.529930,2,served
5142,4392.468831,4392.594800,4392.468831,0,served
5143,4397.128499,4398.780463,4397.128499,0,served
5144,4397.528342,4410.343727,4397.528342,1,served
5145,4398.057585,4398.690585,4398.057585,2,served
5146,4398.057585,4413.513954,4398.690585,2,served
5147,4399.409628,4399.773477,4399.409628,0,served
5148,4399.798195,4400.649714,4399.798195,0,served
5149,4402.576035,4402.934514,4402.576035,0,served
5150,4402.576035,4404.428263,4402.934514,0,served
5151,4402.576035,4405.058121,4404.428263,0,served
5152,4403.655554,4406.461403,4405.058121,0,served
5153,4404.332920,4406.877590,4406.461403,0,served
5154,4404.332920,4407.254273,4406.877590,0,served
5155,4404.370857,4410.215860,4407.254273,0,served
5156,4404.370857,4412.866452,4410.215860,0,served
5157,4404.847625,4415.355717,4410.343727,1,served
5158,4408.601165,4413.128315,4412.866452,0,served
5159,4410.553346,4414.018228,4413.128315,0,served
5160,4410.553346,4417.396353,4413.513954,2,served
5161,4413.041307,4414.237541,4414.018228,0,served
5162,4413.041307,4416.820142,4414.237541,0,served
5163,4414.446441,4416.085376,4415.355717,1,served
5164,4415.984040,4425.097899,4416.085376,1,served
5165,4415.984040,4418.755292,4416.820142,0,served
5166,4415.984040,4418.860843,4417.396353,2,served
5167,4420.372714,4422.779005,4420.372714,0,served
5168,4420.372714,4420.987071,4420.372714,2,served
5169,4422.239574,4422.688388,4422.239574,2,served
5170,4423.138787,4423.572099,4423.138787,0,served
5171,4423.138787,4423.766943,4423.138787,2,served
5172,4424.281293,4432.117318,4424.281293,0,served
5173,4424.281293,4425.091649,4424.281293,2,served
5174,4424.281293,4426.259682,4425.091649,2,served
5175,4424.281293,4433.851938,4425.097899,1,served
5176,4426.034456,4426.679065,4426.259682,2,served
5177,4426.088364,4426.905440,4426.679065,2,served
5178,4426.088364,4430.242497,4426.905440,2,served
5179,4426.088364,4431.083413,4430.242497,2,served
5180,4428.775126,4435.130260,4431.083413,2,served
5181,4428.775126,4432.948388,4432.117318,0,served
5182,4428.775126,4435.240751,4432.948388,0,served
5183,4431.468892,4435.170342,4433.851938,1,served
5184,4431.761174,4436.439282,4435.130260,2,served
5185,4431.761174,4436.497464,4435.170342,1,served
5186,4431.761174,4435.531656,4435.240751,0,served
5187,4431.761174,4438.516659,4435.531656,0,served
5188,4433.425173,4438.985258,4436.439282,2,served
5189,4433.425173,4443.637612,4436.497464,1,served
5190,4433.446816,4441.340546,4438.516659,0,served
5191,4433.446816,4439.906861,4438.985258,2,served
5192,4433.446816,4442.289590,4439.906861,2,served
5193,4440.037585,4443.923669,4441.340546,0,served
5194,4440.037585,4442.374877,4442.289590,2,served
5195,4440.179791,4443.548055,4442.374877,2,served
5196,4444.092692,4444.216309,4444.092692,0,served
5197,4445.490761,4449.927725,4445.490761,0,served
5198,4446.640604,4446.960970,4446.640604,1,served
5199,4447.541676,4454.829442,4447.541676,1,served
5200,4449.843124,4453.647435,4449.843124,2,served
5201,4449.843124,4450.145176,4449.927725,0,served
5202,4449.843124,4451.623351,4450.145176,0,served
5203,4450.116042,4454.111257,4451.623351,0,served
5204,4450.116042,4465.021007,4453.647435,2,served
5205,4450.116042,4455.329377,4454.111257,0,served
5206,4450.116042,4460.409988,4454.829442,1,served
5207,4450.453047,4459.948874,4455.329377,0,served
5208,4451.557257,4462.942465,4459.948874,0,served
5209,4451.841774,4461.841911,4460.409988,1,served
5210,4453.588401,4463.015925,4461.841911,1,served
5211,4453.588401,4465.057324,4462.942465,0,served
5212,4454.581922,4468.031324,4463.015925,1,served
5213,4455.470345,4466.371828,4465.021007,2,served
5214,4455.572461,4467.981358,4465.057324,0,served
5215,4455.572461,4467.309040,4466.371828,2,served
5216,4455.572461,4468.040961,4467.309040,2,served
5217,4455.572461,4468.008245,4467.981358,0,served
5218,4456.800320,4469.398848,4468.008245,0,served
5219,4456.800320,4469.594037,4468.031324,1,served
5220,4457.619488,4469.799808,4468.040961,2,served
5221,4460.259648,4472.073022,4469.398848,0,served
5222,4461.065543,4470.411666,4469.594037,1,served
5223,4461.129069,4476.007523,4469.799808,2,served
5224,4461.587546,4473.460282,4470.411666,1,served
5225,4461.587546,4472.297549,4472.073022,0,served
5226,4461.587546,4472.556965,4472.297549,0,served
5227,4461.587546,4476.915405,4472.556965,0,served
5228,4461.596887,4483.333866,4473.460282,1,served
5229,4463.058637,4477.837112,4476.007523,2,served
5230,4463.136890,4477.606244,4476.915405,0,served
5231,4464.449597,4478.264400,4477.606244,0,served
5232,4465.029581,4480.204810,4477.837112,2,served
5233,4465.029581,4480.079716,4478.264400,0,served
5234,4465.029581,4480.171511,4480.079716,0,served
5235,4465.029581,4480.247550,4480.171511,0,served
5236,4465.029581,4485.619991,4480.204810,2,served
5237,4465.029581,4481.507554,4480.247550,0,served
5238,4468.261156,4481.610825,4481.507554,0,served
5239,4470.026728,4482.073370,4481.610825,0,served
5240,4475.226078,4482.938761,4482.073370,0,served
5241,4475.226078,4484.367642,4482.938761,0,served
5242,4475.226078,4485.134471,4483.333866,1,served
5243,4475.226078,4486.744020,4484.367642,0,served
5244,4478.835929,4486.846448,4485.134471,1,served
5245,4478.835929,4486.797643,4485.619991,2,served
5246,4483.196075,4493.766316,4486.744020,0,served
5247,4483.196075,4489.125485,4486.797643,2,served
5248,4483.196075,4498.279724,4486.846448,1,served
5249,4483.196075,4494.978794,4489.125485,2,served
5250,4485.156843,4494.757108,4493.766316,0,served
5251,4485.156843,4496.648317,4494.757108,0,served
5252,4485.156843,4495.507768,4494.978794,2,served
5253,4485.156843,4501.376181,4495.507768,2,served
5254,4485.156843,4497.116483,4496.648317,0,served
5255,4485.156843,4497.809515,4497.116483,0,served
5256,4485.156843,4500.510170,4497.809515,0,served
5257,4485.272961,4500.397680,4498.279724,1,served
5258,4487.806762,4501.261124,4500.397680,1,served
5259,4494.263125,4501.886382,4500.510170,0,served
5260,4494.263125,4504.899626,4501.261124,1,served
5261,4494.360770,4506.099222,4501.376181,2,served
5262,4495.769508,4503.484450,4501.886382,0,served
5263,4496.619999,4505.409204,4503.484450,0,served
5264,4497.303002,4505.552819,4504.899626,1,served
5265,4497.303002,4506.074745,4505.409204,0,served
5266,4497.882900,4505.746857,4505.552819,1,served
5267,4502.375022,4510.250914,4505.746857,1,served
5268,4502.792861,4506.400755,4506.074745,0,served
5269,4502.792861,4508.828060,4506.099222,2,served
5270,4508.944509,4511.900574,4508.944509,0,served
5271,4509.965909,4514.150034,4509.965909,2,served
5272,4509.965909,4511.371153,4510.250914,1,served
5273,4511.683802,4511.822814,4511.683802,1,served
5274,4512.688541,4515.235198,4512.688541,0,served
5275,4512.688541,4515.244173,4512.688541,1,served
5276,4514.639985,4520.078599,4514.639985,2,served
5277,4515.509919,4515.577967,4515.509919,0,served
5278,4515.509919,4515.950603,4515.509919,1,served
5279,4515.614997,4516.649313,4515.614997,0,served
5280,4515.830320,4519.646917,4515.950603,1,served
5281,4517.670065,4518.080353,4517.670065,0,served
5282,4517.670065,4520.040851,4518.080353,0,served
5283,4519.963503,4521.112160,4519.963503,1,served
5284,4519.963503,4520.104289,4520.040851,0,served
5285,4519.963503,4524.094425,4520.078599,2,served
5286,4519.963503,4522.072420,4520.104289,0,served
5287,4519.963503,4522.310420,4521.112160,1,served
5288,4519.963503,4522.812751,4522.072420,0,served
5289,4520.122535,4522.507535,4522.310420,1,served
5290,4520.122535,4531.260834,4522.507535,1,served
5291,4520.122535,4525.179407,4522.812751,0,served
5292,4520.122535,4525.345019,4524.094425,2,served
5293,4520.666820,4525.347701,4525.179407,0,served
5294,4520.666820,4526.478232,4525.345019,2,served
5295,4522.868265,4526.149485,4525.347701,0,served
5296,4522.868265,4527.117175,4526.149485,0,served
5297,4522.920224,4529.807360,4526.478232,2,served
5298,4522.920224,4529.065922,4527.117175,0,served
5299,4523.043724,4531.640960,4529.065922,0,served
5300,4523.043724,4532.723378,4529.807360,2,served
5301,4523.608088,4532.465134,4531.260834,1,served
5302,4523.608088,4532.757052,4531.640960,0,served
5303,4523.608088,4532.772799,4532.465134,1,served
5304,4523.608088,4533.377782,4532.723378,2,served
5305,4523.710469,4533.497372,4532.757052,0,served
5306,4525.947752,4536.007200,4532.772799,1,served
5307,4527.448006,4538.762447,4533.377782,2,served
5308,4527.448006,4533.588489,4533.497372,0,served
5309,4528.062718,4534.617310,4533.588489,0,served
5310,4529.676726,4534.742329,4534.617310,0,served
5311,4530.829146,4535.641912,4534.742329,0,served
5312,4530.829146,4537.050442,4535.641912,0,served
5313,4530.829146,4537.277999,4536.007200,1,served
5314,4530.829146,4537.165525,4537.050442,0,served
5315,4531.806636,4537.576835,4537.165525,0,served
5316,4531.806636,4538.292211,4537.277999,1,served
5317,4532.275014,4541.737554,4537.576835,0,served
5318,4532.275014,4540.767685,4538.292211,1,served
5319,4532.275014,4538.883724,4538.762447,2,served
5320,4532.426158,4539.181324,4538.883724,2,served
5321,4532.426158,4541.287048,4539.181324,2,served
5322,4532.526602,4541.457028,4540.767685,1,served
5323,4532.526602,4543.719489,4541.287048,2,served
5324,4532.803294,4542.111200,4541.457028,1,served
5325,4532.803294,4541.939421,4541.737554,0,served
5326,4534.060896,4542.749732,4541.939421,0,served
5327,4537.792993,4544.880776,4542.111200,1,served
5328,4537.792993,4544.186040,4542.749732,0,served
5329,4537.792993,4544.246916,4543.719489,2,served
5330,4539.443039,4544.463169,4544.186040,0,served
5331,4539.443039,4544.348367,4544.246916,2,served
5332,4539.443039,4544.380648,4544.348367,2,served
5333,4539.443039,4549.730615,4544.380648,2,served
5334,4540.692309,4545.473133,4544.463169,0,served
5335,4541.998365,4554.207018,4544.880776,1,served
5336,4541.998365,4546.122988,4545.473133,0,served
5337,4541.998365,4547.483552,4546.122988,0,served
5338,4542.671659,4547.694065,4547.483552,0,served
5339,4544.485059,4549.909415,4547.694065,0,served
5340,4544.485059,4551.948811,4549.730615,2,served
5341,4546.372384,4549.922750,4549.909415,0,served
5342,4546.505666,4550.486971,4549.922750,0,served
5343,4546.505666,4551.347953,4550.486971,0,served
5344,4546.626515,4552.716201,4551.347953,0,served
5345,4550.144723,4556.172015,4551.948811,2,served
5346,4550.144723,4553.409103,4552.716201,0,served
5347,4553.293390,4554.414210,4553.409103,0,served
5348,4553.293390,4558.041117,4554.207018,1,served
5349,4554.967767,4558.984375,4554.967767,0,served
5350,4557.147197,4559.116056,4557.147197,2,served
5351,4557.147197,4558.400267,4558.041117,1,served
5352,4557.147197,4561.146944,4558.400267,1,served
5353,4557.753898,4559.568442,4558.984375,0,served
5354,4557.753898,4565.833967,4559.116056,2,served
5355,4557.753898,4560.247090,4559.568442,0,served
5356,4560.773495,4561.111354,4560.773495,0,served
5357,4564.420124,4564.564452,4564.420124,0,served
5358,4570.405200,4570.628606,4570.405200,0,served
5359,4570.405200,4574.249434,4570.405200,1,served
5360,4570.793679,4571.139234,4570.793679,0,served
5361,4571.347317,4571.441082,4571.347317,0,served
5362,4576.174155,4578.468648,4576.174155,0,served
5363,4576.174155,4577.122880,4576.174155,1,served
5364,4576.174155,4581.441977,4576.174155,2,served
5365,4578.545853,4581.693040,4578.545853,0,served
5366,4580.520813,4581.719548,4580.520813,1,served
5367,4580.520813,4582.138609,4581.441977,2,served
5368,4580.520813,4582.098013,4581.693040,0,served
5369,4582.525430,4582.961521,4582.525430,0,served
5370,4582.525430,4584.448583,4582.525430,1,served
5371,4584.679387,4589.904238,4584.679387,0,served
5372,4584.679387,4585.306330,4584.679387,1,served
5373,4584.679387,4586.523789,4584.679387,2,served
5374,4587.591214,4591.243040,4587.591214,1,served
5375,4587.591214,4589.023345,4587.591214,2,served
5376,4587.591214,4589.318114,4589.023345,2,served
5377,4587.628962,4589.616018,4589.318114,2,served
5378,4589.483451,4594.154049,4589.616018,2,served
5379,4589.483451,4591.675039,4589.904238,0,served
5380,4589.483451,4592.580513,4591.243040,1,served
5381,4590.560968,4592.618642,4591.675039,0,served
5382,4591.669890,4594.237039,4592.580513,1,served
5383,4591.669890,4594.042710,4592.618642,0,served
5384,4591.669890,4594.906012,4594.042710,0,served
5385,4591.669890,4600.046772,4594.154049,2,served
5386,4592.333066,4595.883192,4594.237039,1,served
5387,4593.305278,4595.227736,4594.906012,0,served
5388,4593.305278,4595.868810,4595.227736,0,served
5389,4593.305278,4596.400336,4595.868810,0,served
5390,4593.305278,4596.668618,4595.883192,1,served
5391,4595.800518,4598.913270,4596.400336,0,served
5392,4595.800518,4597.270678,4596.668618,1,served
5393,4600.360668,4600.404665,4600.360668,0,served
5394,4607.072474,4607.549965,4607.072474,0,served
5395,4607.072474,4607.337581,4607.072474,1,served
5396,4607.072474,4614.067192,4607.072474,2,served
5397,4607.072474,4608.060832,4607.337581,1,served
5398,4607.072474,4607.810424,4607.549965,0,served
5399,4607.903592,4610.249325,4607.903592,0,served
5400,4607.903592,4609.696143,4608.060832,1,served
5401,4607.903592,4610.959577,4609.696143,1,served
5402,4608.739669,4610.451034,4610.249325,0,served
5403,4609.233121,4610.665377,4610.451034,0,served
5404,4609.233121,4610.996626,4610.665377,0,served
5405,4609.233121,4624.944247,4610.959577,1,served
5406,4610.535342,4614.468774,4610.996626,0,served
5407,4612.092443,4614.453551,4614.067192,2,served
5408,4613.912878,4614.739022,4614.453551,2,served
5409,4614.543167,4621.005099,4614.543167,0,served
5410,4614.543167,4618.360423,4614.739022,2,served
5411,4614.543167,4620.095352,4618.360423,2,served
5412,4614.543167,4627.629827,4620.095352,2,served
5413,4614.592113,4621.857492,4621.005099,0,served
5414,4614.592113,4622.934127,4621.857492,0,served
5415,4614.592113,4623.454066,4622.934127,0,served
5416,4617.573288,4624.414605,4623.454066,0,served
5417,4618.045632,4625.522534,4624.414605,0,served
5418,4620.100377,4629.536788,4624.944247,1,served
5419,4620.100377,4626.163790,4625.522534,0,served
5420,4621.707489,4626.681002,4626.163790,0,served
5421,4621.707489,4626.932971,4626.681002,0,served
5422,4621.707489,4627.631926,4626.932971,0,served
5423,4621.707489,4638.964596,4627.629827,2,served
5424,4621.740911,4627.827220,4627.631926,0,served
5425,4623.438584,4628.282297,4627.827220,0,served
5426,4623.438584,4628.765314,4628.282297,0,served
5427,4623.438584,4630.618639,4628.765314,0,served
5428,4628.721717,4630.242307,4629.536788,1,served
5429,4628.721717,4630.981373,4630.242307,1,served
5430,4628.721717,4631.269058,4630.618639,0,served
5431,4628.721717,4631.182206,4630.981373,1,served
5432,4628.721717,4632.139777,4631.182206,1,served
5433,4628.721717,4633.490803,4631.269058,0,served
5434,4630.079158,4633.921698,4632.139777,1,served
5435,4633.176233,4636.771456,4633.490803,0,served
5436,4633.176233,4638.584377,4633.921698,1,served
5437,4633.176233,4637.262436,4636.771456,0,served
5438,4633.176233,4637.302514,4637.262436,0,served
5439,4633.176233,4637.447239,4637.302514,0,served
5440,4633.176233,4638.111951,4637.447239,0,served
5441,4633.176233,4639.549270,4638.111951,0,served
5442,4635.625782,4639.025350,4638.584377,1,served
5443,4635.625782,4639.888121,4638.964596,2,served
5444,4636.302570,4645.751906,4639.025350,1,served
5445,4636.302570,4640.244251,4639.549270,0,served
5446,4636.302570,4650.071528,4639.888121,2,served
5447,4636.302570,4640.347494,4640.244251,0,served
5448,4636.302570,4640.365764,4640.347494,0,served
5449,4636.302570,4640.745091,4640.365764,0,served
5450,4645.157455,4646.888762,4645.157455,0,served
5451,4645.157455,4647.769761,4645.751906,1,served
5452,4646.608433,4649.445775,4646.888762,0,served
5453,4646.608433,4652.862285,4647.769761,1,served
5454,4646.608433,4650.459891,4649.445775,0,served
5455,4646.608433,4653.395789,4650.071528,2,served
5456,4648.006579,4650.859404,4650.459891,0,served
5457,4648.651303,4651.648686,4650.859404,0,served
5458,4648.651303,4653.185704,4651.648686,0,served
5459,4653.334176,4654.874918,4653.334176,0,served
5460,4653.334176,4653.922976,4653.334176,1,served
5461,4653.334176,4656.383317,4653.395789,2,served
5462,4653.334176,4654.298393,4653.922976,1,served
5463,4653.363836,4654.826630,4654.298393,1,served
5464,4654.684131,4655.342506,4654.826630,1,served
5465,4654.684131,4654.884133,4654.874918,0,served
5466,4654.684131,4654.913883,4654.884133,0,served
5467,4656.419001,4659.858502,4656.419001,0,served
5468,4658.615332,4660.370910,4658.615332,1,served
5469,4659.519137,4659.770450,4659.519137,2,served
5470,4660.513153,4660.866561,4660.513153,0,served
5471,4661.503603,4663.005331,4661.503603,0,served
5472,4661.503603,4664.730505,4661.503603,1,served
5473,4663.393960,4663.912846,4663.393960,0,served
5474,4664.195930,4669.098618,4664.195930,0,served
5475,4664.195930,4668.967497,4664.195930,2,served
5476,4665.475101,4667.364975,4665.475101,1,served
5477,4665.475101,4669.804682,4667.364975,1,served
5478,4665.693725,4670.103472,4668.967497,2,served
5479,4667.258462,4672.470605,4669.098618,0,served
5480,4669.224688,4679.900274,4669.804682,1,served
5481,4669.723959,4671.490841,4670.103472,2,served
5482,4669.723959,4676.651776,4671.490841,2,served
5483,4669.723959,4676.091138,4672.470605,0,served
5484,4669.723959,4678.875042,4676.091138,0,served
5485,4669.723959,4687.998502,4676.651776,2,served
5486,4669.723959,4679.871188,4678.875042,0,served
5487,4669.723959,4680.860627,4679.871188,0,served
5488,4673.212649,4680.358818,4679.900274,1,served
5489,4673.212649,4681.582601,4680.358818,1,served
5490,4678.923682,4688.121099,4680.860627,0,served
5491,4680.579166,4686.723699,4681.582601,1,served
5492,4681.147142,4695.165695,4686.723699,1,served
5493,4682.944489,4689.272295,4687.998502,2,served
5494,4682.944489,4688.158429,4688.121099,0,served
5495,4685.507053,4692.650837,4688.158429,0,served
5496,4685.507053,4689.976773,4689.272295,2,served
5497,4686.452259,4698.129651,4689.976773,2,served
5498,4686.452259,4692.708044,4692.650837,0,served
5499,4690.205443,4693.432237,4692.708044,0,served
5500,4690.426551,4694.309854,4693.432237,0,served
5501,4690.426551,4694.787886,4694.309854,0,served
5502,4690.583752,4697.715760,4694.787886,0,served
5503,4698.696025,4703.858814,4698.696025,0,served
5504,4698.696025,4699.238841,4698.696025,1,served
5505,4698.696025,4700.320359,4698.696025,2,served
5506,4701.019601,4705.012602,4701.019601,1,served
5507,4701.019601,4702.399014,4701.019601,2,served
5508,4701.019601,4705.014606,4702.399014,2,served
5509,4701.870658,4706.581117,4703.858814,0,served
5510,4701.961455,4706.935526,4705.012602,1,served
5511,4701.961455,4705.790071,4705.014606,2,served
5512,4701.961455,4706.211169,4705.790071,2,served
5513,4701.961455,4708.753502,4706.211169,2,served
5514,4703.035022,4706.623284,4706.581117,0,served
5515,4703.035022,4706.971704,4706.623284,0,served
5516,4703.035022,4717.420236,4706.935526,1,served
5517,4703.035022,4709.214076,4706.971704,0,served
5518,4703.035022,4714.247071,4708.753502,2,served
5519,4703.928518,4709.489534,4709.214076,0,served
5520,4704.116264,4709.895856,4709.489534,0,served
5521,4704.191540,4710.000604,4709.895856,0,served
5522,4704.409049,4711.266543,4710.000604,0,served
5523,4707.681418,4713.971138,4711.266543,0,served
5524,4710.289497,4714.089997,4713.971138,0,served
5525,4713.124850,4715.700155,4714.089997,0,served
5526,4715.486333,4716.915972,4715.486333,2,served
5527,4716.557302,4718.520965,4716.557302,0,served
5528,4718.323619,4721.617628,4718.323619,1,served
5529,4719.696020,4721.415225,4719.696020,0,served
5530,4719.696020,4724.330656,4719.696020,2,served
5531,4721.306066,4724.022621,4721.415225,0,served
5532,4721.306066,4724.655994,4721.617628,1,served
5533,4721.306066,4731.651759,4724.022621,0,served
5534,4722.347349,4724.729738,4724.330656,2,served
5535,4722.347349,4726.729728,4724.655994,1,served
5536,4722.347349,4724.782302,4724.729738,2,served
5537,4722.347349,4725.877417,4724.782302,2,served
5538,4724.971900,4729.490432,4725.877417,2,served
5539,4728.008181,4729.185337,4728.008181,1,served
5540,4728.008181,4731.147426,4729.185337,1,served
5541,4728.500889,4730.578246,4729.490432,2,served
5542,4730.688348,4731.224194,4730.688348,2,served
5543,4732.363540,4734.876100,4732.363540,0,served
5544,4735.063036,4735.242827,4735.063036,0,served
5545,4735.377135,4742.481981,4735.377135,0,served
5546,4735.554859,4736.903730,4735.554859,1,served
5547,4736.432459,4739.404231,4736.432459,2,served
5548,4736.432459,4738.962383,4736.903730,1,served
5549,4736.432459,4739.603160,4738.962383,1,served
5550,4737.656319,4741.167732,4739.404231,2,served
5551,4737.656319,4741.877210,4739.603160,1,served
5552,4737.656319,4743.627467,4741.167732,2,served
5553,4737.656319,4744.291858,4741.877210,1,served
5554,4737.858685,4743.039078,4742.481981,0,served
5555,4740.986496,4745.833583,4743.039078,0,served
5556,4740.986496,4743.683527,4743.627467,2,served
5557,4741.729746,4743.851825,4743.683527,2,served
5558,4744.350803,4745.990713,4744.350803,1,served
5559,4746.390252,4748.855761,4746.390252,0,served
5560,4746.449685,4747.778809,4746.449685,1,served
5561,4746.449685,4746.718677,4746.449685,2,served
5562,4746.449685,4749.728552,4746.718677,2,served
5563,4748.913699,4750.366794,4748.913699,0,served
5564,4755.071741,4756.217916,4755.071741,0,served
5565,4756.214178,4761.583118,4756.214178,1,served
5566,4757.831748,4761.294382,4757.831748,0,served
5567,4757.831748,4758.975899,4757.831748,2,served
5568,4761.673224,4762.524711,4761.673224,0,served
5569,4761.673224,4763.035356,4761.673224,1,served
5570,4761.673224,4764.402711,4761.673224,2,served
5571,4762.596411,4763.862838,4762.596411,0,served
5572,4762.713345,4767.749422,4763.035356,1,served
5573,4762.977201,4766.235503,4763.862838,0,served
5574,4765.406879,4770.155436,4765.406879,2,served
5575,4766.868754,4767.390568,4766.868754,0,served
5576,4766.868754,4772.870808,4767.390568,0,served
5577,4766.868754,4770.316362,4767.749422,1,served
5578,4767.173898,4770.415355,4770.155436,2,served
5579,4770.501035,4772.348303,4770.501035,1,served
5580,4770.646088,4773.719725,4770.646088,2,served
5581,4770.655757,4784.453042,4772.348303,1,served
5582,4770.768983,4774.059908,4772.870808,0,served
5583,4770.768983,4774.369130,4773.719725,2,served
5584,4770.768983,4775.240842,4774.059908,0,served
5585,4770.811458,4776.501687,4774.369130,2,served
5586,4770.811458,4778.675789,4775.240842,0,served
5587,4770.811458,4776.991112,4776.501687,2,served
5588,4770.811458,4780.407269,4776.991112,2,served
5589,4770.811458,4778.680137,4778.675789,0,served
5590,4772.496138,4780.041415,4778.680137,0,served
5591,4772.496138,4781.442209,4780.041415,0,served
5592,4772.496138,4780.787102,4780.407269,2,served
5593,4772.496138,4785.835017,4780.787102,2,served
5594,4773.265000,4781.875009,4781.442209,0,served
5595,4781.712593,4785.305355,4781.875009,0,served
5596,4781.712593,4798.124411,4784.453042,1,served
5597,4781.891989,4789.105313,4785.305355,0,served
5598,4781.891989,4788.096883,4785.835017,2,served
5599,4781.891989,4791.047499,4788.096883,2,served
5600,4781.891989,4789.141961,4789.105313,0,served
5601,4783.809290,4792.550824,4789.141961,0,served
5602,4784.030170,4794.050366,4791.047499,2,served
5603,4784.030170,4792.622552,4792.550824,0,served
5604,4784.030170,4792.638308,4792.622552,0,served
5605,4785.123119,4792.932630,4792.638308,0,served
5606,4785.123119,4794.319046,4792.932630,0,served
5607,4787.198233,4796.071847,4794.050366,2,served
5608,4788.426760,4795.686440,4794.319046,0,served
5609,4788.898261,4795.720496,4795.686440,0,served
5610,4793.204589,4798.025841,4795.720496,0,served
5611,4793.204589,4802.611867,4796.071847,2,served
5612,4793.761279,4800.350912,4798.025841,0,served
5613,4795.126223,4801.651095,4798.124411,1,served
5614,4795.126223,4800.533589,4800.350912,0,served
5615,4795.647831,4803.062609,4800.533589,0,served
5616,4797.788153,4802.540938,4801.651095,1,served
5617,4797.788153,4803.734742,4802.540938,1,served
5618,4800.521324,4803.940818,4802.611867,2,served
5619,4801.284918,4803.565075,4803.062609,0,served
5620,4801.284918,4803.959665,4803.565075,0,served
5621,4801.284918,4806.458790,4803.734742,1,served
5622,4801.284918,4804.892794,4803.940818,2,served
5623,4801.284918,4806.555391,4803.959665,0,served
5624,4801.284918,4815.762366,4804.892794,2,served
5625,4801.284918,4810.125737,4806.458790,1,served
5626,4801.284918,4809.212660,4806.555391,0,served
5627,4803.846458,4809.226812,4809.212660,0,served
5628,4804.358855,4810.158628,4809.226812,0,served
5629,4804.358855,4810.896117,4810.125737,1,served
5630,4804.820377,4810.732848,4810.158628,0,served
5631,4804.820377,4811.312045,4810.732848,0,served
5632,4804.820377,4824.744747,4810.896117,1,served
5633,4804.820377,4812.537392,4811.312045,0,served
5634,4804.820377,4812.955279,4812.537392,0,served
5635,4804.820377,4814.413201,4812.955279,0,served
5636,4805.776096,4819.173143,4814.413201,0,served
5637,4808.222417,4820.424671,4815.762366,2,served
5638,4809.094743,4822.181012,4819.173143,0,served
5639,4809.094743,4820.540900,4820.424671,2,served
5640,4811.720956,4822.384427,4820.540900,2,served
5641,4811.720956,4823.402607,4822.181012,0,served
5642,4814.955796,4823.660774,4822.384427,2,served
5643,4814.955796,4823.960666,4823.402607,0,served
5644,4817.180060,4824.536019,4823.660774,2,served
5645,4817.180060,4824.430627,4823.960666,0,served
5646,4817.180060,4829.480710,4824.430627,0,served
5647,4817.180060,4827.042036,4824.536019,2,served
5648,4817.706132,4828.522907,4824.744747,1,served
5649,4820.173832,4828.222367,4827.042036,2,served
5650,4820.361678,4835.402103,4828.222367,2,served
5651,4820.361678,4830.768709,4828.522907,1,served
5652,4820.361678,4835.930452,4829.480710,0,served
5653,4821.999759,4836.895683,4830.768709,1,served
5654,4824.776917,4839.555303,4835.402103,2,served
5655,4825.313995,4836.751294,4835.930452,0,served
5656,4826.795858,4837.018644,4836.751294,0,served
5657,4827.324703,4837.337529,4836.895683,1,served
5658,4828.699079,4837.311424,4837.018644,0,served
5659,4829.519542,4838.239237,4837.311424,0,served
5660,4829.519542,4838.402062,4837.337529,1,served
5661,4830.220267,4840.448982,4838.239237,0,served
5662,4830.847458,4841.319993,4838.402062,1,served
5663,4831.586664,4840.027939,4839.555303,2,served
5664,4831.586664,4846.791025,4840.027939,2,served
5665,4831.586664,4840.722699,4840.448982,0,served
5666,4831.586664,4841.026329,4840.722699,0,served
5667,4831.586664,4841.303106,4841.026329,0,served
5668,4832.315039,4841.662579,4841.303106,0,served
5669,4834.254410,4841.687053,4841.319993,1,served
5670,4834.254410,4843.042425,4841.662579,0,served
5671,4834.735238,4842.284943,4841.687053,1,served
5672,4834.735238,4849.547968,4842.284943,1,served
5673,4834.735238,4843.200491,4843.042425,0,served
5674,4834.735238,4843.800055,4843.200491,0,served
5675,4834.735238,4844.807226,4843.800055,0,served
5676,4834.735238,4846.511828,4844.807226,0,served
5677,4835.724413,4849.129038,4846.511828,0,served
5678,4838.431043,4863.513792,4846.791025,2,served
5679,4839.198349,4849.130087,4849.129038,0,served
5680,4839.325607,4849.718620,4849.130087,0,served
5681,4843.046297,4850.219411,4849.547968,1,served
5682,4843.046297,4850.404815,4849.718620,0,served
5683,4843.046297,4850.965624,4850.219411,1,served
5684,4843.046297,4852.988008,4850.404815,0,served
5685,4843.046297,4851.604713,4850.965624,1,served
5686,4846.161911,4851.667364,4851.604713,1,served
5687,4846.161911,4852.114892,4851.667364,1,served
5688,4850.534677,4858.179400,4852.114892,1,served
5689,4850.542012,4853.999252,4852.988008,0,served
5690,4853.373567,4855.387102,4853.999252,0,served
5691,4853.373567,4857.228878,4855.387102,0,served
5692,4853.373567,4862.124460,4857.228878,0,served
5693,4855.428432,4858.272392,4858.179400,1,served
5694,4855.428432,4859.360194,4858.272392,1,served
5695,4855.428432,4860.967567,4859.360194,1,served
5696,4855.428432,4861.945650,4860.967567,1,served
5697,4855.428432,4864.282536,4861.945650,1,served
5698,4855.428432,4862.778635,4862.124460,0,served
5699,4857.279227,4862.997336,4862.778635,0,served
5700,4858.867923,4864.974628,4862.997336,0,served
5701,4858.867923,4864.598895,4863.513792,2,served
5702,4858.867923,4866.264013,4864.282536,1,served
5703,4859.360841,4865.266443,4864.598895,2,served
5704,4859.360841,4866.861795,4864.974628,0,served
5705,4859.533853,4865.269865,4865.266443,2,served
5706,4861.869076,4867.104633,4865.269865,2,served
5707,4861.869076,4867.903452,4866.264013,1,served
5708,4862.345885,4867.257620,4866.861795,0,served
5709,4862.345885,4868.006116,4867.104633,2,served
5710,4862.345885,4867.876845,4867.257620,0,served
5711,4862.345885,4869.251714,4867.876845,0,served
5712,4862.345885,4868.817257,4867.903452,1,served
5713,4862.345885,4869.164683,4868.006116,2,served
5714,4862.345885,4873.563100,4868.817257,1,served
5715,4862.704206,4875.196623,4869.164683,2,served
5716,4862.710514,4870.454713,4869.251714,0,served
5717,4862.710514,4870.762791,4870.454713,0,served
5718,4862.710514,4871.743367,4870.762791,0,served
5719,4862.710514,4871.764023,4871.743367,0,served
5720,4862.991620,4872.378137,4871.764023,0,served
5721,4863.288838,4873.957569,4872.378137,0,served
5722,4863.288838,4879.784284,4873.563100,1,served
5723,4864.348535,4874.684651,4873.957569,0,served
5724,4864.984033,4877.238018,4874.684651,0,served
5725,4866.016117,4881.669947,4875.196623,2,served
5726,4868.851081,4878.145677,4877.238018,0,served
5727,4868.851081,4878.642601,4878.145677,0,served
5728,4868.851081,4879.544820,4878.642601,0,served
5729,4869.816290,4880.894825,4879.544820,0,served
5730,4871.089726,4879.989820,4879.784284,1,served
5731,4871.581902,4882.638922,4879.989820,1,served
5732,4872.389111,4883.878301,4880.894825,0,served
5733,4872.389111,4884.448136,4881.669947,2,served
5734,4874.498867,4888.317525,4882.638922,1,served
5735,4876.490837,4885.052511,4883.878301,0,served
5736,4879.977110,4888.912746,4884.448136,2,served
5737,4879.977110,4885.471088,4885.052511,0,served
5738,4883.226765,4887.079805,4885.471088,0,served
5739,4883.502144,4888.633476,4887.079805,0,served
5740,4883.502144,4890.348966,4888.317525,1,served
5741,4883.833122,4889.409080,4888.633476,0,served
5742,4885.030864,4889.356544,4888.912746,2,served
5743,4885.030864,4889.953682,4889.356544,2,served
5744,4885.030864,4891.769522,4889.409080,0,served
5745,4885.030864,4893.533526,4889.953682,2,served
5746,4885.290047,4894.905111,4890.348966,1,served
5747,4885.290047,4893.616851,4891.769522,0,served
5748,4885.290047,4896.037911,4893.533526,2,served
5749,4885.290047,4895.439333,4893.616851,0,served
5750,4885.290047,4899.323244,4894.905111,1,served
5751,4887.289689,4896.013298,4895.439333,0,served
5752,4887.589689,4896.053003,4896.013298,0,served
5753,4888.052746,4897.298879,4896.037911,2,served
5754,4888.052746,4898.778376,4896.053003,0,served
5755,4888.052746,4897.605559,4897.298879,2,served
5756,4888.657262,4900.364138,4897.605559,2,served
5757,4888.657262,4898.906266,4898.778376,0,served
5758,4888.657262,4899.709708,4898.906266,0,served
5759,4888.657262,4901.302861,4899.323244,1,served
5760,4888.657262,4906.899946,4899.709708,0,served
5761,4896.942413,4902.783298,4900.364138,2,served
5762,4896.942413,4901.518233,4901.302861,1,served
5763,4897.737111,4901.894793,4901.518233,1,served
5764,4897.737111,4903.962282,4901.894793,1,served
5765,4897.737111,4902.847775,4902.783298,2,served
5766,4898.091379,4904.204164,4902.847775,2,served
5767,4898.091379,4905.878072,4903.962282,1,served
5768,4898.091379,4904.826400,4904.204164,2,served
5769,4899.150266,4906.661022,4904.826400,2,served
5770,4901.340302,4907.714907,4905.878072,1,served
5771,4902.262014,4913.331819,4906.661022,2,served
5772,4903.311471,4911.011589,4906.899946,0,served
5773,4903.311471,4908.406548,4907.714907,1,served
5774,4906.860942,4909.461304,4908.406548,1,served
5775,4906.860942,4909.885669,4909.461304,1,served
5776,4906.860942,4912.543118,4909.885669,1,served
5777,4907.041375,4912.391110,4911.011589,0,served
5778,4907.041375,4912.506313,4912.391110,0,served
5779,4907.334343,4912.917814,4912.506313,0,served
5780,4908.405257,4914.469983,4912.543118,1,served
5781,4909.981902,4915.998769,4912.917814,0,served
5782,4909.981902,4917.740469,4913.331819,2,served
5783,4910.791947,4915.048083,4914.469983,1,served
5784,4913.181948,4919.966103,4915.048083,1,served
5785,4913.181948,4917.591812,4915.998769,0,served
5786,4913.181948,4917.834491,4917.591812,0,served
5787,4913.181948,4922.665072,4917.740469,2,served
5788,4913.533221,4919.668289,4917.834491,0,served
5789,4913.533221,4921.951029,4919.668289,0,served
5790,4913.533221,4921.346937,4919.966103,1,served
5791,4915.569535,4922.069403,4921.346937,1,served
5792,4915.569535,4922.207820,4921.951029,0,served
5793,4915.569535,4922.855540,4922.069403,1,served
5794,4915.569535,4922.237745,4922.207820,0,served
5795,4916.455943,4922.267228,4922.237745,0,served
5796,4920.320416,4926.173836,4922.267228,0,served
5797,4920.320416,4922.706846,4922.665072,2,served
5798,4920.574667,4924.724499,4922.706846,2,served
5799,4920.998163,4929.096688,4922.855540,1,served
5800,4920.998163,4926.062904,4924.724499,2,served
5801,4921.347140,4935.934641,4926.062904,2,served
5802,4922.638800,4926.211222,4926.173836,0,served
5803,4924.254601,4926.525452,4926.211222,0,served
5804,4926.089609,4930.654464,4926.525452,0,served
5805,4926.335939,4929.626921,4929.096688,1,served
5806,4927.778565,4935.373841,4929.626921,1,served
5807,4927.938157,4931.800452,4930.654464,0,served
5808,4928.268629,4932.286112,4931.800452,0,served
5809,4928.268629,4933.058017,4932.286112,0,served
5810,4928.402286,4934.038147,4933.058017,0,served
5811,4928.402286,4939.935284,4934.038147,0,served
5812,4930.706877,4936.930616,4935.373841,1,served
5813,4930.706877,4936.767603,4935.934641,2,served
5814,4932.440974,4937.469244,4936.767603,2,served
5815,4932.679671,4937.784711,4936.930616,1,served
5816,4932.989244,4938.929106,4937.469244,2,served
5817,4932.989244,4950.003175,4937.784711,1,served
5818,4934.401410,4947.714312,4938.929106,2,served
5819,4934.401410,4939.939222,4939.935284,0,served
5820,4934.401410,4941.482964,4939.939222,0,served
5821,4934.401410,4941.949875,4941.482964,0,served
5822,4935.443994,4942.731432,4941.949875,0,served
5823,4936.740038,4943.977423,4942.731432,0,served
5824,4937.337819,4945.298835,4943.977423,0,served
5825,4937.614676,4947.350821,4945.298835,0,served
5826,4937.958262,4947.568174,4947.350821,0,served
5827,4937.958262,4948.583425,4947.568174,0,served
5828,4937.958262,4949.248741,4947.714312,2,served
5829,4937.958262,4959.590360,4948.583425,0,served
5830,4940.207023,4952.323013,4949.248741,2,served
5831,4940.207023,4950.418934,4950.003175,1,served
5832,4940.207023,4968.588585,4950.418934,1,served
5833,4940.207023,4954.346407,4952.323013,2,served
5834,4940.394604,4954.531036,4954.346407,2,served
5835,4941.606208,4954.774971,4954.531036,2,served
5836,4942.439432,4954.980209,4954.774971,2,served
5837,4942.439432,4955.396829,4954.980209,2,served
5838,4944.715119,4958.148331,4955.396829,2,served
5839,4944.715119,4960.512906,4958.148331,2,served
5840,4948.604213,4960.099588,4959.590360,0,served
5841,4950.813670,4961.674812,4960.099588,0,served
5842,4950.813670,4962.979220,4960.512906,2,served
5843,4950.813670,4962.638561,4961.674812,0,served
5844,4952.004322,4962.672700,4962.638561,0,served
5845,4952.004322,4965.884852,4962.672700,0,served
5846,4952.004322,4964.694813,4962.979220,2,served
5847,4952.004322,4971.888864,4964.694813,2,served
5848,4953.608831,4967.719915,4965.884852,0,served
5849,4953.608831,4969.811618,4967.719915,0,served
5850,4954.780467,4971.017498,4968.588585,1,served
5851,4954.780467,4969.837701,4969.811618,0,served
5852,4956.228758,4970.901276,4969.837701,0,served
5853,4968.994325,4971.074216,4970.901276,0,served
5854,4971.502820,4973.277368,4971.502820,0,served
5855,4971.502820,4973.107629,4971.502820,1,served
5856,4972.586315,4974.943565,4972.586315,2,served
5857,4972.586315,4973.487114,4973.107629,1,served
5858,4974.127923,4975.289313,4974.127923,0,served
5859,4976.164374,4979.556446,4976.164374,0,served
5860,4976.164374,4982.641631,4976.164374,1,served
5861,4977.660949,4980.295403,4977.660949,2,served
5862,4977.660949,4982.381090,4979.556446,0,served
5863,4977.660949,4983.194170,4980.295403,2,served
5864,4977.727120,4983.816561,4982.381090,0,served
5865,4981.200199,4982.963427,4982.641631,1,served
5866,4983.798737,4988.414176,4983.798737,1,served
5867,4983.798737,4984.433281,4983.798737,2,served
5868,4983.798737,4984.757023,4983.816561,0,served
5869,4984.358906,4994.104913,4984.433281,2,served
5870,4984.970244,4985.465449,4984.970244,0,served
5871,4987.221715,4987.886701,4987.221715,0,served
5872,4989.282017,4990.341223,4989.282017,0,served
5873,4990.202903,4995.678613,4990.202903,1,served
5874,4990.575379,4991.443030,4990.575379,0,served
5875,4990.829002,4992.687258,4991.443030,0,served
5876,4993.276160,4993.707960,4993.276160,0,served
5877,4993.767497,4996.044446,4993.767497,0,served
5878,4996.478769,4999.003469,4996.478769,0,served
5879,4996.510649,5000.208734,4996.510649,1,served
5880,4996.510649,4998.993218,4996.510649,2,served
5881,4996.510649,5001.203234,4998.993218,2,served
5882,4996.510649,4999.734755,4999.003469,0,served
5883,4996.510649,5004.815961,4999.734755,0,served
5884,4999.675569,5003.401420,5000.208734,1,served
5885,4999.675569,5006.858825,5001.203234,2,served
5886,5000.303799,5003.484037,5003.401420,1,served
5887,5004.175115,5007.000083,5004.175115,1,served
5888,5005.545480,5009.137565,5005.545480,0,served
5889,5005.545480,5008.165601,5006.858825,2,served
5890,5006.384906,5007.740905,5007.000083,1,served
5891,5007.111662,5008.443413,5007.740905,1,served
5892,5009.226519,5009.910222,5009.226519,0,served
5893,5009.226519,5010.170482,5009.226519,1,served
5894,5009.226519,5011.366462,5009.226519,2,served
5895,5009.226519,5011.894142,5009.910222,0,served
5896,5009.747508,5014.237414,5010.170482,1,served
5897,5009.747508,5017.619415,5011.366462,2,served
5898,5013.831562,5016.231068,5013.831562,0,served
5899,5013.946608,5020.275907,5014.237414,1,served
5900,5013.946608,5016.894991,5016.231068,0,served
5901,5014.199114,5017.948024,5016.894991,0,served
5902,5015.991146,5017.929595,5017.619415,2,served
5903,5017.826609,5019.600783,5017.929595,2,served
5904,5017.826609,5019.453672,5017.948024,0,served
5905,5017.826609,5019.903355,5019.453672,0,served
5906,5018.151183,5021.216169,5019.600783,2,served
5907,5018.384372,5020.042958,5019.903355,0,served
5908,5018.384372,5022.583588,5020.042958,0,served
5909,5020.833564,5021.076178,5020.833564,1,served
5910,5020.833564,5023.802231,5021.076178,1,served
5911,5023.269125,5027.510063,5023.269125,0,served
5912,5025.055325,5025.182576,5025.055325,1,served
5913,5026.870994,5027.010094,5026.870994,1,served
5914,5026.870994,5029.845433,5026.870994,2,served
5915,5026.870994,5028.160449,5027.010094,1,served
5916,5026.870994,5028.081797,5027.510063,0,served
5917,5026.870994,5028.790534,5028.081797,0,served
5918,5030.393291,5032.778976,5030.393291,0,served
5919,5032.489135,5036.105227,5032.489135,1,served
5920,5032.489135,5038.785523,5032.489135,2,served
5921,5032.489135,5035.310926,5032.778976,0,served
5922,5032.489135,5035.419434,5035.310926,0,served
5923,5032.489135,5035.607429,5035.419434,0,served
5924,5032.489135,5036.728561,5035.607429,0,served
5925,5034.394765,5040.998011,5036.105227,1,served
5926,5037.077960,5038.554349,5037.077960,0,served
5927,5037.077960,5038.571892,5038.554349,0,served
5928,5037.077960,5038.688999,5038.571892,0,served
5929,5037.077960,5039.057661,5038.688999,0,served
5930,5039.208085,5039.695909,5039.208085,0,served
5931,5040.511840,5040.614085,5040.511840,0,served
5932,5040.511840,5040.980756,5040.511840,2,served
5933,5040.511840,5041.104321,5040.614085,0,served
5934,5040.511840,5043.616254,5040.980756,2,served
5935,5040.511840,5041.369886,5040.998011,1,served
5936,5040.511840,5043.521717,5041.104321,0,served
5937,5040.511840,5042.852353,5041.369886,1,served
5938,5040.511840,5045.304733,5042.852353,1,served
5939,5040.511840,5044.396044,5043.521717,0,served
5940,5040.511840,5045.950063,5043.616254,2,served
5941,5040.511840,5045.977771,5044.396044,0,served
5942,5040.511840,5045.401460,5045.304733,1,served
5943,5040.511840,5046.967884,5045.401460,1,served
5944,5049.069252,5050.114806,5049.069252,0,served
5945,5051.509734,5051.828367,5051.509734,0,served
5946,5051.509734,5056.645243,5051.509734,1,served
5947,5051.509734,5052.564241,5051.509734,2,served
5948,5052.923049,5054.679278,5052.923049,0,served
5949,5052.923049,5056.612762,5052.923049,2,served
5950,5053.778455,5055.273893,5054.679278,0,served
5951,5053.778455,5062.413022,5055.273893,0,served
5952,5054.103663,5059.068626,5056.612762,2,served
5953,5054.103663,5058.572730,5056.645243,1,served
5954,5054.103663,5064.511030,5058.572730,1,served
5955,5054.103663,5060.773956,5059.068626,2,served
5956,5054.406010,5068.641754,5060.773956,2,served
5957,5056.271176,5063.440850,5062.413022,0,served
5958,5059.533420,5066.833852,5063.440850,0,served
5959,5060.429853,5070.652834,5064.511030,1,served
5960,5060.429853,5068.598704,5066.833852,0,served
5961,5060.904005,5068.944321,5068.598704,0,served
5962,5063.886785,5073.040909,5068.641754,2,served
5963,5064.490285,5069.968627,5068.944321,0,served
5964,5064.629893,5074.853993,5069.968627,0,served
5965,5066.730381,5071.122900,5070.652834,1,served
5966,5066.730381,5077.586220,5071.122900,1,served
5967,5066.730381,5073.442461,5073.040909,2,served
5968,5066.793370,5075.848589,5073.442461,2,served
5969,5066.992636,5075.572675,5074.853993,0,served
5970,5066.992636,5077.322729,5075.572675,0,served
5971,5066.992636,5076.093324,5075.848589,2,served
5972,5066.992636,5081.072645,5076.093324,2,served
5973,5080.620735,5082.459798,5080.620735,0,served
5974,5082.256826,5085.459591,5082.256826,1,served
5975,5082.256826,5083.287367,5082.256826,2,served
5976,5082.256826,5086.104183,5082.459798,0,served
5977,5082.256826,5084.659487,5083.287367,2,served
5978,5082.256826,5091.814072,5084.659487,2,served
5979,5086.967353,5089.320884,5086.967353,0,served
5980,5086.967353,5087.069756,5086.967353,1,served
5981,5086.967353,5090.691584,5087.069756,1,served
5982,5086.967353,5089.656108,5089.320884,0,served
5983,5086.967353,5091.373529,5089.656108,0,served
5984,5088.455104,5093.991717,5090.691584,1,served
5985,5088.455104,5091.499305,5091.373529,0,served
5986,5088.455104,5091.565467,5091.499305,0,served
5987,5089.820701,5093.057713,5091.565467,0,served
5988,5091.271211,5095.572657,5091.814072,2,served
5989,5091.271211,5093.943255,5093.057713,0,served
5990,5094.460219,5095.301650,5094.460219,0,served
5991,5094.460219,5100.752286,5094.460219,1,served
5992,5095.598403,5096.316693,5095.598403,0,served
5993,5095.598403,5095.829892,5095.598403,2,served
5994,5095.598403,5096.138417,5095.829892,2,served
5995,5095.812361,5096.811195,5096.138417,2,served
5996,5096.630021,5097.648042,5096.630021,0,served
5997,5097.025353,5103.650601,5097.025353,2,served
5998,5098.009198,5099.444039,5098.009198,0,served
5999,5098.009198,5101.427715,5099.444039,0,served
6000,5098.009198,5101.318205,5100.752286,1,served
6001,5098.350153,5104.011282,5101.318205,1,served
6002,5099.434372,5103.834676,5101.427715,0,served
6003,5099.434372,5104.755209,5103.650601,2,served
6004,5099.736776,5110.729014,5103.834676,0,served
6005,5101.283407,5105.698637,5104.011282,1,served
6006,5101.283407,5106.750356,5104.755209,2,served
6007,5101.283407,5106.656249,5105.698637,1,served
6008,5101.283407,5108.784312,5106.656249,1,served
6009,5101.283407,5114.341524,5106.750356,2,served
6010,5102.485263,5108.810746,5108.784312,1,served
6011,5106.702578,5110.215692,5108.810746,1,served
6012,5106.702578,5111.509349,5110.215692,1,served
6013,5107.606195,5113.568449,5110.729014,0,served
6014,5107.606195,5118.825769,5111.509349,1,served
6015,5109.552396,5114.284963,5113.568449,0,served
6016,5109.552396,5114.790529,5114.284963,0,served
6017,5109.552396,5115.187643,5114.341524,2,served
6018,5109.552396,5115.101135,5114.790529,0,served
6019,5109.552396,5115.174499,5115.101135,0,served
6020,5111.286214,5118.077141,5115.174499,0,served
6021,5112.885121,5116.169591,5115.187643,2,served
6022,5113.404171,5120.424774,5116.169591,2,served
6023,5114.924253,5119.617853,5118.077141,0,served
6024,5119.309747,5126.448586,5119.309747,1,served
6025,5119.309747,5119.694135,5119.617853,0,served
6026,5119.309747,5120.574531,5119.694135,0,served
6027,5120.441534,5120.853847,5120.441534,2,served
6028,5120.441534,5120.655734,5120.574531,0,served
6029,5120.714837,5120.760549,5120.714837,0,served
6030,5120.714837,5123.110710,5120.760549,0,served
6031,5120.714837,5121.900092,5120.853847,2,served
6032,5121.440918,5126.967944,5121.900092,2,served
6033,5121.440918,5126.707844,5123.110710,0,served
6034,5123.061135,5129.605983,5126.448586,1,served
6035,5125.839036,5126.925646,5126.707844,0,served
6036,5126.509610,5126.948478,5126.925646,0,served
6037,5126.509610,5127.100947,5126.948478,0,served
6038,5126.813700,5128.968921,5126.967944,2,served
6039,5129.006318,5129.317836,5129.006318,0,served
6040,5130.363737,5130.739448,5130.363737,0,served
6041,5130.650861,5131.011285,5130.650861,1,served
6042,5130.650861,5133.800954,5130.650861,2,served
6043,5132.459640,5134.856099,5132.459640,0,served
6044,5133.626149,5134.322379,5133.626149,1,served
6045,5136.280348,5136.837270,5136.280348,0,served
6046,5136.280348,5136.401134,5136.280348,1,served
6047,5136.280348,5137.740369,5136.280348,2,served
6048,5137.602310,5137.855046,5137.602310,0,served
6049,5138.488879,5139.722120,5138.488879,0,served
6050,5138.488879,5143.402339,5138.488879,1,served
6051,5138.488879,5142.774023,5138.488879,2,served
6052,5144.165320,5146.111630,5144.165320,0,served
6053,5144.222234,5147.421746,5144.222234,1,served
6054,5144.222234,5147.161752,5144.222234,2,served
6055,5144.820602,5146.830202,5146.111630,0,served
6056,5145.964001,5146.951626,5146.830202,0,served
6057,5145.964001,5149.418103,5146.951626,0,served
6058,5148.206097,5152.944665,5148.206097,1,served
6059,5148.863286,5149.650562,5148.863286,2,served
6060,5149.954187,5153.747406,5149.954187,0,served
6061,5152.535163,5160.446709,5152.535163,2,served
6062,5152.535163,5158.671452,5152.944665,1,served
6063,5153.401467,5154.678064,5153.747406,0,served
6064,5155.202425,5155.511881,5155.202425,0,served
6065,5155.202425,5155.603764,5155.511881,0,served
6066,5155.202425,5156.016804,5155.603764,0,served
6067,5158.034064,5158.156149,5158.034064,0,served
6068,5158.324163,5160.370823,5158.324163,0,served
6069,5161.755058,5163.254862,5161.755058,0,served
6070,5161.755058,5165.732809,5161.755058,1,served
6071,5161.755058,5168.208002,5161.755058,2,served
6072,5161.755058,5163.592828,5163.254862,0,served
6073,5161.755058,5164.148609,5163.592828,0,served
6074,5163.424597,5168.137647,5164.148609,0,served
6075,5163.424597,5167.883918,5165.732809,1,served
6076,5165.792571,5167.915247,5167.883918,1,served
6077,5165.792571,5168.675273,5167.915247,1,served
6078,5171.587913,5172.363841,5171.587913,0,served
6079,5171.587913,5179.404241,5171.587913,1,served
6080,5171.914296,5176.128031,5171.914296,2,served
6081,5172.799229,5173.067608,5172.799229,0,served
6082,5172.799229,5173.450593,5173.067608,0,served
6083,5172.799229,5174.607958,5173.450593,0,served
6084,5172.799229,5175.136407,5174.607958,0,served
6085,5172.799229,5175.228471,5175.136407,0,served
6086,5172.987120,5179.333920,5175.228471,0,served
6087,5172.987120,5181.208423,5176.128031,2,served
6088,5175.794357,5186.968382,5179.333920,0,served
6089,5175.794357,5180.349339,5179.404241,1,served
6090,5175.794357,5181.265928,5180.349339,1,served
6091,5175.794357,5181.582559,5181.208423,2,served
6092,5175.794357,5182.262417,5181.265928,1,served
6093,5175.794357,5184.517623,5181.582559,2,served
6094,5175.794357,5183.576211,5182.262417,1,served
6095,5182.059330,5185.984595,5183.576211,1,served
6096,5184.781616,5190.283411,5184.781616,2,served
6097,5186.084926,5190.695802,5186.084926,1,served
6098,5186.084926,5188.863248,5186.968382,0,served
6099,5187.096467,5189.351036,5188.863248,0,served
6100,5187.096467,5192.815814,5189.351036,0,served
6101,5188.081323,5190.696966,5190.283411,2,served
6102,5188.081323,5195.772819,5190.695802,1,served
6103,5188.645543,5192.558092,5190.696966,2,served
6104,5194.031811,5194.717708,5194.031811,0,served
6105,5195.469475,5196.288824,5195.469475,0,served
6106,5196.755887,5197.593928,5196.755887,0,served
6107,5196.755887,5197.438209,5196.755887,1,served
6108,5196.755887,5203.509378,5196.755887,2,served
6109,5196.755887,5197.670793,5197.438209,1,served
6110,5199.046277,5202.360589,5199.046277,0,served
6111,5200.122958,5200.250176,5200.122958,1,served
6112,5200.122958,5200.476034,5200.250176,1,served
6113,5200.122958,5201.871044,5200.476034,1,served
6114,5203.821954,5206.990589,5203.821954,0,served
6115,5205.701343,5208.326474,5205.701343,1,served
6116,5207.695304,5209.002823,5207.695304,0,served
6117,5207.695304,5210.570935,5207.695304,2,served
6118,5208.154159,5216.507893,5208.326474,1,served
6119,5208.154159,5209.504751,5209.002823,0,served
6120,5208.154159,5210.037288,5209.504751,0,served
6121,5209.763172,5210.755282,5210.037288,0,served
6122,5209.763172,5211.510993,5210.570935,2,served
6123,5210.284514,5214.372784,5210.755282,0,served
6124,5210.284514,5213.430023,5211.510993,2,served
6125,5210.284514,5220.145834,5213.430023,2,served
6126,5210.284514,5214.890559,5214.372784,0,served
6127,5210.830249,5215.391642,5214.890559,0,served
6128,5215.749883,5216.101913,5215.749883,0,served
6129,5215.749883,5216.918794,5216.101913,0,served
6130,5215.749883,5216.520741,5216.507893,1,served
6131,5215.749883,5218.031827,5216.520741,1,served
6132,5215.749883,5217.730869,5216.918794,0,served
6133,5215.749883,5217.774944,5217.730869,0,served
6134,5215.749883,5219.219158,5217.774944,0,served
6135,5216.646723,5224.280375,5218.031827,1,served
6136,5223.004446,5224.242166,5223.004446,0,served
6137,5223.004446,5223.887336,5223.004446,2,served
6138,5225.058031,5225.132438,5225.058031,0,served
6139,5225.058031,5229.588835,5225.058031,1,served
6140,5225.058031,5226.847247,5225.058031,2,served
6141,5225.058031,5225.908692,5225.132438,0,served
6142,5225.058031,5229.152303,5225.908692,0,served
6143,5228.239148,5229.059936,5228.239148,2,served
6144,5228.566790,5238.161364,5229.059936,2,served
6145,5228.738919,5229.584138,5229.152303,0,served
6146,5228.738919,5231.534012,5229.584138,0,served
6147,5228.852634,5231.654637,5229.588835,1,served
6148,5228.852634,5232.786880,5231.534012,0,served
6149,5229.582608,5231.713091,5231.654637,1,served
6150,5229.582608,5232.867255,5231.713091,1,served
6151,5229.582608,5234.195635,5232.786880,0,served
6152,5229.582608,5240.692726,5232.867255,1,served
6153,5233.288341,5234.358226,5234.195635,0,served
6154,5233.288341,5236.084970,5234.358226,0,served
6155,5233.637715,5236.687488,5236.084970,0,served
6156,5235.469940,5236.946483,5236.687488,0,served
6157,5235.469940,5237.523835,5236.946483,0,served
6158,5235.469940,5240.242371,5237.523835,0,served
6159,5235.648130,5239.125261,5238.161364,2,served
6160,5235.703738,5247.763632,5239.125261,2,served
6161,5235.703738,5240.370385,5240.242371,0,served
6162,5237.767546,5240.548273,5240.370385,0,served
6163,5239.105882,5240.742689,5240.548273,0,served
6164,5240.939684,5241.499473,5240.939684,0,served
6165,5240.939684,5242.975631,5240.939684,1,served
6166,5240.939684,5244.039608,5241.499473,0,served
6167,5245.159350,5246.258280,5245.159350,0,served
6168,5246.205586,5249.378955,5246.205586,1,served
6169,5248.339226,5248.676013,5248.339226,0,served
6170,5248.339226,5249.936191,5248.339226,2,served
6171,5248.339226,5251.839130,5248.676013,0,served
6172,5248.339226,5250.137204,5249.378955,1,served
6173,5248.865533,5251.999750,5249.936191,2,served
6174,5249.289103,5255.185143,5250.137204,1,served
6175,5250.252855,5252.781346,5251.839130,0,served
6176,5251.822961,5253.380274,5251.999750,2,served
6177,5251.822961,5255.597481,5252.781346,0,served
6178,5255.242498,5257.657911,5255.242498,1,served
6179,5256.039891,5257.637841,5256.039891,0,served
6180,5256.039891,5256.831207,5256.039891,2,served
6181,5267.281330,5268.209628,5267.281330,0,served
6182,5268.299305,5268.696173,5268.299305,0,served
6183,5268.299305,5268.722441,5268.299305,1,served
6184,5268.527498,5269.330536,5268.527498,2,served
6185,5268.527498,5268.876879,5268.696173,0,served
6186,5270.805709,5274.506901,5270.805709,0,served
6187,5270.964505,5274.287683,5270.964505,1,served
6188,5270.964505,5272.546219,5270.964505,2,served
6189,5270.964505,5273.713579,5272.546219,2,served
6190,5272.779968,5275.283278,5273.713579,2,served
6191,5272.894599,5276.896277,5274.287683,1,served
6192,5275.143657,5275.850581,5275.143657,0,served
6193,5275.143657,5283.944081,5275.283278,2,served
6194,5275.143657,5283.263194,5275.850581,0,served
6195,5276.457638,5283.804722,5276.896277,1,served
6196,5277.065798,5284.378126,5283.263194,0,served
6197,5282.683268,5285.789181,5283.804722,1,served
6198,5282.683268,5288.185794,5283.944081,2,served
6199,5282.920826,5285.625319,5284.378126,0,served
6200,5283.624765,5286.157042,5285.625319,0,served
6201,5287.850631,5287.942397,5287.850631,0,served
6202,5288.106586,5288.818452,5288.106586,0,served
6203,5288.106586,5292.544362,5288.106586,1,served
6204,5288.106586,5289.092152,5288.185794,2,served
6205,5288.106586,5289.558544,5288.818452,0,served
6206,5290.140082,5291.410472,5290.140082,0,served
6207,5290.140082,5292.844179,5290.140082,2,served
6208,5291.035266,5292.257652,5291.410472,0,served
6209,5291.035266,5294.543830,5292.257652,0,served
6210,5291.146494,5294.644819,5292.544362,1,served
6211,5291.803209,5299.452318,5292.844179,2,served
6212,5291.803209,5294.787805,5294.543830,0,served
6213,5291.803209,5296.134967,5294.644819,1,served
6214,5291.803209,5295.296397,5294.787805,0,served
6215,5295.232465,5295.500788,5295.296397,0,served
6216,5295.232465,5296.255082,5295.500788,0,served
6217,5295.232465,5299.200852,5296.134967,1,served
6218,5296.104551,5296.563675,5296.255082,0,served
6219,5299.780026,5300.084203,5299.780026,0,served
6220,5301.904363,5302.555027,5301.904363,0,served
6221,5301.983912,5305.992941,5301.983912,1,served
6222,5301.983912,5304.379024,5301.983912,2,served
6223,5304.811467,5306.415826,5304.811467,0,served
6224,5304.811467,5310.874430,5304.811467,2,served
6225,5304.811467,5306.614032,5305.992941,1,served
6226,5307.061888,5308.294596,5307.061888,0,served
6227,5307.061888,5321.654731,5307.061888,1,served
6228,5307.061888,5308.536397,5308.294596,0,served
6229,5307.061888,5308.633082,5308.536397,0,served
6230,5307.990763,5309.986410,5308.633082,0,served
6231,5311.287150,5312.441306,5311.287150,0,served
6232,5311.422327,5315.433258,5311.422327,2,served
6233,5311.422327,5312.891754,5312.441306,0,served
6234,5311.618646,5314.898120,5312.891754,0,served
6235,5311.921046,5315.890405,5314.898120,0,served
6236,5311.921046,5316.359928,5315.433258,2,served
6237,5311.921046,5317.151077,5315.890405,0,served
6238,5314.045094,5317.971557,5316.359928,2,served
6239,5315.002905,5317.552468,5317.151077,0,served
6240,5317.170781,5317.656450,5317.552468,0,served
6241,5317.223266,5321.560423,5317.656450,0,served
6242,5317.728373,5319.111884,5317.971557,2,served
6243,5319.659905,5321.176687,5319.659905,2,served
6244,5319.659905,5321.953222,5321.176687,2,served
6245,5320.647341,5322.732912,5321.560423,0,served
6246,5320.707948,5323.172827,5321.654731,1,served
6247,5321.879135,5323.284410,5321.953222,2,served
6248,5321.879135,5322.763752,5322.732912,0,served
6249,5321.879135,5323.187777,5322.763752,0,served
6250,5322.636652,5328.538528,5323.172827,1,served
6251,5322.636652,5324.251315,5323.187777,0,served
6252,5322.636652,5328.611395,5323.284410,2,served
6253,5322.636652,5327.373087,5324.251315,0,served
6254,5322.636652,5327.375914,5327.373087,0,served
6255,5322.636652,5329.936459,5327.375914,0,served
6256,5324.914344,5331.007456,5328.538528,1,served
6257,5327.074883,5333.874989,5328.611395,2,served
6258,5336.810790,5338.612895,5336.810790,0,served
6259,5338.588861,5340.895576,5338.588861,1,served
6260,5348.401165,5349.247512,5348.401165,0,served
6261,5348.401165,5352.517798,5348.401165,1,served
6262,5348.401165,5353.723137,5348.401165,2,served
6263,5348.401165,5350.123739,5349.247512,0,served
6264,5348.401165,5354.091102,5350.123739,0,served
6265,5348.718658,5354.713337,5352.517798,1,served
6266,5348.718658,5360.078371,5353.723137,2,served
6267,5348.718658,5357.425318,5354.091102,0,served
6268,5351.128477,5355.805082,5354.713337,1,served
6269,5351.953738,5359.205222,5355.805082,1,served
6270,5351.953738,5359.181086,5357.425318,0,served
6271,5351.953738,5361.159616,5359.181086,0,served
6272,5353.232995,5374.471572,5359.205222,1,served
6273,5353.232995,5363.313295,5360.078371,2,served
6274,5353.375878,5364.345967,5361.159616,0,served
6275,5354.472817,5365.588296,5363.313295,2,served
6276,5356.427075,5366.518078,5364.345967,0,served
6277,5357.111774,5367.850197,5365.588296,2,served
6278,5359.954821,5366.924888,5366.518078,0,served
6279,5359.954821,5367.015828,5366.924888,0,served
6280,5359.954821,5367.666432,5367.015828,0,served
6281,5363.097662,5368.725471,5367.666432,0,served
6282,5363.097662,5371.299876,5367.850197,2,served
6283,5364.391023,5369.761472,5368.725471,0,served
6284,5365.371590,5369.778972,5369.761472,0,served
6285,5366.214295,5370.254712,5369.778972,0,served
6286,5367.781227,5371.971098,5370.254712,0,served
6287,5367.781227,5374.108926,5371.299876,2,served
6288,5369.123156,5373.550076,5371.971098,0,served
6289,5372.480565,5375.370382,5373.550076,0,served
6290,5372.480565,5376.749057,5374.108926,2,served
6291,5372.480565,5374.639938,5374.471572,1,served
6292,5374.772511,5377.808000,5374.772511,1,served
6293,5375.047920,5380.293206,5375.370382,0,served
6294,5375.450266,5378.923342,5376.749057,2,served
6295,5375.450266,5379.987164,5377.808000,1,served
6296,5375.450266,5378.964532,5378.923342,2,served
6297,5378.102238,5391.480438,5378.964532,2,served
6298,5378.102238,5380.135386,5379.987164,1,served
6299,5378.102238,5384.670517,5380.135386,1,served
6300,5378.102238,5381.863789,5380.293206,0,served
6301,5378.719002,5382.258207,5381.863789,0,served
6302,5378.827174,5386.109364,5382.258207,0,served
6303,5379.845344,5385.167798,5384.670517,1,served
6304,5381.291215,5386.705346,5385.167798,1,served
6305,5381.621421,5386.836686,5386.109364,0,served
6306,5381.621421,5397.921764,5386.705346,1,served
6307,5383.270531,5387.882279,5386.836686,0,served
6308,5392.178707,5394.992052,5392.178707,0,served
6309,5392.804741,5393.724239,5392.804741,2,served
6310,5392.804741,5394.110426,5393.724239,2,served
6311,5393.608928,5399.570977,5394.110426,2,served
6312,5395.161736,5396.060093,5395.161736,0,served
6313,5395.161736,5397.065634,5396.060093,0,served
6314,5395.161736,5399.104892,5397.065634,0,served
6315,5395.161736,5401.440428,5397.921764,1,served
6316,5396.219946,5399.327480,5399.104892,0,served
6317,5397.612726,5399.514656,5399.327480,0,served
6318,5403.572576,5403.823706,5403.572576,0,served
6319,5403.636780,5407.187559,5403.636780,1,served
6320,5403.636780,5403.949232,5403.636780,2,served
6321,5404.714893,5405.050056,5404.714893,0,served
6322,5404.714893,5406.465959,5404.714893,2,served
6323,5404.714893,5407.065975,5405.050056,0,served
6324,5405.608569,5407.604870,5406.465959,2,served
6325,5405.608569,5408.289879,5407.065975,0,served
6326,5406.523963,5407.452858,5407.187559,1,served
6327,5410.946947,5414.145470,5410.946947,0,served
6328,5410.946947,5419.507115,5410.946947,1,served
6329,5413.510851,5414.873282,5413.510851,2,served
6330,5413.510851,5415.512692,5414.145470,0,served
6331,5415.983124,5416.127563,5415.983124,0,served
6332,5418.173227,5419.724388,5418.173227,0,served
6333,5419.320235,5420.269627,5419.320235,2,served
6334,5419.320235,5420.515128,5419.507115,1,served
6335,5419.320235,5419.993295,5419.724388,0,served
6336,5419.320235,5420.802574,5419.993295,0,served
6337,5419.320235,5427.838728,5420.269627,2,served
6338,5423.198602,5424.402804,5423.198602,0,served
6339,5423.198602,5424.872954,5423.198602,1,served
6340,5423.198602,5425.889140,5424.402804,0,served
6341,5423.198602,5426.514134,5424.872954,1,served
6342,5423.198602,5428.063682,5425.889140,0,served
6343,5423.198602,5427.808815,5426.514134,1,served
6344,5423.198602,5429.522199,5427.808815,1,served
6345,5423.198602,5427.889480,5427.838728,2,served
6346,5423.198602,5430.023997,5427.889480,2,served
6347,5423.761730,5428.238002,5428.063682,0,served
6348,5425.216462,5428.718112,5428.238002,0,served
6349,5425.216462,5429.021416,5428.718112,0,served
6350,5427.100617,5429.487664,5429.021416,0,served
6351,5427.922633,5429.770034,5429.487664,0,served
6352,5427.922633,5435.299407,5429.522199,1,served
6353,5427.950690,5430.306077,5429.770034,0,served
6354,5427.950690,5435.203055,5430.023997,2,served
6355,5428.060039,5434.017488,5430.306077,0,served
6356,5429.051610,5436.188491,5434.017488,0,served
6357,5429.867196,5438.359067,5435.203055,2,served
6358,5432.043021,5444.365563,5435.299407,1,served
6359,5432.043021,5436.217212,5436.188491,0,served
6360,5436.278282,5439.580706,5436.278282,0,served
6361,5436.278282,5441.358962,5438.359067,2,served
6362,5438.545991,5440.624719,5439.580706,0,served
6363,5438.545991,5442.911971,5440.624719,0,served
6364,5438.545991,5441.409103,5441.358962,2,served
6365,5441.740180,5442.143089,5441.740180,2,served
6366,5441.740180,5448.859771,5442.143089,2,served
6367,5441.740180,5443.384139,5442.911971,0,served
6368,5443.106563,5447.451553,5443.384139,0,served
6369,5443.106563,5448.669441,5444.365563,1,served
6370,5443.106563,5447.629499,5447.451553,0,served
6371,5443.524575,5450.504644,5447.629499,0,served
6372,5443.524575,5450.839996,5448.669441,1,served
6373,5450.431648,5451.100801,5450.431648,2,served
6374,5450.431648,5451.292952,5450.504644,0,served
6375,5451.465981,5452.175550,5451.465981,0,served
6376,5451.465981,5451.602502,5451.465981,1,served
6377,5451.465981,5461.355137,5451.465981,2,served
6378,5452.607013,5452.632150,5452.607013,0,served
6379,5454.978685,5455.077604,5454.978685,0,served
6380,5455.060672,5461.308979,5455.060672,1,served
6381,5455.060672,5458.704996,5455.077604,0,served
6382,5455.060672,5460.832187,5458.704996,0,served
6383,5455.060672,5465.962485,5460.832187,0,served
6384,5455.526065,5461.547699,5461.308979,1,served
6385,5458.232489,5461.488664,5461.355137,2,served
6386,5460.044240,5463.918974,5461.488664,2,served
6387,5460.537544,5464.459152,5461.547699,1,served
6388,5461.044326,5465.505150,5463.918974,2,served
6389,5461.729283,5470.718109,5464.459152,1,served
6390,5462.364402,5465.701395,5465.505150,2,served
6391,5462.591588,5465.842168,5465.701395,2,served
6392,5462.787817,5466.212377,5465.842168,2,served
6393,5462.787817,5468.360942,5465.962485,0,served
6394,5465.164544,5467.130440,5466.212377,2,served
6395,5466.362818,5478.278916,5467.130440,2,served
6396,5466.362818,5469.031338,5468.360942,0,served
6397,5466.362818,5469.388679,5469.031338,0,served
6398,5466.362818,5469.476430,5469.388679,0,served
6399,5466.979003,5469.547320,5469.476430,0,served
6400,5466.979003,5474.231016,5469.547320,0,served
6401,5466.979003,5476.739312,5470.718109,1,served
6402,5467.083455,5475.766988,5474.231016,0,served
6403,5468.174004,5476.302664,5475.766988,0,served
6404,5468.174004,5479.146731,5476.302664,0,served
6405,5471.080341,5477.238880,5476.739312,1,served
6406,5471.226295,5478.104839,5477.238880,1,served
6407,5471.226295,5479.317171,5478.104839,1,served
6408,5471.525532,5479.606840,5478.278916,2,served
6409,5477.736887,5480.485444,5479.146731,0,served
6410,5477.736887,5484.069864,5479.317171,1,served
6411,5479.060630,5480.482115,5479.606840,2,served
6412,5480.464693,5481.071960,5480.482115,2,served
6413,5481.693483,5482.079105,5481.693483,0,served
6414,5488.232628,5493.481493,5488.232628,0,served
6415,5488.586789,5489.098506,5488.586789,1,served
6416,5488.586789,5493.444352,5488.586789,2,served
6417,5490.143401,5490.649682,5490.143401,1,served
6418,5490.143401,5493.058875,5490.649682,1,served
6419,5490.143401,5493.446307,5493.058875,1,served
6420,5490.143401,5495.391930,5493.444352,2,served
6421,5490.394813,5498.399544,5493.446307,1,served
6422,5490.394813,5493.863986,5493.481493,0,served
6423,5492.520243,5495.913515,5493.863986,0,served
6424,5492.520243,5496.950346,5495.391930,2,served
6425,5492.520243,5497.718568,5495.913515,0,served
6426,5494.539144,5497.370609,5496.950346,2,served
6427,5494.539144,5501.683241,5497.370609,2,served
6428,5498.143566,5498.968579,5498.143566,0,served
6429,5498.143566,5499.158373,5498.399544,1,served
6430,5498.143566,5501.283199,5498.968579,0,served
6431,5499.129245,5500.285373,5499.158373,1,served
6432,5499.129245,5500.821242,5500.285373,1,served
6433,5504.344641,5505.181787,5504.344641,0,served
6434,5504.422010,5510.287134,5504.422010,1,served
6435,5505.925952,5509.130816,5505.925952,0,served
6436,5505.925952,5511.089026,5505.925952,2,served
6437,5505.925952,5509.666619,5509.130816,0,served
6438,5505.925952,5510.558131,5509.666619,0,served
6439,5505.925952,5510.575288,5510.287134,1,served
6440,5505.925952,5510.724656,5510.558131,0,served
6441,5505.925952,5513.342561,5510.575288,1,served
6442,5505.993068,5510.773960,5510.724656,0,served
6443,5508.731869,5511.387184,5510.773960,0,served
6444,5509.436339,5515.143957,5511.089026,2,served
6445,5509.436339,5511.631684,5511.387184,0,served
6446,5511.725941,5511.875161,5511.725941,0,served
6447,5511.725941,5512.224718,5511.875161,0,served
6448,5516.701776,5517.177840,5516.701776,0,served
6449,5518.836844,5519.272066,5518.836844,0,served
6450,5523.949148,5524.349069,5523.949148,0,served
6451,5523.949148,5527.652703,5523.949148,1,served
6452,5523.949148,5525.158020,5523.949148,2,served
6453,5524.832559,5525.597420,5524.832559,0,served
6454,5528.660853,5530.414578,5528.660853,0,served
6455,5533.463130,5534.783094,5533.463130,0,served
6456,5533.463130,5536.254351,5533.463130,1,served
6457,5534.564360,5539.286478,5534.564360,2,served
6458,5534.564360,5536.591837,5534.783094,0,served
6459,5534.564360,5536.435228,5536.254351,1,served
6460,5534.564360,5537.586184,5536.435228,1,served
6461,5539.888000,5540.269937,5539.888000,0,served
6462,5539.888000,5543.283102,5539.888000,1,served
6463,5542.739748,5543.226541,5542.739748,0,served
6464,5543.443266,5543.962402,5543.443266,0,served
6465,5543.443266,5544.301253,5543.443266,1,served
6466,5543.443266,5545.148946,5543.443266,2,served
6467,5543.443266,5544.546359,5543.962402,0,served
6468,5544.733157,5544.926958,5544.733157,0,served
6469,5544.733157,5552.129953,5544.733157,1,served
6470,5544.733157,5545.920964,5544.926958,0,served
6471,5544.733157,5555.167269,5545.148946,2,served
6472,5546.450751,5548.889203,5546.450751,0,served
6473,5549.341125,5549.618010,5549.341125,0,served
6474,5549.341125,5550.876044,5549.618010,0,served
6475,5549.341125,5552.868886,5550.876044,0,served
6476,5550.817508,5557.717292,5552.129953,1,served
6477,5551.199135,5562.772222,5552.868886,0,served
6478,5551.199135,5558.801810,5555.167269,2,served
6479,5551.199135,5566.019402,5557.717292,1,served
6480,5551.506817,5561.281033,5558.801810,2,served
6481,5552.816979,5562.500629,5561.281033,2,served
6482,5556.396343,5562.798264,5562.500629,2,served
6483,5557.557083,5566.753972,5562.772222,0,served
6484,5560.616112,5566.528804,5562.798264,2,served
6485,5560.616112,5566.869889,5566.019402,1,served
6486,5560.616112,5567.001034,5566.528804,2,served
6487,5564.024704,5567.699657,5566.753972,0,served
6488,5564.125056,5573.015771,5566.869889,1,served
6489,5564.543781,5567.660610,5567.001034,2,served
6490,5566.004472,5572.351095,5567.660610,2,served
6491,5569.757133,5570.302157,5569.757133,0,served
6492,5569.757133,5574.847932,5570.302157,0,served
6493,5569.757133,5573.438136,5572.351095,2,served
6494,5570.141139,5578.131035,5573.015771,1,served
6495,5570.141139,5573.517418,5573.438136,2,served
6496,5570.220029,5574.300483,5573.517418,2,served
6497,5571.462309,5576.160653,5574.300483,2,served
6498,5571.910061,5576.785957,5574.847932,0,served
6499,5576.778511,5581.262043,5576.778511,2,served
6500,5576.778511,5577.367709,5576.785957,0,served
6501,5579.764153,5580.014119,5579.764153,0,served
6502,5579.764153,5580.002145,5579.764153,1,served
6503,5581.871347,5584.214739,5581.871347,0,served
6504,5584.919335,5587.718183,5584.919335,0,served
6505,5584.919335,5593.539727,5584.919335,1,served
6506,5586.862533,5590.879609,5586.862533,2,served
6507,5589.720361,5594.677483,5589.720361,0,served
6508,5592.409604,5597.475005,5592.409604,2,served
6509,5596.070079,5596.522557,5596.070079,0,served
6510,5596.070079,5600.395993,5596.070079,1,served
6511,5596.070079,5596.924491,5596.522557,0,served
6512,5596.070079,5597.585238,5596.924491,0,served
6513,5596.070079,5600.475200,5597.475005,2,served
6514,5596.338670,5599.878738,5597.585238,0,served
6515,5600.346032,5600.951776,5600.346032,0,served
6516,5600.346032,5602.019610,5600.395993,1,served
6517,5601.158851,5601.258973,5601.158851,0,served
6518,5601.496142,5605.056034,5601.496142,0,served
6519,5601.496142,5602.291532,5601.496142,2,served
6520,5603.098315,5605.618660,5603.098315,1,served
6521,5603.393142,5606.061683,5603.393142,2,served
6522,5603.393142,5606.188532,5605.056034,0,served
6523,5603.393142,5605.653548,5605.618660,1,served
6524,5603.393142,5610.586613,5605.653548,1,served
6525,5603.665306,5606.154493,5606.061683,2,served
6526,5606.122171,5607.945849,5606.154493,2,served
6527,5606.490650,5608.490806,5606.490650,0,served
6528,5607.715954,5608.747749,5607.945849,2,served
6529,5608.837512,5609.852710,5608.837512,0,served
6530,5608.837512,5609.225971,5608.837512,2,served
6531,5608.837512,5618.377891,5609.225971,2,served
6532,5608.858398,5610.573912,5609.852710,0,served
6533,5608.858398,5610.824104,5610.573912,0,served
6534,5608.858398,5613.218735,5610.586613,1,served
6535,5611.629150,5614.033563,5611.629150,0,served
6536,5611.695250,5613.538692,5613.218735,1,served
6537,5611.695250,5614.089128,5613.538692,1,served
6538,5612.813371,5614.926285,5614.033563,0,served
6539,5614.288454,5616.616650,5614.288454,1,served
6540,5614.288454,5615.033989,5614.926285,0,served
6541,5615.375572,5618.974777,5615.375572,0,served
6542,5619.034242,5619.845520,5619.034242,0,served
6543,5619.034242,5620.722962,5619.034242,1,served
6544,5622.182787,5624.341119,5622.182787,0,served
6545,5625.458141,5625.673150,5625.458141,0,served
6546,5625.458141,5628.267967,5625.458141,1,served
6547,5625.458141,5630.054018,5625.458141,2,served
6548,5625.458141,5629.357090,5625.673150,0,served
6549,5626.393784,5628.613703,5628.267967,1,served
6550,5626.872381,5632.000560,5628.613703,1,served
6551,5626.872381,5630.868100,5629.357090,0,served
6552,5626.872381,5631.103237,5630.054018,2,served
6553,5626.872381,5632.138841,5630.868100,0,served
6554,5626.872381,5632.209512,5631.103237,2,served
6555,5626.872381,5632.166803,5632.000560,1,served
6556,5626.872381,5632.776634,5632.138841,0,served
6557,5630.834457,5632.747709,5632.166803,1,served
6558,5631.574029,5632.747708,5632.209512,2,served
6559,5631.574029,5633.666732,5632.747708,2,served
6560,5633.814762,5634.239567,5633.814762,0,served
6561,5638.814060,5639.210218,5638.814060,0,served
6562,5638.814060,5639.844818,5638.814060,1,served
6563,5638.814060,5639.491507,5638.814060,2,served
6564,5638.814060,5639.394948,5639.210218,0,served
6565,5638.814060,5644.041548,5639.394948,0,served
6566,5645.036176,5645.741729,5645.036176,0,served
6567,5645.036176,5645.105306,5645.036176,1,served
6568,5646.155324,5650.210264,5646.155324,0,served
6569,5646.155324,5647.844158,5646.155324,1,served
6570,5647.903382,5650.376127,5647.903382,1,served
6571,5647.903382,5659.151572,5647.903382,2,served
6572,5653.419427,5653.526904,5653.419427,0,served
6573,5653.667613,5654.024931,5653.667613,0,served
6574,5655.917535,5660.056938,5655.917535,0,served
6575,5656.847266,5659.264586,5656.847266,1,served
6576,5656.847266,5660.564752,5659.151572,2,served
6577,5656.852158,5667.522141,5659.264586,1,served
6578,5657.930817,5660.952915,5660.056938,0,served
6579,5657.930817,5663.317814,5660.564752,2,served
6580,5657.930817,5662.520806,5660.952915,0,served
6581,5665.241474,5667.330919,5665.241474,0,served
6582,5665.559839,5667.073550,5665.559839,2,served
6583,5665.559839,5669.153984,5667.073550,2,served
6584,5667.371671,5667.970992,5667.371671,0,served
6585,5668.938767,5668.970887,5668.938767,0,served
6586,5668.938767,5669.201281,5668.938767,1,served
6587,5668.938767,5669.628247,5668.970887,0,served
6588,5668.938767,5674.862511,5669.153984,2,served
6589,5668.938767,5671.132265,5669.201281,1,served
6590,5668.938767,5671.152922,5669.628247,0,served
6591,5677.062222,5677.498783,5677.062222,0,served
6592,5677.235747,5677.723188,5677.235747,1,served
6593,5677.235747,5677.619606,5677.235747,2,served
6594,5678.535726,5684.354412,5678.535726,0,served
6595,5678.535726,5680.751040,5678.535726,1,served
6596,5678.577386,5678.598236,5678.577386,2,served
6597,5678.577386,5679.144937,5678.598236,2,served
6598,5685.120507,5687.214810,5685.120507,0,served
6599,5685.120507,5691.148863,5685.120507,1,served
6600,5685.120507,5687.327317,5685.120507,2,served
6601,5685.120507,5688.536572,5687.214810,0,served
6602,5685.936478,5690.751765,5687.327317,2,served
6603,5688.130974,5690.603101,5688.536572,0,served
6604,5688.130974,5693.985649,5690.603101,0,served
6605,5688.130974,5691.617604,5690.751765,2,served
6606,5688.130974,5691.631182,5691.148863,1,served
6607,5689.042869,5698.454534,5691.617604,2,served
6608,5689.042869,5692.875796,5691.631182,1,served
6609,5689.042869,5693.300161,5692.875796,1,served
6610,5689.042869,5694.021138,5693.300161,1,served
6611,5689.042869,5699.774137,5693.985649,0,served
6612,5690.169771,5694.134909,5694.021138,1,served
6613,5691.125172,5695.689268,5694.134909,1,served
6614,5693.143815,5702.170463,5695.689268,1,served
6615,5693.143815,5699.488702,5698.454534,2,served
6616,5693.392425,5699.946944,5699.488702,2,served
6617,5694.647500,5699.862027,5699.774137,0,served
6618,5694.647500,5701.859623,5699.862027,0,served
6619,5694.647500,5702.405964,5699.946944,2,served
6620,5699.668727,5707.605171,5701.859623,0,served
6621,5699.668727,5707.825063,5702.170463,1,served
6622,5700.967064,5704.762180,5702.405964,2,served
6623,5703.086910,5705.179018,5704.762180,2,served
6624,5703.086910,5706.960116,5705.179018,2,served
6625,5705.293118,5709.215748,5706.960116,2,served
6626,5705.734866,5708.888924,5707.605171,0,served
6627,5705.734866,5709.494715,5707.825063,1,served
6628,5705.734866,5709.514744,5708.888924,0,served
6629,5705.734866,5714.484931,5709.215748,2,served
6630,5706.145291,5712.914230,5709.494715,1,served
6631,5711.328511,5711.879812,5711.328511,0,served
6632,5711.328511,5713.047528,5711.879812,0,served
6633,5716.644898,5718.561343,5716.644898,0,served
6634,5716.644898,5717.518750,5716.644898,1,served
6635,5719.335372,5719.884169,5719.335372,0,served
6636,5719.335372,5719.673563,5719.335372,1,served
6637,5721.459168,5721.585289,5721.459168,0,served
6638,5721.459168,5721.899772,5721.459168,1,served
6639,5721.459168,5721.936304,5721.459168,2,served
6640,5721.459168,5724.875921,5721.585289,0,served
6641,5721.459168,5722.009901,5721.899772,1,served
6642,5721.852695,5723.028542,5721.936304,2,served
6643,5723.165226,5726.357631,5723.165226,1,served
6644,5723.165226,5723.481814,5723.165226,2,served
6645,5724.023031,5727.218866,5724.023031,2,served
6646,5724.023031,5729.245823,5724.875921,0,served
6647,5726.060701,5726.714689,5726.357631,1,served
6648,5728.991171,5729.220071,5728.991171,1,served
6649,5728.991171,5736.379176,5728.991171,2,served
6650,5729.291835,5731.053847,5729.291835,0,served
6651,5730.293901,5732.466933,5730.293901,1,served
6652,5730.293901,5732.585430,5731.053847,0,served
6653,5732.430726,5732.528192,5732.466933,1,served
6654,5736.241996,5736.971067,5736.241996,0,served
6655,5738.070527,5738.350628,5738.070527,0,served
6656,5738.070527,5738.478168,5738.070527,1,served
6657,5738.151039,5739.510979,5738.151039,2,served
6658,5739.760873,5740.181768,5739.760873,0,served
6659,5739.760873,5747.050494,5739.760873,1,served
6660,5739.760873,5740.302497,5739.760873,2,served
6661,5739.760873,5740.791719,5740.181768,0,served
6662,5741.333948,5746.553457,5741.333948,0,served
6663,5741.333948,5743.044127,5741.333948,2,served
6664,5742.381555,5750.990394,5743.044127,2,served
6665,5747.544731,5747.967141,5747.544731,0,served
6666,5747.544731,5749.286349,5747.544731,1,served
6667,5747.544731,5749.394215,5747.967141,0,served
6668,5748.191629,5752.938418,5749.286349,1,served
6669,5750.140905,5752.951852,5750.140905,0,served
6670,5750.140905,5753.635961,5750.990394,2,served
6671,5753.854165,5756.378300,5753.854165,0,served
6672,5753.854165,5757.533116,5753.854165,1,served
6673,5754.875329,5755.260157,5754.875329,2,served
6674,5755.368122,5756.087165,5755.368122,2,served
6675,5755.368122,5760.435676,5756.087165,2,served
6676,5755.368122,5756.928608,5756.378300,0,served
6677,5755.368122,5757.142270,5756.928608,0,served
6678,5755.368122,5759.473065,5757.142270,0,served
6679,5755.368122,5759.778928,5757.533116,1,served
6680,5755.368122,5760.056206,5759.473065,0,served
6681,5759.095578,5763.524908,5759.778928,1,served
6682,5759.095578,5760.447862,5760.056206,0,served
6683,5759.095578,5760.719442,5760.435676,2,served
6684,5759.095578,5763.202545,5760.447862,0,served
6685,5759.310761,5761.159591,5760.719442,2,served
6686,5759.310761,5761.444295,5761.159591,2,served
6687,5759.310761,5761.858709,5761.444295,2,served
6688,5759.310761,5764.056841,5761.858709,2,served
6689,5759.498513,5763.305216,5763.202545,0,served
6690,5759.498513,5764.027796,5763.305216,0,served
6691,5759.498513,5765.257804,5763.524908,1,served
6692,5759.498513,5764.879526,5764.027796,0,served
6693,5759.498513,5772.094647,5764.056841,2,served
6694,5760.038288,5766.822786,5764.879526,0,served
6695,5760.316840,5766.931115,5765.257804,1,served
6696,5760.316840,5770.480538,5766.822786,0,served
6697,5762.182623,5770.023863,5766.931115,1,served
6698,5762.182623,5772.932026,5770.023863,1,served
6699,5762.610001,5771.009206,5770.480538,0,served
6700,5762.610001,5771.566654,5771.009206,0,served
6701,5762.610001,5774.695059,5771.566654,0,served
6702,5763.212922,5775.222654,5772.094647,2,served
6703,5763.212922,5777.566389,5772.932026,1,served
6704,5769.010929,5774.789737,5774.695059,0,served
6705,5769.362937,5776.021692,5774.789737,0,served
6706,5770.118372,5777.078683,5775.222654,2,served
6707,5770.170312,5777.266528,5776.021692,0,served
6708,5774.177672,5779.131040,5777.078683,2,served
6709,5775.091556,5777.386785,5777.266528,0,served
6710,5775.091556,5777.529191,5777.386785,0,served
6711,5775.091556,5780.052836,5777.529191,0,served
6712,5775.091556,5778.945931,5777.566389,1,served
6713,5775.824603,5779.346312,5778.945931,1,served
6714,5776.976605,5784.278871,5779.131040,2,served
6715,5776.976605,5781.130728,5779.346312,1,served
6716,5776.976605,5780.381776,5780.052836,0,served
6717,5779.691174,5780.800834,5780.381776,0,served
6718,5781.077531,5783.583149,5781.077531,0,served
6719,5781.077531,5781.650943,5781.130728,1,served
6720,5784.523095,5785.234252,5784.523095,0,served
6721,5784.523095,5784.835662,5784.523095,1,served
6722,5784.523095,5786.412334,5784.523095,2,served
6723,5786.524438,5787.553960,5786.524438,0,served
6724,5786.524438,5787.410815,5786.524438,1,served
6725,5786.826288,5789.296894,5786.826288,2,served
6726,5786.826288,5789.599618,5787.410815,1,served
6727,5788.004502,5793.080595,5788.004502,0,served
6728,5788.004502,5789.432811,5789.296894,2,served
6729,5788.004502,5789.510576,5789.432811,2,served
6730,5788.706793,5790.932360,5789.510576,2,served
6731,5790.662539,5791.173421,5790.662539,1,served
6732,5792.608805,5793.167523,5792.608805,1,served
6733,5793.270140,5794.799058,5793.270140,0,served
6734,5795.135522,5796.166507,5795.135522,0,served
6735,5795.135522,5796.478250,5795.135522,1,served
6736,5795.135522,5801.840718,5795.135522,2,served
6737,5795.135522,5797.398252,5796.166507,0,served
6738,5796.345979,5800.781333,5796.478250,1,served
6739,5797.524106,5798.554439,5797.524106,0,served
6740,5797.570287,5801.257134,5798.554439,0,served
6741,5798.965183,5801.485673,5800.781333,1,served
6742,5798.965183,5801.320088,5801.257134,0,served
6743,5798.965183,5801.953845,5801.320088,0,served
6744,5798.965183,5803.177859,5801.485673,1,served
6745,5798.965183,5802.904230,5801.840718,2,served
6746,5799.358113,5803.974390,5801.953845,0,served
6747,5799.358113,5807.120890,5802.904230,2,served
6748,5803.431219,5808.939912,5803.431219,1,served
6749,5803.431219,5805.235851,5803.974390,0,served
6750,5803.714279,5807.489685,5805.235851,0,served
6751,5803.714279,5807.370143,5807.120890,2,served
6752,5803.714279,5808.590707,5807.370143,2,served
6753,5803.714279,5807.999991,5807.489685,0,served
6754,5803.714279,5808.651156,5807.999991,0,served
6755,5804.429253,5811.010124,5808.590707,2,served
6756,5806.567752,5809.287517,5808.651156,0,served
6757,5806.567752,5811.947962,5808.939912,1,served
6758,5806.567752,5812.986170,5809.287517,0,served
6759,5813.219669,5813.265173,5813.219669,0,served
6760,5813.219669,5813.454513,5813.219669,1,served
6761,5813.219669,5818.361915,5813.219669,2,served
6762,5813.289387,5814.106670,5813.289387,0,served
6763,5813.289387,5813.799728,5813.454513,1,served
6764,5813.289387,5820.390160,5813.799728,1,served
6765,5814.383708,5815.690808,5814.383708,0,served
6766,5814.383708,5820.356798,5815.690808,0,served
6767,5815.528110,5820.730645,5818.361915,2,served
6768,5816.284870,5822.801465,5820.356798,0,served
6769,5816.284870,5824.345709,5820.390160,1,served
6770,5816.284870,5821.871286,5820.730645,2,served
6771,5816.284870,5823.354592,5821.871286,2,served
6772,5816.797642,5826.614424,5822.801465,0,served
6773,5816.797642,5823.472736,5823.354592,2,served
6774,5816.797642,5826.583180,5823.472736,2,served
6775,5825.399021,5829.739187,5825.399021,1,served
6776,5825.399021,5827.316274,5826.583180,2,served
6777,5826.313065,5827.561973,5826.614424,0,served
6778,5826.313065,5829.397511,5827.316274,2,served
6779,5826.313065,5828.083521,5827.561973,0,served
6780,5826.481000,5830.591907,5828.083521,0,served
6781,5826.959225,5840.531197,5829.397511,2,served
6782,5828.948466,5830.440623,5829.739187,1,served
6783,5829.898968,5830.628849,5830.440623,1,served
6784,5829.973006,5833.631786,5830.591907,0,served
6785,5829.973006,5830.760637,5830.628849,1,served
6786,5829.973006,5831.534546,5830.760637,1,served
6787,5829.973006,5834.172988,5831.534546,1,served
6788,5831.169658,5834.505383,5833.631786,0,served
6789,5832.090479,5840.910920,5834.172988,1,served
6790,5835.547470,5837.357354,5835.547470,0,served
6791,5838.451030,5838.910643,5838.451030,0,served
6792,5838.451030,5839.477950,5838.910643,0,served
6793,5838.451030,5841.235005,5839.477950,0,served
6794,5838.902835,5848.770941,5840.531197,2,served
6795,5839.508654,5844.766626,5840.910920,1,served
6796,5839.508654,5844.245851,5841.235005,0,served
6797,5839.508654,5844.846162,5844.245851,0,served
6798,5839.508654,5853.520785,5844.766626,1,served
6799,5840.839787,5845.996315,5844.846162,0,served
6800,5841.188868,5847.160876,5845.996315,0,served
6801,5841.323972,5852.697099,5847.160876,0,served
6802,5842.912015,5863.360256,5848.770941,2,served
6803,5842.912015,5853.897955,5852.697099,0,served
6804,5842.912015,5853.802258,5853.520785,1,served
6805,5845.845507,5855.590430,5853.802258,1,served
6806,5847.680141,5854.259170,5853.897955,0,served
6807,5849.158159,5854.682820,5854.259170,0,served
6808,5850.801929,5857.914088,5854.682820,0,served
6809,5850.801929,5863.672468,5855.590430,1,served
6810,5852.754001,5860.092576,5857.914088,0,served
6811,5856.542534,5860.657876,5860.092576,0,served
6812,5859.221425,5861.543726,5860.657876,0,served
6813,5859.335293,5862.133136,5861.543726,0,served
6814,5859.335293,5865.075316,5862.133136,0,served
6815,5859.335293,5874.227099,5863.360256,2,served
6816,5859.673533,5863.897837,5863.672468,1,served
6817,5860.310850,5864.579808,5863.897837,1,served
6818,5860.310850,5864.872502,5864.579808,1,served
6819,5862.327989,5865.607758,5864.872502,1,served
6820,5862.327989,5868.112676,5865.075316,0,served
6821,5862.678184,5869.132507,5865.607758,1,served
6822,5864.847382,5868.498212,5868.112676,0,served
6823,5870.555930,5873.359585,5870.555930,0,served
6824,5873.863232,5874.233062,5873.863232,0,served
6825,5874.078316,5876.351770,5874.078316,1,served
6826,5874.078316,5882.072248,5874.227099,2,served
6827,5874.078316,5875.337085,5874.233062,0,served
6828,5874.254241,5876.212900,5875.337085,0,served
6829,5874.254241,5877.582392,5876.212900,0,served
6830,5874.254241,5881.237374,5876.351770,1,served
6831,5874.254241,5878.084505,5877.582392,0,served
6832,5874.254241,5879.238353,5878.084505,0,served
6833,5874.254241,5884.811990,5879.238353,0,served
6834,5875.454446,5882.082608,5881.237374,1,served
6835,5875.589951,5884.124823,5882.072248,2,served
6836,5875.589951,5883.288331,5882.082608,1,served
6837,5876.294276,5897.491157,5883.288331,1,served
6838,5879.536741,5889.002714,5884.124823,2,served
6839,5879.536741,5885.881331,5884.811990,0,served
6840,5881.409160,5886.972191,5885.881331,0,served
6841,5881.409160,5887.094202,5886.972191,0,served
6842,5881.409160,5887.714481,5887.094202,0,served
6843,5881.409160,5888.463176,5887.714481,0,served
6844,5881.409160,5888.982605,5888.463176,0,served
6845,5882.965301,5890.685664,5888.982605,0,served
6846,5882.965301,5889.307921,5889.002714,2,served
6847,5883.797777,5893.204972,5889.307921,2,served
6848,5883.797777,5891.296556,5890.685664,0,served
6849,5883.797777,5891.592780,5891.296556,0,served
6850,5883.797777,5893.240278,5891.592780,0,served
6851,5886.108983,5898.907841,5893.204972,2,served
6852,5886.108983,5893.904016,5893.240278,0,served
6853,5886.108983,5894.579255,5893.904016,0,served
6854,5886.489960,5895.435619,5894.579255,0,served
6855,5888.540071,5897.454226,5895.435619,0,served
6856,5888.722819,5897.592432,5897.454226,0,served
6857,5888.784553,5901.827736,5897.491157,1,served
6858,5888.784553,5900.919140,5897.592432,0,served
6859,5890.188573,5899.620086,5898.907841,2,served
6860,5890.813514,5900.773122,5899.620086,2,served
6861,5890.813514,5903.371801,5900.773122,2,served
6862,5892.419688,5900.989092,5900.919140,0,served
6863,5892.419688,5901.148455,5900.989092,0,served
6864,5892.910010,5901.205266,5901.148455,0,served
6865,5893.003065,5901.215535,5901.205266,0,served
6866,5893.003065,5903.662025,5901.215535,0,served
6867,5893.003065,5903.605917,5901.827736,1,served
6868,5893.077911,5906.540380,5903.371801,2,served
6869,5893.482465,5904.837358,5903.605917,1,served
6870,5893.482465,5905.274881,5903.662025,0,served
6871,5895.830345,5905.260645,5904.837358,1,served
6872,5895.830345,5905.297623,5905.260645,1,served
6873,5898.253963,5905.634049,5905.274881,0,served
6874,5898.997765,5908.160342,5905.297623,1,served
6875,5901.763016,5906.100025,5905.634049,0,served
6876,5902.002512,5908.010663,5906.100025,0,served
6877,5902.002512,5912.611941,5906.540380,2,served
6878,5902.267495,5909.266921,5908.010663,0,served
6879,5902.267495,5909.656525,5908.160342,1,served
6880,5903.994733,5909.391578,5909.266921,0,served
6881,5905.753124,5910.395415,5909.391578,0,served
6882,5906.089153,5910.963361,5909.656525,1,served
6883,5906.089153,5911.412997,5910.395415,0,served
6884,5906.315984,5912.557528,5910.963361,1,served
6885,5906.771903,5911.566040,5911.412997,0,served
6886,5906.771903,5915.701632,5911.566040,0,served
6887,5909.152188,5913.132258,5912.557528,1,served
6888,5909.152188,5917.783106,5912.611941,2,served
6889,5910.896828,5918.885914,5913.132258,1,served
6890,5910.896828,5916.195609,5915.701632,0,served
6891,5910.896828,5925.141984,5916.195609,0,served
6892,5910.977915,5918.876187,5917.783106,2,served
6893,5911.262552,5919.269936,5918.876187,2,served
6894,5911.262552,5919.450624,5918.885914,1,served
6895,5911.262552,5920.564888,5919.269936,2,served
6896,5913.632800,5920.028004,5919.450624,1,served
6897,5915.089607,5920.846129,5920.028004,1,served
6898,5915.557179,5920.640241,5920.564888,2,served
6899,5915.557179,5922.886754,5920.640241,2,served
6900,5915.557179,5926.210783,5920.846129,1,served
6901,5915.557179,5925.633750,5922.886754,2,served
6902,5915.557179,5925.496788,5925.141984,0,served
6903,5915.727003,5926.902471,5925.496788,0,served
6904,5917.105343,5931.580870,5925.633750,2,served
6905,5917.804730,5926.391726,5926.210783,1,served
6906,5920.475610,5928.213401,5926.391726,1,served
6907,5920.475610,5927.320534,5926.902471,0,served
6908,5920.697524,5928.801986,5927.320534,0,served
6909,5924.433809,5929.493710,5928.213401,1,served
6910,5928.534481,5928.856802,5928.801986,0,served
6911,5928.534481,5931.122475,5928.856802,0,served
6912,5928.672715,5932.675951,5929.493710,1,served
6913,5929.403088,5932.078320,5931.122475,0,served
6914,5929.403088,5934.340725,5931.580870,2,served
6915,5930.126979,5933.431138,5932.078320,0,served
6916,5930.455191,5934.585664,5932.675951,1,served
6917,5930.455191,5933.476299,5933.431138,0,served
6918,5930.455191,5935.953334,5933.476299,0,served
6919,5930.455191,5940.661748,5934.340725,2,served
6920,5930.455191,5941.966447,5934.585664,1,served
6921,5931.315357,5936.587976,5935.953334,0,served
6922,5935.943743,5937.024663,5936.587976,0,served
6923,5936.706784,5937.521923,5937.024663,0,served
6924,5936.706784,5937.652913,5937.521923,0,served
6925,5936.706784,5939.674527,5937.652913,0,served
6926,5936.706784,5944.012326,5939.674527,0,served
6927,5939.389754,5941.898369,5940.661748,2,served
6928,5939.389754,5942.643071,5941.898369,2,served
6929,5942.838491,5945.561694,5942.838491,1,served
6930,5942.838491,5946.532812,5942.838491,2,served
6931,5943.788008,5945.833207,5944.012326,0,served
6932,5943.788008,5949.643994,5945.561694,1,served
6933,5945.086482,5946.353195,5945.833207,0,served
6934,5946.162900,5947.743136,5946.353195,0,served
6935,5950.704789,5951.111623,5950.704789,0,served
6936,5951.862479,5953.931213,5951.862479,0,served
6937,5953.100383,5958.326129,5953.100383,1,served
6938,5953.100383,5953.460910,5953.100383,2,served
6939,5953.100383,5956.542763,5953.460910,2,served
6940,5953.527933,5957.097707,5953.931213,0,served
6941,5954.913409,5960.259199,5956.542763,2,served
6942,5954.913409,5958.090466,5957.097707,0,served
6943,5954.965859,5958.621639,5958.090466,0,served
6944,5954.965859,5960.320795,5958.326129,1,served
6945,5958.276252,5964.776601,5958.621639,0,served
6946,5958.276252,5962.651308,5960.259199,2,served
6947,5958.339419,5961.006992,5960.320795,1,served
6948,5958.339419,5961.446898,5961.006992,1,served
6949,5958.339419,5962.699673,5961.446898,1,served
6950,5961.967329,5964.236374,5962.651308,2,served
6951,5962.006425,5962.871659,5962.699673,1,served
6952,5967.362910,5969.152197,5967.362910,0,served
6953,5967.597546,5975.891612,5967.597546,1,served
6954,5967.597546,5969.475470,5967.597546,2,served
6955,5967.597546,5970.174454,5969.152197,0,served
6956,5968.799188,5970.417850,5969.475470,2,served
6957,5968.799188,5970.657856,5970.174454,0,served
6958,5968.799188,5970.883047,5970.417850,2,served
6959,5968.799188,5971.942994,5970.657856,0,served
6960,5971.676565,5973.060064,5971.676565,2,served
6961,5971.744915,5972.906565,5971.942994,0,served
6962,5972.754300,5972.952673,5972.906565,0,served
6963,5972.754300,5974.822604,5972.952673,0,served
6964,5972.754300,5973.819824,5973.060064,2,served
6965,5975.115136,5975.637620,5975.115136,0,served
6966,5975.555813,5977.819963,5975.555813,2,served
6967,5975.555813,5977.243781,5975.637620,0,served
6968,5975.555813,5980.957530,5975.891612,1,served
6969,5978.500966,5980.648104,5978.500966,0,served
6970,5978.500966,5980.444303,5978.500966,2,served
6971,5978.500966,5981.998322,5980.444303,2,served
6972,5978.500966,5981.769574,5980.648104,0,served
6973,5978.858497,5982.334820,5980.957530,1,served
6974,5978.858497,5984.429617,5981.769574,0,served
6975,5980.757838,5985.869268,5981.998322,2,served
6976,5981.026867,5982.341259,5982.334820,1,served
6977,5982.049919,5982.722000,5982.341259,1,served
6978,5982.049919,5983.476177,5982.722000,1,served
6979,5982.049919,5988.485806,5983.476177,1,served
6980,5982.049919,5984.950976,5984.429617,0,served
6981,5986.154974,5986.266050,5986.154974,0,served
6982,5986.154974,5991.733398,5986.154974,2,served
6983,5988.160464,5990.678695,5988.160464,0,served
6984,5991.568815,5992.239493,5991.568815,0,served
6985,5991.568815,5992.261348,5991.568815,1,served
6986,5991.568815,5993.527581,5991.733398,2,served
6987,5991.653123,5993.044048,5992.239493,0,served
6988,5991.653123,5993.978203,5992.261348,1,served
6989,5992.001643,5993.193102,5993.044048,0,served
6990,5992.001643,5998.133945,5993.193102,0,served
6991,5992.001643,5996.013027,5993.527581,2,served
6992,5992.442991,,5993.978203,1,in_system
6993,5992.442991,5997.960400,5996.013027,2,served
6994,5992.491519,5999.557704,5997.960400,2,served
6995,5993.511515,5998.786927,5998.133945,0,served
6996,5994.740113,5999.296547,5998.786927,0,served
6997,5994.740113,,5999.296547,0,in_system
6998,5997.138461,,5999.557704,2,in_system
6999,5997.138461,,,,in_system
7000,5997.138461,,,,in_system
