customer_id,arrival_time,departure_time
801,300.048368,324.946759
802,300.048368,325.041408
803,300.048368,326.495633
804,301.019311,327.240161
805,301.019311,327.945207
806,301.565406,329.222395
807,301.565406,327.389495
808,301.565406,328.942297
809,302.241366,330.459911
810,302.241366,330.522087
811,302.241366,329.927257
812,303.331983,331.945343
813,303.331983,330.546285
814,305.059739,333.723813
815,305.855856,332.641769
816,305.855856,333.023175
817,305.855856,332.140881
818,305.855856,341.021807
819,305.855856,333.582920
820,305.855856,340.818744
821,306.113327,335.582848
822,306.536329,333.935918
823,306.536329,336.757234
824,307.178251,335.636374
825,308.596897,340.901487
826,310.874933,338.422118
827,310.874933,339.738598
828,311.367250,341.282194
829,312.452379,342.582010
830,312.955535,341.541624
831,312.955535,341.319894
832,312.955535,341.807393
833,312.955535,346.092808
834,312.955535,343.544335
835,314.445180,346.596628
836,315.223850,343.031225
837,315.346514,343.246198
838,317.177971,345.615350
839,318.262142,346.298001
840,319.226333,345.962270
841,319.226333,347.915831
842,319.359946,347.341060
843,321.895886,347.868365
844,321.895886,346.750195
845,321.895886,347.263861
846,322.625151,347.393333
847,322.625151,347.437010
848,322.625151,347.426217
849,323.342835,349.214032
850,325.284307,347.662743
851,325.284307,349.699278
852,325.284307,348.218003
853,325.284307,349.438495
854,325.284307,349.420650
855,325.284307,349.358857
856,325.657966,350.378424
857,326.498404,358.484783
858,326.498404,349.705646
859,326.579975,352.086291
860,326.579975,350.856283
861,326.579975,350.706271
862,326.723478,352.087049
863,327.171500,351.553856
864,327.171500,353.525475
865,328.827588,356.566623
866,331.817246,352.617882
867,331.817246,354.458788
868,332.429612,355.594824
869,333.224057,356.095533
870,333.711171,357.958433
871,333.711171,356.166732
872,333.711171,356.232414
873,333.711171,356.520604
874,335.234033,357.195595
875,335.234033,359.180059
876,335.988220,357.584208
877,335.988220,358.371223
878,336.061811,358.098432
879,336.061811,358.622009
880,336.061811,358.529860
881,336.458196,361.205861
882,336.631487,358.697764
883,336.631487,359.814810
884,337.453949,359.115985
885,338.250689,359.992778
886,338.654509,360.111232
887,338.654509,360.523158
888,338.967396,360.024642
889,340.429013,361.433114
890,340.538179,363.312951
891,341.371869,363.428787
892,341.371869,362.091652
893,341.371869,361.513194
894,341.504380,361.903781
895,341.504380,361.938958
896,341.504380,364.125465
897,341.504380,362.112588
898,341.504380,365.371007
899,341.504380,364.203575
900,341.936874,363.455514
901,342.195847,364.299008
902,342.953240,366.161984
903,342.953240,368.475586
904,342.953240,369.290746
905,342.953240,366.499089
906,343.680808,366.540112
907,344.017618,367.164955
908,344.157258,366.830296
909,344.757587,367.016570
910,346.092896,372.118083
911,346.092896,369.350986
912,346.505093,372.793876
913,347.527212,369.694815
914,348.250989,375.673432
915,348.250989,373.063214
916,348.250989,372.940050
917,349.785319,375.650987
918,349.805782,374.760554
919,350.237636,374.044236
920,351.666120,376.412569
921,353.808368,375.955426
922,354.006622,376.064886
923,354.006622,380.406822
924,354.006622,376.433117
925,354.608524,376.633518
926,354.608524,376.686349
927,354.674808,380.176301
928,354.674808,378.455182
929,354.674808,378.598953
930,354.674808,379.010113
931,355.143764,380.938301
932,355.143764,383.750255
933,355.201207,380.479850
934,355.216485,383.498930
935,355.216485,381.664650
936,355.464695,386.672405
937,356.960901,383.334428
938,356.976762,383.420974
939,357.646900,385.526199
940,359.633819,388.327627
941,359.633819,384.006788
942,359.633819,386.237230
943,359.633819,386.148561
944,361.981217,388.993971
945,362.028268,388.387325
946,362.028268,389.430415
947,362.028268,393.307467
948,362.205765,390.088456
949,362.205765,389.102054
950,362.205765,390.188993
951,362.205765,390.161037
952,362.205765,393.024332
953,362.304664,391.161328
954,363.980585,391.246617
955,364.074411,391.929259
956,364.609067,392.126181
957,364.968002,392.353300
958,365.008151,393.257874
959,365.008151,393.934677
960,365.008151,399.297496
961,365.590986,394.232746
962,365.590986,394.246049
963,365.590986,394.213938
964,367.442740,394.841931
965,367.442740,394.594674
966,367.557363,395.220772
967,367.707191,396.166601
968,369.085325,396.466535
969,369.085325,399.944932
970,369.985222,398.122672
971,369.985222,397.537138
972,370.041396,397.543836
973,370.041396,397.587523
974,370.041396,397.692130
975,370.422350,398.674247
976,370.422350,398.782510
977,372.106071,398.993305
978,372.690534,399.773072
979,373.030940,399.992557
980,373.911422,403.627416
981,373.911422,401.770958
982,373.911422,402.587673
983,374.150027,400.002475
984,374.150027,402.775046
985,374.335392,403.273166
986,375.249166,418.598812
987,375.249166,406.450524
988,375.576440,403.652644
989,375.576440,405.609157
990,375.621718,403.794148
991,375.621718,405.409080
992,379.241193,405.568035
993,379.241193,407.306248
994,380.116873,407.321771
995,380.116873,406.972406
996,381.414304,407.849871
997,381.472071,408.165427
998,382.308738,413.588460
999,382.308738,408.843910
1000,382.319863,408.976096
1001,382.319863,409.627602
1002,382.319863,409.100634
1003,383.062698,410.896703
1004,384.893960,410.859108
1005,384.893960,412.252967
1006,385.052342,411.049972
1007,385.052342,412.380096
1008,385.159281,412.639781
1009,385.159281,412.899524
1010,385.583043,413.673328
1011,386.186600,414.032194
1012,386.652337,416.641530
1013,387.910785,413.761698
1014,387.910785,413.980018
1015,388.334200,414.488459
1016,388.334200,415.712575
1017,388.603154,414.664081
1018,388.603154,415.646441
1019,388.603154,418.578071
1020,388.603154,416.136414
1021,388.921362,417.571441
1022,388.921362,418.132730
1023,389.281056,417.659162
1024,389.281056,417.918410
1025,389.281056,418.361665
1026,389.645464,419.108308
1027,390.163998,419.865220
1028,390.163998,423.361186
1029,390.163998,419.828528
1030,390.163998,422.271310
1031,390.163998,429.377075
1032,391.302931,422.126169
1033,391.793224,422.824742
1034,391.793224,425.561662
1035,393.692268,424.103501
1036,393.692268,423.509923
1037,393.692268,424.315493
1038,394.071925,425.904328
1039,394.389628,424.601348
1040,394.755972,425.114222
1041,395.381821,426.162480
1042,395.534045,426.040586
1043,395.686761,426.720626
1044,397.899645,427.984725
1045,397.899645,426.813825
1046,398.013142,427.241282
1047,398.864133,429.663339
1048,399.966986,429.145311
1049,399.966986,429.357784
1050,400.236435,430.345908
1051,400.396518,430.494469
1052,400.417979,437.170161
1053,401.406993,429.681701
1054,401.406993,433.388911
1055,401.413795,431.042700
1056,402.148897,431.671208
1057,402.148897,431.672394
1058,402.187871,440.706206
1059,402.187871,433.539594
1060,402.187871,435.144095
1061,402.187871,435.056908
1062,402.303260,435.998561
1063,402.303260,437.241882
1064,405.546523,436.315141
1065,406.502232,436.758895
1066,406.502232,436.915268
1067,406.502580,437.339443
1068,406.912453,437.604662
1069,407.194828,437.487192
1070,407.194828,438.741726
1071,407.194828,437.953841
1072,407.346499,441.339245
1073,407.346499,439.328432
1074,407.346499,441.209707
1075,407.346499,440.111750
1076,408.673063,444.033958
1077,408.673063,444.013736
1078,409.048652,441.705728
1079,409.634675,444.628075
1080,409.634675,442.009951
1081,410.674569,443.531673
1082,410.674569,443.674489
1083,410.674569,443.926669
1084,410.768106,445.339714
1085,410.768106,453.105064
1086,410.768106,447.760466
1087,410.768106,445.335807
1088,410.768106,448.801690
1089,411.791216,445.688133
1090,413.093922,446.122535
1091,413.093922,446.530680
1092,413.093922,449.021678
1093,414.170953,453.224041
1094,414.957652,453.185277
1095,415.251209,449.631909
1096,417.243047,449.717356
1097,417.243047,451.730383
1098,417.395473,453.248320
1099,417.730816,462.571027
1100,417.730816,453.872574
1101,417.730816,455.510194
1102,418.278126,456.674250
1103,418.436349,454.077180
1104,419.203119,456.858783
1105,419.748934,456.333747
1106,422.481614,459.309633
1107,422.481614,456.907982
1108,422.631166,457.216251
1109,422.670406,457.226442
1110,422.829019,457.295122
1111,422.829019,457.353297
1112,422.829019,458.922781
1113,423.669333,459.010881
1114,423.669333,461.645425
1115,423.947671,459.407026
1116,423.947671,459.358806
1117,423.947671,459.805110
1118,423.947671,459.696779
1119,423.947671,461.214962
1120,423.947671,460.853389
1121,423.947671,464.623802
1122,423.947671,461.599413
1123,426.172840,461.836052
1124,427.835841,462.191913
1125,427.844454,463.470920
1126,428.244153,462.847979
1127,428.441968,466.121379
1128,428.441968,467.666335
1129,428.466638,463.868092
1130,428.466638,463.957716
1131,428.466638,466.273958
1132,428.655701,464.736166
1133,428.655701,467.944073
1134,429.212784,474.645813
1135,429.631736,466.663767
1136,430.848904,467.008388
1137,431.659043,467.127120
1138,431.659043,467.980277
1139,431.929926,471.426602
1140,432.174479,468.060265
1141,432.174479,470.793667
1142,434.114477,468.142114
1143,434.114477,468.362997
1144,434.114477,469.332853
1145,435.481467,472.729800
1146,435.967381,475.378020
1147,436.616225,475.731261
1148,438.784388,473.431317
1149,439.208420,475.572466
1150,440.866430,480.931557
1151,440.866430,476.302890
1152,440.866430,477.130991
1153,442.038707,476.311480
1154,443.003823,477.494830
1155,443.212610,476.599207
1156,443.212610,477.223713
1157,443.212610,477.481256
1158,443.212610,477.494509
1159,443.334897,477.962487
1160,443.334897,487.818507
1161,443.334897,477.658609
1162,443.358956,477.931897
1163,443.519816,477.996405
1164,443.519816,478.615965
1165,443.519816,478.808550
1166,443.519816,479.105781
1167,443.998698,479.131801
1168,444.128444,479.737081
1169,444.842513,479.811896
1170,444.842513,480.169898
1171,444.842513,479.896471
1172,446.018603,480.695309
1173,446.018603,481.642639
1174,446.018603,481.082408
1175,446.018603,481.352158
1176,446.018603,481.778241
1177,447.058984,482.324759
1178,447.058984,482.331517
1179,447.058984,481.983627
1180,447.058984,482.625685
1181,447.058984,482.841000
1182,447.065638,483.181537
1183,447.102274,482.713416
1184,447.990260,482.846928
1185,447.990260,486.771832
1186,448.989616,483.194395
1187,448.989616,485.926595
1188,448.989616,483.369034
1189,449.519857,483.946658
1190,449.519857,485.804509
1191,450.002320,485.906003
1192,451.216381,485.998093
1193,451.216381,486.989228
1194,451.216381,487.397705
1195,451.707037,491.571470
1196,452.631270,487.825687
1197,452.631270,488.883155
1198,453.194803,495.158479
1199,453.702506,488.616418
1200,453.702506,489.743596
1201,454.021429,489.327332
1202,454.021429,489.797021
1203,454.021429,492.110255
1204,454.494533,490.146174
1205,455.455793,493.126205
1206,455.536589,498.310130
1207,456.575710,493.486754
1208,457.194210,493.194882
1209,457.194210,494.108003
1210,457.768825,493.632255
1211,457.939049,494.085893
1212,458.819114,494.220274
1213,460.442629,496.693000
1214,460.442629,494.280188
1215,460.583312,494.680422
1216,460.583312,495.850282
1217,460.952953,495.837859
1218,460.952953,499.720073
1219,460.952953,496.915385
1220,462.738327,497.582131
1221,462.738327,497.539476
1222,462.942955,498.288962
1223,462.942955,500.497774
1224,462.942955,500.323530
1225,463.358678,499.845146
1226,464.159683,504.780344
1227,464.159683,508.265667
1228,464.315100,500.617814
1229,465.618929,500.659790
1230,465.618929,501.266806
1231,466.891066,501.151116
1232,468.650990,503.664599
1233,468.650990,504.724002
1234,468.650990,503.875319
1235,468.650990,504.636130
1236,468.871896,506.847497
1237,468.871896,506.204994
1238,468.871896,506.896842
1239,469.127502,507.008446
1240,472.281277,506.896083
1241,472.281277,508.526455
1242,472.281277,506.976718
1243,472.690466,507.815794
1244,472.690466,507.241287
1245,472.908087,511.153184
1246,474.206474,508.039506
1247,474.795071,508.684924
1248,475.754619,512.043650
1249,476.615379,508.806979
1250,476.981526,516.704411
1251,478.534864,511.086978
1252,478.534864,512.337052
1253,478.633581,512.431689
1254,478.695106,513.369974
1255,480.199596,514.135734
1256,480.865049,512.879582
1257,480.865049,513.134163
1258,481.584510,514.431984
1259,481.584510,516.747587
1260,481.584510,514.760911
1261,481.584510,515.129912
1262,481.584510,515.494211
1263,481.584510,515.558232
1264,481.584510,515.803617
1265,481.584510,517.226258
1266,481.600312,516.998173
1267,481.600312,520.370572
1268,481.600312,518.563233
1269,481.600312,517.360157
1270,482.206065,520.073445
1271,482.206065,518.697587
1272,482.206065,521.764507
1273,482.206065,518.906754
1274,482.206065,521.292247
1275,483.022920,520.254728
1276,483.161261,523.694294
1277,483.161261,532.787748
1278,483.161261,521.763749
1279,483.161261,523.494667
1280,483.467481,524.112345
1281,483.467481,524.297620
1282,483.467481,524.302716
1283,483.467481,531.551410
1284,483.467481,524.807712
1285,483.490345,527.154228
1286,485.685975,526.159044
1287,485.685975,526.730110
1288,486.254810,526.999772
1289,486.254810,527.131833
1290,486.330020,529.274891
1291,486.330020,527.217135
1292,486.423616,528.604433
1293,488.739472,530.876704
1294,488.739472,531.103063
1295,488.739472,531.458384
1296,490.825624,531.219292
1297,490.825624,531.823217
1298,490.825624,533.006393
1299,491.930985,537.280511
1300,493.453579,532.471463
1301,493.453579,533.092095
1302,493.453579,536.952447
1303,494.877960,534.177813
1304,494.877960,533.146950
1305,495.112641,534.344742
1306,495.442778,534.263992
1307,495.442778,535.981941
1308,495.442778,535.235700
1309,495.837780,535.495712
1310,495.837780,535.598067
1311,496.890360,536.066850
1312,498.902978,536.480629
1313,498.902978,539.248276
1314,499.165600,538.909746
1315,500.890685,537.766127
1316,500.890685,547.290678
1317,502.138027,539.224746
1318,503.967921,540.056567
1319,504.072271,543.102006
1320,504.072271,539.896417
1321,504.590655,540.027419
1322,506.721628,541.069232
1323,506.721628,541.732448
1324,506.721628,541.765221
1325,506.721628,542.193193
1326,507.016526,542.253682
1327,507.016526,547.752520
1328,507.016526,545.975783
1329,507.016526,546.572760
1330,507.016526,546.566401
1331,507.016526,546.880524
1332,507.072549,552.389277
1333,507.072549,547.045107
1334,507.439782,547.408249
1335,507.960159,548.428297
1336,507.960159,551.712632
1337,509.244883,547.819871
1338,509.244883,548.231656
1339,509.329277,551.765288
1340,509.748459,549.514332
1341,510.310900,549.750567
1342,510.310900,550.717730
1343,511.053707,551.937724
1344,511.833779,551.932661
1345,511.833779,552.082643
1346,512.426338,552.226635
1347,512.974578,554.353296
1348,513.079295,553.634821
1349,513.079295,553.820807
1350,513.079295,552.982570
1351,513.418019,562.412480
1352,513.418019,554.788698
1353,516.402507,554.732971
1354,517.021256,560.376592
1355,517.021256,555.034711
1356,517.021256,555.930582
1357,517.021256,555.393470
1358,517.403794,555.759181
1359,517.403794,555.897203
1360,517.403794,558.272624
1361,517.403794,560.275285
1362,517.403794,560.091355
1363,517.403794,560.549843
1364,517.434654,561.914616
1365,518.314957,565.196804
1366,519.161619,561.370604
1367,519.182471,566.763981
1368,519.182471,565.515923
1369,519.381191,563.377619
1370,519.696469,573.725652
1371,519.696469,567.267824
1372,519.696469,567.770754
1373,519.696469,567.843052
1374,520.288323,567.716372
1375,520.651006,572.065474
1376,521.850402,569.614986
1377,522.063384,568.321254
1378,522.287947,569.562101
1379,522.364766,569.693423
1380,522.364766,570.105299
1381,522.500272,570.393386
1382,522.500272,570.179702
1383,522.500272,570.587677
1384,522.500272,574.177410
1385,523.897487,571.089801
1386,524.050123,571.309323
1387,525.381807,572.193514
1388,525.381807,573.280253
1389,525.381807,575.325800
1390,527.554240,575.238282
1391,527.554240,574.976149
1392,527.554240,574.691749
1393,528.442547,574.818339
1394,528.442547,575.385675
1395,528.442547,580.780469
1396,529.629796,576.484904
1397,529.629796,575.555977
1398,530.717601,576.302837
1399,530.843407,575.969464
1400,531.056194,583.032012
1401,531.056194,576.643766
1402,531.056194,576.776472
1403,531.461029,576.703406
1404,531.461029,577.264647
1405,531.708697,577.040645
1406,531.708697,579.362363
1407,531.708697,577.377866
1408,531.949844,578.346364
1409,531.983999,578.881694
1410,533.116191,579.172974
1411,535.978116,579.271842
1412,539.325718,579.397439
1413,540.781509,580.340997
1414,540.781509,581.188606
1415,541.671626,580.671568
1416,542.232186,582.951691
1417,543.052635,584.830574
1418,543.131936,582.531049
1419,543.381466,582.992446
1420,543.381466,592.097757
1421,544.194434,584.557445
1422,544.302559,585.722734
1423,544.397288,587.280929
1424,544.397288,585.044923
1425,545.603515,590.318191
1426,545.691021,586.673905
1427,545.691021,589.665023
1428,545.691021,589.231037
1429,545.799122,590.248658
1430,546.443682,590.320383
1431,546.443682,590.948437
1432,546.443682,599.690780
1433,546.443682,591.412712
1434,547.125259,591.273510
1435,547.125259,593.334697
1436,547.125259,596.973260
1437,547.125259,592.992891
1438,547.125259,595.807160
1439,547.125259,593.870139
1440,547.125259,595.428246
1441,547.125259,595.524838
1442,549.638121,595.618204
1443,549.638121,597.112703
1444,549.859598,596.529031
1445,549.859598,596.769506
1446,552.847193,599.672528
1447,553.319768,597.413523
1448,553.654968,597.789858
1449,554.178040,598.716976
1450,554.178040,598.502678
1451,554.178040,599.534358
1452,555.232098,599.385650
1453,555.232098,599.884925
1454,555.232098,599.875838
1455,555.892409,600.861548
1456,555.921835,602.514314
1457,555.921835,599.884443
1458,556.088427,599.942045
1459,556.088427,601.299369
1460,556.216440,605.361316
1461,556.397896,601.685583
1462,556.397896,601.804588
1463,556.673289,609.011027
1464,556.692185,603.040365
1465,557.077481,606.594414
1466,557.077481,603.663914
1467,557.077481,606.818132
1468,557.077481,608.044923
1469,557.203969,609.617727
1470,557.203969,607.679468
1471,557.424166,609.701415
1472,557.424166,608.824476
1473,558.160400,609.086375
1474,558.160400,611.361324
1475,558.602931,614.206600
1476,559.381896,609.712005
1477,559.381896,614.487637
1478,559.545266,613.286277
1479,559.665199,612.192150
1480,559.665199,616.700237
1481,559.665199,614.405390
1482,559.665199,614.529051
1483,559.665199,620.447072
1484,559.792737,614.910901
1485,560.399610,615.512651
1486,560.399610,615.162521
1487,560.399610,616.395522
1488,560.705259,615.927411
1489,560.705259,616.055930
1490,560.705259,617.113524
1491,560.705259,617.980817
1492,560.705259,620.037241
1493,561.735876,617.336486
1494,561.735876,617.520514
1495,562.552914,617.657950
1496,562.552914,617.943227
1497,562.784881,620.703132
1498,562.784881,618.126374
1499,562.784881,620.948882
1500,563.125782,626.544959
1501,563.212300,622.630118
1502,563.768406,621.883912
1503,563.768406,622.260092
1504,563.768406,624.194171
1505,564.252631,623.304358
1506,564.252631,623.014197
1507,564.252631,623.964483
1508,564.637104,625.683580
1509,565.232610,626.885746
1510,565.232610,625.363271
1511,565.963566,627.234207
1512,565.963566,625.794724
1513,565.963566,626.022493
1514,565.963566,626.041679
1515,565.963566,627.358432
1516,566.072710,627.667903
1517,566.486415,627.431935
1518,566.486415,627.864145
1519,566.486415,627.633336
1520,566.603415,627.593184
1521,566.603415,627.638034
1522,567.034309,628.062997
1523,567.034309,630.410461
1524,568.394724,628.331928
1525,568.853791,628.318224
1526,568.853791,634.073622
1527,568.853791,628.465804
1528,569.434276,629.609206
1529,569.434276,628.481814
1530,569.434276,629.580902
1531,569.434276,631.263573
1532,569.525598,630.508729
1533,569.753685,630.965791
1534,569.753685,631.976803
1535,571.840411,632.907267
1536,573.538376,631.439812
1537,573.538376,631.520913
1538,574.282189,632.063842
1539,574.823298,633.962312
1540,574.823298,632.538531
1541,574.823298,632.692047
1542,575.272922,633.197047
1543,575.878790,633.482732
1544,576.099978,635.378629
1545,576.482861,633.920334
1546,576.482861,637.941023
1547,576.482861,641.968174
1548,576.793578,635.460040
1549,576.793578,636.541728
1550,576.793578,636.135591
1551,576.793578,637.817719
1552,576.793578,636.730662
1553,576.987351,638.170566
1554,579.214452,638.820078
1555,579.214452,637.971104
1556,579.342165,639.034369
1557,579.343058,638.977202
1558,579.343058,640.040505
1559,579.343058,642.890544
1560,579.343058,640.005570
1561,579.956634,641.587232
1562,579.956634,641.102028
1563,579.956634,643.110136
1564,580.007464,641.891838
1565,580.007464,642.846706
1566,580.007464,645.284041
1567,580.007464,644.926007
1568,580.791584,644.379687
1569,580.791584,646.421004
1570,581.674492,644.810467
1571,581.674492,645.802875
1572,581.674492,648.252087
1573,581.674492,647.353526
1574,581.725081,646.648590
1575,582.248387,646.756048
1576,582.960499,649.473789
1577,582.960499,647.440205
1578,582.960499,659.403046
1579,582.960499,648.101192
1580,583.468424,648.481010
1581,583.584899,648.766019
1582,583.808657,648.554228
1583,584.712417,648.998767
1584,586.504217,651.194923
1585,586.504217,651.575935
1586,587.597573,650.041713
1587,587.597573,650.168863
1588,587.597573,650.568120
1589,587.597573,651.528392
1590,589.230546,653.325261
1591,591.629153,651.841022
1592,598.664814,653.500349
1593,598.664814,652.416531
1594,598.664814,653.598112
1595,600.014518,656.930008
1596,600.591423,659.160595
1597,601.097008,653.610691
1598,602.089615,653.736020
1599,602.089615,653.765687
1600,602.089615,654.127439
1601,602.089615,658.647650
1602,602.089615,659.237855
1603,602.130034,658.853289
1604,602.130034,659.011885
1605,602.130034,659.754011
1606,602.130034,662.367844
1607,602.507797,662.020784
1608,604.367781,659.674724
1609,604.367781,664.325566
1610,604.367781,660.597287
1611,604.367781,660.753143
1612,604.844662,663.742181
1613,604.917141,662.571313
1614,604.917141,663.463150
1615,605.169552,663.017174
1616,605.169552,667.002018
1617,605.328567,664.374847
1618,605.328567,668.493973
1619,605.328567,665.267821
1620,605.864918,665.608189
1621,606.164865,669.439794
1622,606.164865,669.901664
1623,606.197080,669.072027
1624,606.197080,668.528716
1625,606.197080,670.270721
1626,607.489293,670.107024
1627,609.453797,670.344741
1628,609.915054,670.126896
1629,609.915054,673.961192
1630,609.915054,671.163294
1631,610.079955,671.050692
1632,612.665534,673.139775
1633,612.665534,671.732180
1634,613.251571,676.910146
1635,613.251571,672.941350
1636,613.414278,673.015416
1637,614.555790,673.518368
1638,614.555790,674.810302
1639,614.822142,673.619778
1640,615.917292,673.665222
1641,615.982859,674.477806
1642,616.099888,676.219000
1643,616.666446,675.744265
1644,616.841232,676.059968
1645,619.269240,676.054105
1646,619.269240,676.983262
1647,619.269240,678.954710
1648,619.269240,679.344626
1649,619.269240,678.007021
1650,619.269240,677.819878
1651,619.298635,678.266920
1652,619.903466,678.400717
1653,620.194906,679.345263
1654,620.444228,678.793031
1655,622.808603,678.964060
1656,622.808603,678.969512
1657,622.808603,679.891045
1658,622.808603,683.621701
1659,622.808603,679.419662
1660,623.070827,680.233812
1661,623.070827,682.669471
1662,623.070827,679.926907
1663,623.309953,681.217267
1664,623.322248,680.764693
1665,623.978142,681.083034
1666,623.978142,681.144748
1667,626.020225,682.039754
1668,627.377760,684.115223
1669,627.377760,683.394886
1670,627.569291,684.526563
1671,629.307774,683.740219
1672,629.413533,688.362669
1673,629.413533,686.265692
1674,629.679801,686.957330
1675,629.918888,686.796473
1676,629.918888,686.526284
1677,629.918888,687.393900
1678,631.503868,687.899611
1679,631.503868,695.590051
1680,631.607411,688.461550
1681,631.607411,689.067429
1682,631.607411,692.416251
1683,633.136450,689.432041
1684,633.150439,692.940025
1685,633.150439,689.510483
1686,633.984871,689.552550
1687,633.984871,689.777881
1688,634.926045,690.660656
1689,634.926045,692.821168
1690,634.926045,699.697217
1691,635.566223,694.202897
1692,635.883860,694.818070
1693,636.490277,695.609203
1694,637.057816,696.995800
1695,638.152600,696.386436
1696,638.152600,695.719186
1697,638.152600,697.243792
1698,638.152600,697.373207
1699,639.294391,704.895806
1700,639.785039,697.901594
1701,640.393470,698.899613
1702,640.393470,697.902169
1703,640.435048,699.518914
1704,640.649847,699.522652
1705,641.096636,699.648547
1706,641.096636,701.800535
1707,641.096636,699.736889
1708,641.096636,701.873275
1709,641.234921,700.927816
1710,642.487635,701.635077
1711,642.487635,701.710556
1712,643.557168,701.796013
1713,643.557168,703.976047
1714,643.557168,702.023059
1715,644.811248,703.039048
1716,644.811248,702.905936
1717,645.825831,704.609972
1718,645.825831,705.271881
1719,645.825831,704.837369
1720,646.701363,704.627764
1721,646.701363,704.891174
1722,646.701363,704.957825
1723,647.426415,706.608433
1724,650.837658,705.418050
1725,650.837658,706.975141
1726,650.837658,707.655753
1727,651.542907,707.589278
1728,651.542907,707.488459
1729,651.542907,707.775452
1730,653.449504,708.188048
1731,653.449504,709.775522
1732,654.349533,712.180454
1733,654.349533,708.013999
1734,654.349533,713.553728
1735,654.827749,710.059510
1736,654.827749,710.411587
1737,654.888831,711.763301
1738,656.925218,715.443504
1739,656.925218,714.625526
1740,658.557725,713.856802
1741,658.557725,715.338988
1742,659.149074,720.179545
1743,659.149074,714.952861
1744,660.250616,716.151041
1745,660.250616,715.441290
1746,660.250616,717.388309
1747,660.250616,717.074984
1748,661.350765,717.325874
1749,661.350765,720.583448
1750,661.852587,717.750396
1751,661.852587,717.712026
1752,661.852587,719.159220
1753,661.981434,718.599787
1754,661.981434,719.485649
1755,662.533817,719.214584
1756,663.645926,724.463748
1757,663.645926,720.325932
1758,663.645926,720.525262
1759,663.645926,720.676284
1760,663.739874,722.388645
1761,664.445874,722.030667
1762,664.445874,721.501537
1763,664.754937,722.935637
1764,664.754937,729.555405
1765,664.754937,724.388653
1766,666.557721,723.067238
1767,666.557721,724.013984
1768,666.557721,726.544791
1769,666.557721,725.271076
1770,667.238028,724.595450
1771,667.311362,724.770539
1772,667.311362,725.497013
1773,667.844727,731.608643
1774,667.844727,725.508539
1775,667.844727,730.373870
1776,668.392228,729.070350
1777,668.392228,729.814797
1778,668.620885,733.903240
1779,668.620885,735.723728
1780,668.620885,731.019309
1781,669.065750,731.845708
1782,669.082491,731.923742
1783,671.376820,733.167372
1784,671.376820,733.951970
1785,671.399842,733.196175
1786,671.399842,734.832222
1787,671.399842,737.272824
1788,671.810289,739.852229
1789,672.103814,737.163346
1790,672.394704,736.891954
1791,672.394704,738.669676
1792,672.394704,739.313877
1793,672.394704,737.745507
1794,672.793828,740.476861
1795,672.793828,738.927908
1796,672.799562,739.609146
1797,673.291434,741.435266
1798,674.072652,743.716436
1799,675.400179,740.872032
1800,676.418242,741.946972
1801,676.478704,744.538076
1802,676.478704,741.843883
1803,677.346664,742.643863
1804,677.346664,748.230930
1805,677.414828,742.916979
1806,677.414828,744.468030
1807,677.414828,744.359774
1808,678.129126,744.736276
1809,678.438383,745.110481
1810,678.438383,749.807763
1811,678.540848,746.215599
1812,679.329325,745.257123
1813,679.329325,746.642536
1814,679.475290,747.931804
1815,680.197059,748.250635
1816,682.283318,749.598580
1817,682.283318,748.511774
1818,683.917225,748.334631
1819,684.113800,752.965093
1820,685.795090,750.299935
1821,685.795090,750.615809
1822,686.488137,750.773683
1823,689.378871,758.608777
1824,690.562022,751.774159
1825,690.562022,754.145643
1826,690.562022,752.598369
1827,690.562022,755.084901
1828,690.562022,754.989112
1829,690.595235,755.382718
1830,691.167478,755.317351
1831,692.211295,758.416611
1832,692.547220,756.701920
1833,692.547220,760.418163
1834,693.090454,756.841537
1835,693.588911,757.508590
1836,693.588911,757.903400
1837,694.951524,759.141594
1838,694.951524,758.430966
1839,695.296245,760.456435
1840,695.296245,760.211862
1841,696.015615,759.364002
1842,696.015615,759.676659
1843,696.214611,761.488475
1844,696.214611,762.970721
1845,696.780894,764.192156
1846,696.780894,762.210135
1847,699.100116,761.675355
1848,699.100116,766.844715
1849,699.100116,766.115187
1850,699.100116,773.819936
1851,699.419896,765.829333
1852,699.419896,767.509593
1853,699.835728,766.170007
1854,699.835728,766.458781
1855,701.439450,767.940289
1856,701.439450,767.078671
1857,701.828367,767.193593
1858,702.139733,767.634262
1859,702.139733,773.372220
1860,702.139733,767.665751
1861,702.406941,768.172616
1862,702.406941,768.215679
1863,702.406941,769.336747
1864,702.406941,770.964602
1865,702.406941,771.027439
1866,702.406941,771.447148
1867,702.725286,771.504145
1868,702.725286,773.711448
1869,702.725286,772.705009
1870,703.681919,773.274191
1871,703.681919,773.280841
1872,707.318627,773.812385
1873,708.745863,773.459170
1874,709.080420,776.129511
1875,709.291229,774.322121
1876,709.850808,773.856856
1877,709.850808,775.660582
1878,710.699543,774.164917
1879,711.928422,775.622108
1880,711.928422,775.343323
1881,711.928422,777.155611
1882,713.261599,776.849769
1883,714.066984,783.002605
1884,714.066984,779.080100
1885,714.363803,777.608448
1886,714.363803,777.432644
1887,714.802879,782.452179
1888,714.802879,778.579154
1889,714.802879,779.139823
1890,714.898649,779.139485
1891,714.898649,781.429370
1892,715.499237,779.752380
1893,716.051204,779.977253
1894,716.051204,780.673477
1895,716.051204,780.855283
1896,716.294955,780.955957
1897,716.589060,781.238924
1898,717.190277,782.347935
1899,717.190277,783.301320
1900,717.190277,782.615367
1901,717.190277,784.321053
1902,717.190277,782.642254
1903,717.796152,782.830621
1904,717.796152,783.382173
1905,718.354300,783.067311
1906,718.527741,785.920098
1907,718.527741,784.012208
1908,718.527741,784.099994
1909,718.527741,784.172580
1910,718.527741,784.225168
1911,718.539087,787.881118
1912,718.539087,785.605880
1913,718.539087,785.665092
1914,718.539087,786.850479
1915,718.539087,786.617958
1916,719.002135,790.277915
1917,719.342141,787.651393
1918,719.342141,787.690768
1919,719.342141,789.452532
1920,720.236014,787.809917
1921,720.367265,788.470318
1922,720.601478,788.576823
1923,720.601478,789.034619
1924,720.601478,788.967113
1925,720.601478,791.446678
1926,721.440862,789.381089
1927,722.923138,789.658421
1928,722.923138,790.380203
1929,722.923138,790.329547
1930,722.970035,790.892478
1931,722.970035,791.428282
1932,722.983495,793.159656
1933,722.983495,792.717444
1934,723.231987,791.654827
1935,723.466622,792.970078
1936,723.466622,791.960714
1937,723.466622,792.996287
1938,723.625762,802.683633
1939,725.568750,796.951261
1940,726.831751,795.827264
1941,727.054619,793.441766
1942,729.356822,794.734917
1943,729.896393,798.038217
1944,731.891306,796.244888
1945,731.891306,799.077923
1946,732.667956,797.717115
1947,732.780512,801.601127
1948,733.288274,799.726368
1949,733.288274,799.376509
1950,733.288274,799.663928
1951,733.288274,800.259241
1952,733.524413,800.199469
1953,733.566976,801.314738
1954,733.566976,801.305914
1955,733.566976,802.533722
1956,733.566976,801.670575
1957,736.600601,804.476613
1958,738.067885,804.940307
1959,738.067885,803.015352
1960,738.081769,804.117373
1961,738.110958,803.653529
1962,739.060296,803.831984
1963,739.361152,805.050042
1964,739.361152,809.241562
1965,739.461063,809.719924
1966,739.461063,804.970121
1967,740.965064,805.313051
1968,743.463693,805.224882
1969,743.463693,805.679828
1970,743.463693,806.041228
1971,743.463693,807.629384
1972,743.715719,806.465604
1973,743.715719,807.336162
1974,743.715719,810.931837
1975,744.061976,807.714443
1976,744.061976,808.192929
1977,744.061976,809.563114
1978,744.061976,811.037574
1979,744.061976,809.759378
1980,744.061976,815.441665
1981,745.401481,810.271266
1982,745.697773,810.943706
1983,747.421193,813.227643
1984,747.421193,810.965977
1985,750.390791,812.565533
1986,750.390791,820.103428
1987,750.390791,813.134306
1988,750.390791,813.769581
1989,750.468227,814.550210
1990,750.905070,814.147209
1991,751.468242,816.957234
1992,751.468242,816.337094
1993,752.443919,821.915002
1994,754.148023,821.368908
1995,755.577516,817.437666
1996,755.927011,817.813526
1997,756.985118,818.093584
1998,758.489509,818.157794
1999,758.519241,818.862099
2000,758.519241,819.571434
2001,759.386140,821.946002
2002,759.445476,820.738023
2003,759.445476,821.162772
2004,759.445476,825.561013
2005,759.974098,822.080098
2006,760.610489,825.987452
2007,760.614816,825.802960
2008,760.927731,825.361237
2009,761.487806,826.407717
2010,761.487806,827.477152
2011,762.247642,826.670488
2012,762.760631,836.866222
2013,763.875846,827.171982
2014,763.875846,829.208264
2015,765.864099,828.238017
2016,765.864099,827.541661
2017,766.545994,831.496450
2018,766.545994,828.595988
2019,767.467307,830.075473
2020,768.493563,829.975658
2021,768.493563,830.626469
2022,768.493563,830.993301
2023,769.177491,830.901475
2024,771.638782,836.358601
2025,775.477217,831.371233
2026,775.550989,831.811772
2027,775.550989,835.720054
2028,779.231128,832.459963
2029,779.231128,833.359984
2030,780.606662,833.478161
2031,780.606662,833.869042
2032,780.709061,834.703670
2033,782.161981,840.110209
2034,783.024339,837.444029
2035,783.359499,837.373356
2036,783.359499,839.844017
2037,784.350313,837.855426
2038,784.350313,837.542093
2039,784.774545,838.972372
2040,785.214255,838.166272
2041,785.895476,838.322440
2042,785.895476,838.390935
2043,786.706813,840.968916
2044,786.706813,839.351120
2045,787.818609,840.093208
2046,787.818609,839.870667
2047,788.370746,840.569947
2048,788.370746,845.473090
2049,790.388793,841.856129
2050,790.388793,841.995295
2051,791.027999,841.935687
2052,791.027999,842.355497
2053,791.624513,842.072040
2054,791.624513,844.306797
2055,791.624513,842.135507
2056,792.755920,843.716251
2057,793.884067,845.410392
2058,793.884067,844.087954
2059,795.274781,844.736510
2060,796.572079,848.866999
2061,796.572079,845.002129
2062,797.501537,847.296794
2063,797.501537,845.686268
2064,797.506539,847.103844
2065,797.506539,846.333033
2066,797.506539,846.372343
2067,797.506539,847.143064
2068,799.015153,848.895101
2069,799.015153,848.232571
2070,799.015153,847.897651
2071,799.015153,847.917942
2072,799.015153,848.134431
2073,799.015153,848.981217
2074,799.015153,850.487595
2075,799.015153,850.550679
2076,799.015153,859.408968
2077,799.015153,850.451448
2078,799.015153,850.822548
2079,799.867986,854.346781
2080,799.867986,853.597025
2081,800.577360,852.020716
2082,800.577360,852.090202
2083,800.577360,852.151632
2084,801.071744,853.206671
2085,801.071744,853.780798
2086,801.071744,854.312851
2087,801.426594,856.374063
2088,801.426594,858.386530
2089,801.426594,856.562366
2090,801.640559,857.051375
2091,801.640559,858.130960
2092,803.874541,857.131085
2093,803.874541,859.429840
2094,804.324127,859.399384
2095,804.324127,860.831674
2096,804.324127,859.440926
2097,804.324127,861.940054
2098,804.324127,861.543219
2099,804.324127,860.055805
2100,809.780765,862.085839
2101,810.445620,860.912431
2102,811.472115,862.708231
2103,812.334880,861.770096
2104,812.543547,862.926611
2105,812.543547,862.994260
2106,813.323824,862.259467
2107,813.323824,862.366596
2108,814.586999,863.069829
2109,815.661283,868.248143
2110,815.661283,864.577746
2111,816.043250,864.925104
2112,816.043250,864.572703
2113,816.043250,867.730828
2114,816.043250,865.111633
2115,816.753080,867.217124
2116,816.753080,865.263213
2117,816.753080,866.553360
2118,816.753080,866.830957
2119,816.882212,868.381046
2120,816.882212,870.468168
2121,817.797497,870.688903
2122,818.490618,868.351280
2123,819.830709,869.385682
2124,819.830709,868.695615
2125,819.983848,870.100023
2126,819.983848,872.754838
2127,820.872364,873.053754
2128,820.872364,871.478552
2129,821.222890,871.502601
2130,821.222890,871.486062
2131,821.222890,877.448695
2132,821.222890,871.878028
2133,821.222890,873.002294
2134,821.222890,873.560544
2135,821.222890,881.747954
2136,822.315428,875.559601
2137,822.315428,874.810884
2138,822.315428,878.158182
2139,824.510082,877.469309
2140,824.571022,877.576295
2141,824.924838,877.570231
2142,824.924838,879.088092
2143,824.924838,879.063377
2144,826.091428,882.314561
2145,826.557803,879.806212
2146,826.557803,879.768650
2147,826.585567,879.934135
2148,826.762441,880.551454
2149,826.976055,882.137026
2150,827.202414,883.291763
2151,827.202414,882.535595
2152,828.011953,882.556590
2153,828.261663,890.888595
2154,828.261663,883.190555
2155,828.767742,882.743074
2156,829.378105,882.814651
2157,829.378105,883.926611
2158,829.417010,885.194780
2159,829.514839,883.718850
2160,829.613844,885.264865
2161,830.051833,884.020525
2162,830.599049,884.698963
2163,831.294081,884.747098
2164,831.294081,885.308364
2165,833.268435,887.301452
2166,833.268435,885.346402
2167,833.268435,886.282149
2168,833.268435,886.846987
2169,833.635953,886.604734
2170,833.635953,886.622401
2171,834.454629,887.169542
2172,835.155043,887.587777
2173,835.155043,888.022084
2174,835.155043,890.289608
2175,835.333667,890.349915
2176,835.333667,888.057894
2177,835.333667,888.759491
2178,835.333667,889.815858
2179,835.344764,890.646302
2180,836.153793,896.277499
2181,836.167768,893.217453
2182,837.170377,890.922067
2183,837.307048,899.313014
2184,837.307048,892.011553
2185,837.307048,893.143923
2186,837.756485,894.488387
2187,837.756485,894.913046
2188,838.967304,895.648852
2189,838.967304,903.472918
2190,838.967304,897.688959
2191,838.967304,897.363951
2192,838.967304,898.493547
2193,839.290199,897.773937
2194,839.290199,897.903626
2195,839.290199,897.977038
2196,841.068729,898.564986
2197,841.174826,898.630310
2198,841.174826,898.650566
2199,841.174826,900.287016
2200,841.174826,899.376262
2201,841.174826,900.692197
2202,842.221242,899.422695
2203,842.221242,900.617616
2204,844.641154,900.548341
2205,844.641154,903.069245
2206,846.118506,900.623485
2207,846.201003,902.116837
2208,846.652051,900.730493
2209,847.600566,906.426295
2210,847.848937,902.155563
2211,847.848937,902.434400
2212,848.288191,903.163847
2213,848.384450,903.569937
2214,848.384450,904.145346
2215,849.326226,904.389478
2216,849.326226,903.750160
2217,851.787090,904.127769
2218,851.787090,905.372712
2219,852.014030,904.202009
2220,852.014030,904.319821
2221,852.174640,906.635206
2222,853.691037,904.652775
2223,853.691037,905.387298
2224,853.708264,905.494657
2225,853.708264,905.407418
2226,854.466435,910.187837
2227,854.742373,905.929940
2228,854.742373,906.385825
2229,854.771934,908.302274
2230,855.009401,914.572252
2231,855.268200,909.479336
2232,856.852887,908.386474
2233,859.458314,909.576399
2234,860.825357,909.864553
2235,862.260605,910.041525
2236,862.260605,910.306222
2237,862.452922,910.244378
2238,863.554395,919.870907
2239,864.864083,910.750845
2240,865.250236,910.706946
2241,865.250236,910.891121
2242,865.250236,910.828684
2243,865.250236,914.038965
2244,865.607533,911.303122
2245,866.659965,911.717556
2246,866.659965,912.207134
2247,867.801582,912.782053
2248,868.562379,914.852719
2249,869.034363,915.359257
2250,869.809557,915.300630
2251,870.025792,915.566991
2252,871.214506,916.304124
2253,871.214506,918.040515
2254,872.445982,917.675232
2255,872.445982,917.565333
2256,872.696980,918.455090
2257,872.696980,918.902005
2258,872.696980,920.022998
2259,872.696980,925.691725
2260,873.994310,919.240190
2261,874.460584,920.240304
2262,874.460584,920.480737
2263,874.460584,922.259697
2264,876.089966,920.717542
2265,876.089966,921.905733
2266,876.985421,921.198522
2267,877.020353,921.324645
2268,877.020353,921.733800
2269,877.656617,923.419188
2270,877.723802,922.541906
2271,877.723802,925.755256
2272,877.723802,923.981218
2273,877.723802,924.659624
2274,878.836647,925.648688
2275,879.296448,925.410689
2276,879.630333,925.479940
2277,879.630333,925.557152
2278,879.630333,931.079285
2279,879.630333,927.781571
2280,879.630333,926.375151
2281,879.630333,927.841240
2282,879.947720,926.478008
2283,879.947720,927.421640
2284,879.947720,929.321216
2285,879.947720,935.532077
2286,879.947720,928.295837
2287,880.123472,932.787492
2288,880.823111,934.125632
2289,880.888660,931.865325
2290,880.890563,937.562677
2291,880.890563,932.857562
2292,881.843047,933.327684
2293,881.843047,933.947449
2294,882.112618,934.064587
2295,883.469205,937.270435
2296,883.469205,934.425745
2297,883.469205,935.208386
2298,883.469205,939.748546
2299,884.995657,941.898307
2300,884.995657,939.201062
2301,884.995657,938.364404
2302,885.377343,938.576214
2303,885.377343,938.754176
2304,885.377343,938.984553
2305,885.564265,938.993830
2306,885.564265,941.532161
2307,885.564265,939.222788
2308,885.669130,939.866050
2309,885.669130,944.901132
2310,885.669130,941.881868
2311,885.669130,943.218274
2312,886.412515,944.114903
2313,886.412515,945.701633
2314,886.553297,944.004814
2315,888.984131,944.459281
2316,888.984131,944.536834
2317,889.355993,946.967631
2318,889.355993,949.861705
2319,889.355993,945.160634
2320,889.355993,946.074162
2321,889.737743,950.272159
2322,890.191610,946.498292
2323,890.191610,948.501393
2324,891.555300,947.631103
2325,891.555300,947.788510
2326,891.555300,948.677488
2327,891.886076,950.515464
2328,892.664090,949.374714
2329,892.727591,950.696761
2330,892.727591,950.133679
2331,892.727591,951.235136
2332,892.727591,955.513806
2333,892.727591,955.231613
2334,892.727591,951.775944
2335,893.746988,951.536458
2336,894.304588,955.671295
2337,894.304588,952.704413
2338,895.020688,959.502793
2339,895.020688,956.055489
2340,895.893744,961.249225
2341,899.126473,956.222751
2342,899.126473,956.151577
2343,899.559573,958.921707
2344,899.605326,956.269486
2345,900.014684,960.948207
2346,900.142784,962.111453
2347,900.432575,960.649824
2348,900.432575,961.583065
2349,900.432575,962.455984
2350,900.432575,961.447354
2351,900.432575,966.352533
2352,901.082695,964.687744
2353,901.160606,972.738696
2354,901.749447,962.817934
2355,901.749447,963.363104
2356,902.002064,963.996534
2357,905.522413,966.471016
2358,905.522413,965.163232
2359,905.522413,965.975702
2360,906.819196,966.505988
2361,906.819196,967.383639
2362,906.819196,970.029392
2363,907.668882,968.742856
2364,907.920777,968.158688
2365,908.072217,973.584357
2366,908.107960,969.742114
2367,910.665935,969.759978
2368,911.238039,971.008552
2369,912.055798,970.118200
2370,912.055798,971.367547
2371,912.055798,971.090074
2372,912.055798,971.620657
2373,912.067826,971.535212
2374,913.654210,977.093358
2375,913.654210,971.979618
2376,913.654210,972.085867
2377,913.654210,972.975627
2378,913.654210,976.901663
2379,914.062065,973.106136
2380,914.062065,973.810882
2381,914.062065,973.826195
2382,914.062065,974.455969
2383,914.062065,975.039857
2384,914.766864,975.158473
2385,914.766864,975.335404
2386,914.766864,975.412866
2387,915.097111,977.614787
2388,915.983752,978.614534
2389,915.983752,978.817576
2390,916.442277,977.598430
2391,916.442277,978.342018
2392,916.442277,978.336571
2393,918.188208,978.410194
2394,918.188208,979.584909
2395,918.188208,978.872773
2396,918.188208,979.305533
2397,918.188208,980.251314
2398,918.207358,980.543989
2399,918.609754,980.500215
2400,919.655620,981.268443
2401,919.655620,980.966485
2402,919.655620,981.839178
2403,920.173265,981.562817
2404,920.173265,982.871888
2405,920.173265,981.981416
2406,920.173265,983.097644
2407,920.173265,981.940910
2408,921.309159,983.295970
2409,922.804107,988.301469
2410,922.804107,983.031816
2411,923.204065,984.309124
2412,923.204065,983.810338
2413,923.204065,987.581204
2414,923.597254,983.971939
2415,923.597254,984.779848
2416,923.772804,984.733546
2417,924.798664,989.747394
2418,924.798664,991.022140
2419,925.022444,989.575607
2420,925.529193,989.682520
2421,925.696770,989.689802
2422,925.949605,991.005909
2423,926.020071,990.637228
2424,926.522908,990.194547
2425,926.522908,991.994251
2426,927.296417,991.451519
2427,927.296417,994.057565
2428,927.296417,993.285341
2429,927.296417,991.589306
2430,927.296417,992.882607
2431,928.268753,994.670674
2432,928.956740,993.087917
2433,928.956740,993.735522
2434,928.956740,999.322302
2435,928.956740,995.347050
2436,928.956740,997.022072
2437,929.321721,994.726801
2438,929.321721,994.789885
2439,929.705768,995.242004
2440,930.708022,997.337074
2441,930.963424,995.899705
2442,930.963424,996.168957
2443,930.963424,997.050633
2444,932.364553,998.651433
2445,932.364553,997.666060
2446,932.364553,1012.533833
2447,932.496286,998.472068
2448,932.579575,998.663202
2449,932.579575,1000.200210
2450,932.579575,999.478490
2451,932.579575,1001.126971
2452,933.823401,1000.174853
2453,933.999581,1000.645807
2454,935.691421,1002.681984
2455,935.867296,1000.648107
2456,937.276194,1001.256542
2457,937.276194,1002.924991
2458,937.276194,1001.741817
2459,937.302978,1002.305094
2460,937.663389,1004.899490
2461,937.663389,1004.286157
2462,938.624830,1004.497357
2463,938.624830,1005.250575
2464,939.404238,1008.230631
2465,939.502087,1004.967539
2466,942.469355,1005.052714
2467,942.469355,1007.618439
2468,942.822305,1009.403570
2469,942.822305,1008.984295
2470,942.822305,1008.895268
2471,942.822305,1010.252712
2472,943.082075,1009.028367
2473,943.082075,1009.760173
2474,947.481612,1012.029369
2475,947.800608,1010.868898
2476,949.365398,1012.058519
2477,949.365398,1011.809105
2478,949.365398,1012.932003
2479,949.365398,1012.390325
2480,949.384003,1012.452124
2481,950.840634,1012.441441
2482,950.840634,1012.593882
2483,950.984681,1016.423735
2484,952.290386,1020.887098
2485,952.474506,1012.993840
2486,953.046584,1013.308485
2487,953.046584,1013.036686
2488,953.046584,1014.943529
2489,953.190343,1015.225713
2490,953.437365,1015.220823
2491,953.437365,1017.691322
2492,956.038082,1017.075299
2493,956.038082,1016.814566
2494,956.038082,1021.821120
2495,956.038082,1018.315267
2496,956.202617,1019.674031
2497,956.202617,1019.573680
2498,957.147100,1020.005174
2499,957.147100,1023.427632
2500,957.147100,1022.220016
2501,957.147100,1022.138096
2502,957.147100,1024.168507
2503,957.147100,1023.957378
2504,957.315824,1022.773317
2505,957.315824,1022.932736
2506,957.315824,1023.879912
2507,957.579955,1023.966053
2508,957.579955,1024.852987
2509,957.579955,1026.503930
2510,957.693523,1024.401643
2511,958.971484,1024.312506
2512,960.211989,1034.976338
2513,960.579647,1025.235873
2514,960.579647,1025.821466
2515,960.579647,1026.179348
2516,960.579647,1025.936013
2517,960.579647,1027.284060
2518,960.579647,1026.374736
2519,960.579647,1026.522723
2520,960.595360,1031.641048
2521,960.595360,1027.268051
2522,962.148318,1028.031233
2523,962.148318,1033.066456
2524,963.621190,1028.059010
2525,964.198452,1028.229386
2526,964.198452,1029.314902
2527,965.089172,1031.709608
2528,965.442371,1032.230242
2529,966.049035,1033.460944
2530,966.049035,1053.207868
2531,967.670117,1033.657474
2532,967.995507,1033.530680
2533,967.995507,1034.217028
2534,968.910649,1036.631785
2535,968.910649,1034.224138
2536,968.998222,1034.595952
2537,968.998222,1034.659575
2538,968.998222,1035.090221
2539,968.998222,1035.192746
2540,968.998222,1035.958423
2541,968.998222,1040.306749
2542,969.393909,1036.705894
2543,969.393909,1037.771990
2544,969.663597,1037.369029
2545,971.103029,1038.201619
2546,971.344460,1038.653583
2547,971.344460,1038.383075
2548,972.517013,1038.678513
2549,972.669300,1040.063228
2550,972.669300,1039.824605
2551,972.669300,1039.951737
2552,972.969880,1041.476572
2553,973.305600,1041.902766
2554,973.305600,1040.822615
2555,973.305600,1041.518099
2556,974.082390,1041.698679
2557,974.082390,1045.441152
2558,975.351827,1041.983216
2559,975.880202,1042.019906
2560,975.880202,1041.995089
2561,975.880202,1042.497979
2562,975.880202,1042.396773
2563,976.651925,1043.751793
2564,976.651925,1045.197723
2565,977.229443,1043.809154
2566,977.229443,1044.526584
2567,977.747945,1044.625529
2568,977.747945,1044.807996
2569,979.399574,1045.018536
2570,979.644870,1045.036799
2571,979.838743,1045.663737
2572,980.762195,1045.680968
2573,980.762195,1048.616754
2574,981.106573,1046.727911
2575,981.106573,1046.371950
2576,981.350240,1048.826353
2577,982.882316,1047.397558
2578,982.882316,1047.546865
2579,983.953911,1048.356832
2580,983.953911,1049.723676
2581,984.386068,1050.083436
2582,984.386068,1049.257547
2583,984.393778,1049.386790
2584,984.637967,1052.457450
2585,984.763319,1053.132602
2586,984.763319,1053.431969
2587,984.775213,1056.305414
2588,985.154349,1056.138273
2589,985.313847,1055.465896
2590,985.313847,1056.017295
2591,985.707661,1055.825763
2592,985.707661,1066.325834
2593,985.707661,1056.998350
2594,985.707661,1058.401571
2595,985.707661,1057.136094
2596,985.707661,1057.214750
2597,985.707661,1059.856334
2598,985.707661,1062.455249
2599,985.707661,1059.592165
2600,986.319440,1060.018309
2601,987.021974,1060.798574
2602,987.021974,1060.035952
2603,987.021974,1060.894122
2604,987.021974,1060.809281
2605,987.021974,1063.436825
2606,988.147586,1062.110709
2607,988.578905,1063.209970
2608,988.578905,1063.067644
2609,988.578905,1065.163771
2610,990.216499,1063.537985
2611,991.652447,1065.352722
2612,991.745902,1064.028117
2613,992.725974,1064.533526
2614,992.725974,1065.027056
2615,992.725974,1065.184276
2616,992.725974,1066.970040
2617,993.027983,1065.582824
2618,994.798557,1067.794049
2619,994.871099,1066.264020
2620,995.168512,1067.561384
2621,995.168512,1066.910278
2622,995.168512,1069.681890
2623,995.168512,1068.025725
2624,996.140684,1069.802970
2625,996.323217,1072.762390
2626,996.323217,1075.241241
2627,996.758317,1069.708153
2628,997.353047,1071.111301
2629,997.353047,1069.863799
2630,997.353047,1069.911733
2631,997.550836,1071.062002
2632,1000.297157,1071.399045
2633,1000.427160,1072.100637
2634,1000.427160,1073.489402
2635,1000.427160,1073.694517
2636,1000.427160,1073.194695
2637,1000.427160,1073.674365
2638,1000.958483,1075.049802
2639,1000.958483,1073.687195
2640,1005.329646,1074.314966
2641,1007.222080,1076.767531
2642,1007.222080,1075.415911
2643,1008.547319,1078.132382
2644,1008.547319,1081.101429
2645,1008.547319,1076.398296
2646,1008.768709,1078.976311
2647,1008.768709,1085.682836
2648,1009.409496,1078.148827
2649,1009.726529,1078.776343
2650,1010.344732,1079.209191
2651,1010.344732,1082.734282
2652,1010.531960,1079.986784
2653,1010.531960,1080.163342
2654,1010.574671,1082.097419
2655,1011.870342,1081.703800
2656,1012.198481,1086.875705
2657,1012.198481,1084.754698
2658,1012.198481,1083.715642
2659,1012.198481,1084.782755
2660,1013.017799,1086.225137
2661,1013.598578,1088.541357
2662,1013.598578,1085.979120
2663,1014.442723,1086.456998
2664,1014.442723,1087.221132
2665,1014.502420,1090.545128
2666,1014.515885,1088.696864
2667,1014.595642,1088.094369
2668,1014.595642,1088.148459
2669,1015.321586,1089.074113
2670,1015.321586,1088.823713
2671,1015.321586,1095.122328
2672,1016.811850,1090.391981
2673,1017.208296,1089.231844
2674,1018.591415,1089.392294
2675,1018.591415,1089.620777
2676,1019.459649,1090.384835
2677,1021.073279,1093.045824
2678,1021.683913,1092.751908
2679,1021.683913,1101.165037
2680,1021.683913,1092.837856
2681,1021.683913,1095.709387
2682,1022.501041,1093.240456
2683,1023.696734,1093.687349
2684,1024.784123,1094.407210
2685,1024.963140,1095.665479
2686,1025.029535,1095.728299
2687,1025.029535,1095.730151
2688,1025.029535,1096.904981
2689,1025.029535,1100.394179
2690,1025.029535,1096.014343
2691,1025.029535,1098.108025
2692,1025.029535,1097.533564
2693,1025.029535,1099.255166
2694,1025.029535,1099.270555
2695,1026.065863,1100.035895
2696,1026.082848,1099.722878
2697,1026.082848,1101.357369
2698,1026.502426,1103.067982
2699,1026.571545,1112.574202
2700,1027.065666,1105.481116
2701,1027.319052,1101.974127
2702,1027.319052,1102.889803
2703,1027.612966,1103.326281
2704,1027.612966,1103.467958
2705,1027.612966,1107.599407
2706,1027.612966,1104.891085
2707,1028.275617,1110.875867
2708,1028.506409,1106.320604
2709,1028.843484,1109.228079
2710,1029.031695,1107.757437
2711,1029.031695,1107.899439
2712,1029.739349,1109.776563
2713,1030.030080,1110.453722
2714,1031.135586,1112.293157
2715,1031.135586,1110.908346
2716,1031.135586,1110.881201
2717,1031.135586,1113.318180
2718,1031.135586,1114.042370
2719,1031.135586,1113.309096
2720,1031.135586,1122.472587
2721,1031.478169,1116.710599
2722,1031.478169,1114.050848
2723,1031.478169,1116.074863
2724,1031.920755,1117.361339
2725,1033.212692,1121.656617
2726,1033.609880,1117.240127
2727,1033.609880,1118.339821
2728,1033.655481,1118.800734
2729,1034.795445,1118.875263
2730,1035.698268,1119.724068
2731,1036.356214,1119.156973
2732,1037.228591,1120.295945
2733,1037.228591,1120.722130
2734,1037.228591,1123.769768
2735,1037.454664,1121.457213
2736,1037.454664,1122.628325
2737,1037.454664,1126.287944
2738,1037.454664,1127.596108
2739,1037.454664,1122.656763
2740,1037.707716,1124.769238
2741,1038.381804,1124.290879
2742,1038.419435,1125.161493
2743,1039.811083,1125.304036
2744,1040.841002,1125.323619
2745,1040.998278,1125.814354
2746,1040.998278,1127.501323
2747,1041.449400,1126.290518
2748,1041.449400,1128.601635
2749,1041.449400,1127.642200
2750,1044.051758,1128.521550
2751,1044.051758,1132.468323
2752,1044.051758,1130.084816
2753,1044.051758,1128.731829
2754,1044.313876,1130.611378
2755,1044.313876,1131.421466
2756,1044.313876,1131.392731
2757,1044.950456,1131.347501
2758,1044.950456,1133.402646
2759,1045.366701,1131.457859
2760,1045.366701,1132.152195
2761,1047.041107,1131.491471
2762,1047.041107,1134.519772
2763,1047.054225,1134.721675
2764,1047.135504,1132.899916
2765,1047.765688,1135.752118
2766,1047.765688,1134.687669
2767,1048.437303,1135.219772
2768,1049.124796,1139.728441
2769,1049.124796,1135.218964
2770,1049.124796,1137.508898
2771,1049.124796,1136.900857
2772,1049.475020,1137.643248
2773,1050.882654,1140.596913
2774,1051.173254,1137.807797
2775,1051.173254,1140.813192
2776,1051.173254,1138.677203
2777,1051.173254,1139.831505
2778,1052.027382,1142.913393
2779,1053.159856,1139.980516
2780,1053.973026,1141.435675
2781,1054.194909,1142.879452
2782,1054.194909,1144.268821
2783,1054.194909,1141.659698
2784,1055.233242,1141.830055
2785,1055.233242,1142.266301
2786,1056.315657,1142.412508
2787,1056.382796,1143.447368
2788,1056.674112,1143.554298
2789,1056.674112,1154.407701
2790,1056.674112,1143.945539
2791,1056.674112,1148.300281
2792,1057.816999,1144.561955
2793,1057.816999,1147.575461
2794,1058.840253,1144.800831
2795,1058.840253,1145.445023
2796,1059.762094,1145.999508
2797,1060.282915,1147.197060
2798,1060.282915,1149.508731
2799,1060.282915,1150.745645
2800,1060.282915,1149.227473
2801,1060.939354,1152.094730
2802,1060.939354,1151.101536
2803,1062.981394,1156.807059
2804,1062.981394,1151.659439
2805,1062.981394,1151.837775
2806,1063.103607,1152.143994
2807,1063.103607,1152.177795
2808,1063.375926,1153.639720
2809,1063.785377,1156.228920
2810,1063.785377,1155.304020
2811,1063.975959,1158.016772
2812,1063.975959,1155.418103
2813,1063.975959,1156.123317
2814,1063.975959,1156.447995
2815,1064.926512,1160.107798
2816,1065.180535,1157.732788
2817,1065.180535,1159.805944
2818,1065.180535,1158.055173
2819,1065.750537,1158.077842
2820,1065.750537,1158.155329
2821,1065.750537,1158.608545
2822,1067.287960,1158.602608
2823,1067.287960,1159.845343
2824,1067.287960,1158.792011
2825,1067.287960,1160.614267
2826,1067.287960,1163.694719
2827,1067.394273,1160.072560
2828,1067.456000,1160.617828
2829,1067.456000,1160.690914
2830,1067.456000,1163.468985
2831,1067.456000,1161.871624
2832,1067.456000,1165.857506
2833,1067.456000,1162.132149
2834,1067.456000,1162.142440
2835,1067.456000,1162.927541
2836,1068.011763,1163.017187
2837,1069.699891,1163.617849
2838,1069.699891,1164.705543
2839,1069.699891,1163.799468
2840,1069.699891,1179.411896
2841,1069.699891,1166.671444
2842,1069.733064,1167.208770
2843,1069.733064,1165.942823
2844,1069.733064,1169.354006
2845,1070.157107,1166.893691
2846,1070.157107,1167.194363
2847,1070.311703,1167.330856
2848,1071.050888,1168.960140
2849,1071.653288,1167.485718
2850,1071.954554,1168.006084
2851,1072.066160,1168.166510
2852,1072.066160,1169.000863
2853,1072.066160,1173.439445
2854,1072.384451,1172.220505
2855,1072.384451,1169.722883
2856,1072.436100,1170.080107
2857,1073.550910,1171.501748
2858,1073.765495,1172.687537
2859,1074.430671,1174.072714
2860,1074.430671,1173.215457
2861,1074.875080,1176.221093
2862,1074.875080,1175.078722
2863,1074.875080,1175.122399
2864,1076.514812,1175.318934
2865,1077.271033,1176.019909
2866,1077.365263,1178.776764
2867,1079.723487,1176.021620
2868,1079.723487,1176.922476
2869,1080.076697,1176.501102
2870,1080.762686,1176.787489
2871,1080.762686,1176.835164
2872,1080.762686,1177.737837
2873,1080.762686,1178.041084
2874,1080.762686,1180.840816
2875,1082.358108,1178.268397
2876,1082.358108,1181.313139
2877,1082.358108,1178.922062
2878,1083.030933,1179.567001
2879,1083.284138,1182.818312
2880,1083.538691,1181.118094
2881,1083.538691,1181.835449
2882,1083.714738,1182.695965
2883,1083.714738,1183.575180
2884,1083.734887,1182.401797
2885,1084.620178,1183.521036
2886,1084.620178,1188.855576
2887,1084.620178,1185.368092
2888,1084.839895,1185.288211
2889,1084.839895,1186.377403
2890,1084.978919,1185.929332
2891,1085.205076,1186.045576
2892,1086.728726,1188.143447
2893,1086.766932,1186.075244
2894,1087.164002,1187.638386
2895,1088.674087,1187.029023
2896,1089.223426,1187.409339
2897,1089.456419,1187.617017
2898,1089.574849,1188.961076
2899,1091.746735,1190.862856
2900,1091.746735,1188.450055
2901,1092.244208,1189.309906
2902,1092.244208,1195.082864
2903,1092.244208,1189.872325
2904,1092.643197,1190.224613
2905,1092.643197,1191.509718
2906,1092.643197,1191.720714
2907,1092.643197,1197.204940
2908,1092.643197,1191.556433
2909,1092.643197,1191.832039
2910,1093.047169,1192.967079
2911,1093.302275,1193.965488
2912,1093.571411,1196.393213
2913,1093.772258,1195.723393
2914,1094.269834,1195.228508
2915,1095.320641,1200.352704
2916,1095.413016,1197.010666
2917,1095.413016,1196.921998
2918,1095.413016,1200.609739
2919,1095.859897,1199.471491
2920,1098.893347,1198.899471
2921,1098.893347,1201.698784
2922,1098.893347,1202.342627
2923,1101.188556,1201.566547
2924,1101.592717,1205.531511
2925,1102.859192,1203.482015
2926,1103.309263,1201.725440
2927,1104.165182,1202.176430
2928,1104.165182,1203.380898
2929,1104.165182,1203.585127
2930,1104.165182,1204.794215
2931,1104.165182,1205.218979
2932,1105.235156,1203.697555
2933,1105.290743,1203.862701
2934,1105.290743,1204.394655
2935,1105.532955,1205.460038
2936,1105.532955,1215.365328
2937,1106.352516,1205.761453
2938,1106.703249,1206.789038
2939,1106.703249,1207.093225
2940,1107.753415,1207.490904
2941,1107.753415,1209.307998
2942,1108.784950,1207.638405
2943,1108.784950,1209.420016
2944,1109.850240,1207.942089
2945,1111.309284,1212.548734
2946,1111.492891,1211.254246
2947,1111.492891,1210.448286
2948,1111.492891,1211.377827
2949,1111.647661,1213.468390
2950,1111.647661,1213.780736
2951,1111.968709,1213.482501
2952,1114.070510,1214.164884
2953,1115.235471,1215.142931
2954,1115.235471,1214.852099
2955,1115.235471,1214.303286
2956,1116.827562,1214.884094
2957,1116.827562,1224.965077
2958,1116.975413,1215.802714
2959,1116.975413,1216.268519
2960,1116.975413,1215.737692
2961,1117.425782,1223.435599
2962,1117.817120,1217.859507
2963,1117.817120,1217.005083
2964,1118.623136,1217.351138
2965,1120.139987,1219.280761
2966,1120.525055,1218.881531
2967,1120.525055,1218.992749
2968,1120.525055,1219.191010
2969,1121.489772,1220.751833
2970,1121.960874,1223.480310
2971,1122.259824,1222.656481
2972,1122.388781,1222.918342
2973,1122.606831,1223.894748
2974,1122.937274,1225.465688
2975,1123.639199,1225.511828
2976,1124.181749,1225.468476
2977,1125.066389,1227.317600
2978,1125.946212,1227.866943
2979,1126.715497,1226.633225
2980,1126.715497,1225.934589
2981,1126.990331,1226.858555
2982,1127.896905,1227.066171
2983,1128.613388,1228.053786
2984,1128.613388,1227.373409
2985,1128.613388,1230.045790
2986,1128.662983,1231.488631
2987,1128.662983,1228.253172
2988,1129.101183,1228.398838
2989,1129.203679,1229.447063
2990,1129.203679,1229.176989
2991,1129.203679,1230.271312
2992,1129.609744,1229.699542
2993,1129.753239,1230.088039
2994,1129.753239,1230.235067
2995,1129.990052,1234.760426
2996,1129.990052,1232.958605
2997,1129.990052,1230.746264
2998,1129.990052,1231.026337
2999,1130.515663,1231.922187
3000,1131.081396,1233.960841
3001,1131.235961,1232.721278
3002,1131.235961,1233.757135
3003,1132.192272,1233.112585
3004,1133.547835,1237.451766
3005,1134.085210,1236.969124
3006,1134.085210,1234.324557
3007,1134.313046,1234.502589
3008,1134.313046,1234.517343
3009,1134.313046,1236.545883
3010,1134.313046,1235.759951
3011,1134.313046,1236.166340
3012,1134.313046,1240.720194
3013,1135.066122,1238.619121
3014,1135.066122,1238.717617
3015,1135.066122,1237.618541
3016,1135.066122,1241.904146
3017,1135.783715,1240.420829
3018,1136.903715,1239.049074
3019,1136.919317,1244.639370
3020,1136.919317,1241.208393
3021,1137.074494,1242.716910
3022,1137.074494,1241.522459
3023,1137.892228,1241.708944
3024,1137.903788,1243.033390
3025,1139.705869,1246.318330
3026,1139.706352,1243.897206
3027,1140.260325,1244.031917
3028,1140.260325,1249.553784
3029,1140.260325,1244.178492
3030,1140.635333,1244.348939
3031,1141.256795,1247.503838
3032,1141.256795,1244.974793
3033,1141.335574,1245.700944
3034,1141.335574,1246.878131
3035,1141.335574,1250.571160
3036,1141.738992,1247.715516
3037,1141.738992,1248.518232
3038,1141.738992,1248.705644
3039,1141.738992,1249.254015
3040,1141.738992,1249.363847
3041,1141.867640,1251.938802
3042,1141.867640,1253.723851
3043,1142.072296,1249.972581
3044,1142.072296,1251.282107
3045,1143.703513,1257.088808
3046,1143.703513,1251.904990
3047,1143.703513,1254.171817
3048,1144.015646,1252.304625
3049,1144.015646,1252.357359
3050,1144.015646,1252.515079
3051,1144.392295,1252.909577
3052,1144.736841,1253.010199
3053,1144.736841,1253.242285
3054,1144.736841,1255.157827
3055,1144.820569,1255.142023
3056,1144.820569,1256.609052
3057,1144.820569,1259.358033
3058,1145.850573,1255.169787
3059,1145.850573,1256.120865
3060,1146.523383,1256.136405
3061,1147.832182,1256.274919
3062,1148.653913,1257.085135
3063,1148.748307,1257.813120
3064,1148.757582,1257.199189
3065,1149.818463,1259.038468
3066,1149.994278,1257.199923
3067,1150.305699,1263.350231
3068,1151.660948,1261.280212
3069,1151.892411,1261.488198
3070,1151.892411,1260.703488
3071,1151.892411,1262.042438
3072,1151.892411,1262.813385
3073,1152.895840,1266.842555
3074,1152.895840,1262.716517
3075,1152.895840,1264.068235
3076,1153.220898,1267.616378
3077,1153.421449,1265.577369
3078,1153.421449,1265.533675
3079,1154.901459,1268.451689
3080,1154.901459,1265.963171
3081,1154.901459,1267.239823
3082,1156.912677,1268.095881
3083,1157.177203,1267.707973
3084,1157.177203,1268.033251
3085,1157.177203,1269.663120
3086,1157.177203,1271.604129
3087,1160.499513,1268.265227
3088,1160.607162,1274.940719
3089,1161.749615,1268.884763
3090,1162.140629,1272.499685
3091,1162.140629,1272.420830
3092,1162.140629,1274.163494
3093,1162.140629,1274.227843
3094,1162.293465,1273.885178
3095,1162.436125,1277.224607
3096,1162.436125,1276.664114
3097,1162.541181,1275.204234
3098,1162.541181,1276.601559
3099,1162.959266,1277.620504
3100,1163.581859,1278.564414
3101,1163.581859,1283.169175
3102,1164.635917,1277.245256
3103,1164.635917,1278.506496
3104,1164.635917,1278.823102
3105,1164.955420,1278.675945
3106,1166.734056,1280.596413
3107,1166.983508,1279.164668
3108,1166.983508,1280.170691
3109,1166.983508,1281.617157
3110,1166.983508,1280.815622
3111,1166.983508,1281.143593
3112,1168.063702,1282.034491
3113,1168.063702,1284.231761
3114,1169.281550,1282.726714
3115,1169.454198,1282.574135
3116,1169.454198,1283.626901
3117,1169.454198,1286.493858
3118,1169.858999,1283.509253
3119,1170.379988,1285.793916
3120,1170.379988,1285.440146
3121,1170.500683,1293.858711
3122,1170.500683,1285.451219
3123,1171.117645,1287.835308
3124,1171.437608,1293.311481
3125,1171.437608,1291.778534
3126,1171.437608,1288.765070
3127,1171.437608,1289.577143
3128,1171.437608,1290.989143
3129,1171.437608,1293.398686
3130,1171.603722,1293.829503
3131,1172.066720,1310.707450
3132,1172.066720,1293.630946
3133,1172.789056,1293.976906
3134,1174.488332,1294.176444
3135,1175.032254,1297.544743
3136,1175.305106,1294.874648
3137,1175.603634,1294.265894
3138,1175.603634,1295.151193
3139,1175.603634,1294.899004
3140,1175.603634,1295.330369
3141,1175.715299,1295.949938
3142,1175.715299,1299.370922
3143,1175.715299,1298.239543
3144,1176.396649,1299.604206
3145,1176.396649,1299.948365
3146,1177.333225,1301.555713
3147,1177.333225,1303.280064
3148,1177.333225,1301.144404
3149,1177.660050,1301.187587
3150,1179.865957,1303.635018
3151,1179.865957,1302.789169
3152,1179.865957,1303.413700
3153,1179.997360,1303.295729
3154,1179.997360,1304.726412
3155,1180.474504,1303.810755
3156,1180.474504,1304.870855
3157,1180.474504,1305.349527
3158,1180.971241,1304.764974
3159,1180.971241,1308.059866
3160,1180.971241,1305.701944
3161,1180.971241,1306.855643
3162,1180.971241,1307.569695
3163,1181.082437,1307.100556
3164,1181.082437,1307.187143
3165,1181.675347,1307.207674
3166,1181.675347,1310.485122
3167,1181.675347,1308.136548
3168,1181.675347,1310.864718
3169,1181.686781,1309.308829
3170,1181.686781,1309.393244
3171,1182.358916,1311.372073
3172,1182.358916,1310.747223
3173,1182.358916,1312.396292
3174,1182.492077,1311.283348
3175,1182.647803,1318.651890
3176,1182.862496,1311.891255
3177,1182.862496,1311.993081
3178,1182.951712,1313.170480
3179,1183.264775,1312.866876
3180,1183.743573,1319.411801
3181,1183.743573,1314.029403
3182,1184.295422,1313.284161
3183,1184.295422,1316.692263
3184,1185.054293,1314.255637
3185,1185.700776,1314.996229
3186,1185.700776,1315.217488
3187,1185.700776,1316.446471
3188,1185.700776,1316.606314
3189,1185.700776,1318.053466
3190,1185.700776,1317.934790
3191,1185.700776,1318.807733
3192,1185.700776,1318.061594
3193,1185.700776,1320.691520
3194,1185.700776,1323.886775
3195,1186.531799,1319.494933
3196,1188.200198,1320.600077
3197,1188.200198,1321.394773
3198,1188.234446,1325.396593
3199,1188.234446,1321.907118
3200,1188.326508,1321.524485
3201,1188.326508,1324.339510
3202,1188.326508,1322.282145
3203,1188.326508,1322.706196
3204,1188.326508,1325.646593
3205,1188.326508,1324.464244
3206,1188.612842,1325.927093
3207,1188.612842,1325.139643
3208,1189.448112,1326.046059
3209,1189.727210,1325.990106
3210,1189.727210,1326.416994
3211,1190.032985,1326.753418
3212,1190.032985,1326.825973
3213,1190.032985,1330.953476
3214,1190.032985,1326.684011
3215,1190.128509,1329.435700
3216,1190.680460,1327.860743
3217,1191.755206,1331.800396
3218,1191.755206,1328.873938
3219,1192.173317,1329.288526
3220,1192.869604,1329.299672
3221,1192.869604,1330.142653
3222,1192.869604,1330.863375
3223,1192.869604,1330.249616
3224,1193.378988,1330.782183
3225,1193.806772,1332.944840
3226,1193.806772,1332.858063
3227,1193.806772,1332.336114
3228,1193.806772,1338.573755
3229,1193.887077,1332.352168
3230,1193.887077,1336.006342
3231,1195.216017,1333.238192
3232,1196.126493,1333.842543
3233,1196.126493,1334.150443
3234,1197.891558,1334.646238
3235,1197.891558,1334.947522
3236,1197.891558,1334.805241
3237,1197.891558,1335.210706
3238,1198.127055,1335.404917
3239,1199.859036,1340.115926
3240,1200.019202,1337.749540
3241,1200.930521,1338.422867
3242,1200.930521,1338.213255
3243,1201.139071,1340.321855
3244,1201.139071,1347.941901
3245,1202.351781,1338.827477
3246,1202.876408,1342.743205
3247,1203.226282,1341.236389
3248,1203.226282,1340.461620
3249,1203.538950,1341.122048
3250,1204.323445,1341.504133
3251,1204.323445,1341.863285
3252,1205.108656,1343.710693
3253,1205.108656,1344.713611
3254,1205.108656,1345.131676
3255,1205.108656,1345.042773
3256,1205.108656,1344.972306
3257,1205.108656,1345.668558
3258,1205.493133,1347.127261
3259,1206.368605,1353.206150
3260,1206.368605,1345.905842
3261,1206.610158,1346.250888
3262,1206.610158,1346.719625
3263,1207.496380,1347.073751
3264,1207.496380,1347.452659
3265,1207.496380,1347.394278
3266,1207.496380,1347.470488
3267,1207.496380,1348.475210
3268,1207.681176,1348.143106
3269,1208.017655,1349.512062
3270,1208.017655,1348.618493
3271,1208.841428,1349.515522
3272,1208.841428,1349.577205
3273,1208.841428,1353.602415
3274,1208.841428,1349.751965
3275,1208.875181,1349.685869
3276,1209.208674,1349.802503
3277,1209.942592,1350.865019
3278,1209.964353,1350.359335
3279,1210.169272,1351.383594
3280,1210.169272,1351.077706
3281,1210.602946,1351.374758
3282,1210.602946,1352.659721
3283,1210.602946,1354.675274
3284,1211.767376,1354.226350
3285,1211.767376,1353.741533
3286,1212.440533,1354.225098
3287,1213.915099,1354.631117
3288,1214.898682,1355.526397
3289,1216.581059,1354.628488
3290,1216.820377,1354.926247
3291,1216.820377,1356.906868
3292,1218.314010,1354.904041
3293,1219.898097,1355.651236
3294,1220.001107,1355.390518
3295,1221.143430,1357.313792
3296,1221.143430,1358.547629
3297,1222.905805,1356.185944
3298,1222.905805,1361.147678
3299,1222.905805,1358.150207
3300,1222.911569,1357.884813
3301,1223.533182,1358.343779
3302,1224.085682,1362.004337
3303,1224.463073,1359.837636
3304,1224.463073,1371.700784
3305,1225.169711,1360.726494
3306,1226.041681,1361.246168
3307,1226.403190,1361.180131
3308,1226.403190,1361.717133
3309,1226.403190,1361.890038
3310,1226.403190,1364.281595
3311,1226.403190,1361.986947
3312,1228.244761,1363.052709
3313,1228.244761,1365.192289
3314,1229.221661,1363.331488
3315,1229.730545,1364.329802
3316,1229.730545,1364.578746
3317,1230.153930,1365.305854
3318,1230.153930,1366.117841
3319,1230.153930,1365.366739
3320,1230.153930,1367.244215
3321,1230.153930,1370.274182
3322,1230.469963,1366.786941
3323,1230.957310,1366.926363
3324,1230.957310,1366.988122
3325,1233.513110,1367.558726
3326,1233.513110,1367.517715
3327,1233.513110,1371.094937
3328,1233.513110,1369.167624
3329,1236.247224,1372.813579
3330,1236.247224,1377.867287
3331,1236.247224,1371.153267
3332,1238.580049,1373.863192
3333,1239.496915,1374.624253
3334,1239.500543,1373.005711
3335,1239.711767,1373.407335
3336,1243.613327,1374.971375
3337,1244.101416,1374.706814
3338,1244.507783,1374.896577
3339,1245.155744,1375.070761
3340,1245.686800,1375.831807
3341,1247.445417,1376.182313
3342,1247.445417,1377.542538
3343,1247.951743,1380.840847
3344,1247.951743,1377.009628
3345,1247.951743,1377.101917
3346,1247.951743,1378.080269
3347,1250.612969,1379.524623
3348,1251.364276,1379.836634
3349,1251.745290,1379.550401
3350,1251.745290,1380.906710
3351,1251.745290,1385.472863
3352,1251.745290,1386.036790
3353,1251.745290,1384.219456
3354,1255.600960,1381.341733
3355,1255.600960,1381.523072
3356,1255.896079,1383.147880
3357,1256.547729,1383.303627
3358,1257.294200,1383.602023
3359,1257.294200,1384.758750
3360,1257.294200,1386.431070
3361,1257.717377,1384.818731
3362,1258.490508,1384.902660
3363,1258.490508,1386.536027
3364,1258.490508,1385.686477
3365,1259.778599,1390.461157
3366,1260.046561,1386.390655
3367,1261.771448,1388.779473
3368,1261.771448,1392.062866
3369,1262.230397,1386.868249
3370,1262.230397,1387.138432
3371,1263.218554,1387.540376
3372,1263.218554,1387.947639
3373,1264.506684,1388.210309
3374,1264.977766,1389.429158
3375,1264.977766,1393.312989
3376,1264.977766,1390.240720
3377,1264.977766,1392.734964
3378,1264.977766,1390.895601
3379,1264.977766,1392.434324
3380,1265.115808,1395.681364
3381,1265.429296,1392.643360
3382,1265.429296,1395.403450
3383,1266.497483,1393.006163
3384,1266.497483,1394.873447
3385,1266.497483,1393.528341
3386,1266.497483,1396.733853
3387,1266.617503,1395.414586
3388,1267.423717,1397.775042
3389,1267.423717,1395.548861
3390,1268.345085,1396.652833
3391,1268.345085,1396.086932
3392,1268.590340,1406.402397
3393,1268.590340,1397.894778
3394,1268.900757,1404.866950
3395,1270.540746,1398.763603
3396,1270.592453,1398.298537
3397,1271.132679,1398.558402
3398,1271.132679,1400.524427
3399,1271.430912,1399.050654
3400,1272.117112,1400.108198
3401,1272.117112,1406.903057
3402,1272.649621,1400.685560
3403,1272.649621,1402.865405
3404,1272.803295,1403.152644
3405,1272.826334,1403.429496
3406,1272.826334,1403.663335
3407,1272.826334,1404.573283
3408,1272.826334,1404.816121
3409,1274.365927,1405.348780
3410,1274.365927,1408.662451
3411,1274.365927,1406.833369
3412,1274.508648,1410.218481
3413,1274.850972,1407.186652
3414,1276.072786,1409.030790
3415,1276.072786,1407.573130
3416,1277.399808,1407.720119
3417,1277.683626,1409.128849
3418,1277.764662,1409.239172
3419,1277.764662,1409.426401
3420,1277.764662,1409.667148
3421,1277.764662,1416.143181
3422,1277.764662,1413.246495
3423,1278.176817,1410.783158
3424,1279.105540,1411.189227
3425,1279.105540,1411.052801
3426,1279.105540,1412.810836
3427,1279.173952,1411.883495
3428,1279.173952,1414.871429
3429,1283.325756,1413.532079
3430,1283.848875,1414.105344
3431,1283.848875,1414.442888
3432,1284.238411,1414.138488
3433,1286.292966,1415.498056
3434,1286.292966,1414.714397
3435,1286.292966,1419.991501
3436,1286.354444,1417.379932
3437,1286.724625,1421.099718
3438,1286.870879,1417.169366
3439,1286.870879,1423.998568
3440,1286.870879,1431.140035
3441,1286.870879,1420.416521
3442,1286.871324,1421.315220
3443,1287.355990,1422.891917
3444,1287.355990,1422.474142
3445,1287.355990,1423.992641
3446,1287.355990,1423.054985
3447,1287.883173,1425.154930
3448,1287.883173,1424.608377
3449,1287.883173,1426.369184
3450,1287.883173,1428.816629
3451,1288.693589,1425.903367
3452,1288.693589,1426.155442
3453,1291.214828,1427.312429
3454,1291.214828,1426.687297
3455,1291.214828,1427.248053
3456,1291.214828,1433.808514
3457,1291.214828,1427.733131
3458,1291.214828,1428.414057
3459,1291.731117,1428.911415
3460,1291.731117,1429.333352
3461,1291.731117,1430.681825
3462,1291.731117,1431.284444
3463,1291.731117,1432.714196
3464,1292.000009,1434.077798
3465,1292.799833,1432.513471
3466,1292.799833,1433.826818
3467,1292.841521,1433.191646
3468,1292.841521,1437.434276
3469,1293.386825,1434.747514
3470,1293.386825,1435.425662
3471,1293.741346,1437.030361
3472,1293.869161,1438.398374
3473,1294.015491,1436.273477
3474,1294.713449,1439.882821
3475,1294.713449,1438.410251
3476,1295.411435,1438.796237
3477,1295.411435,1439.059423
3478,1295.411435,1440.129212
3479,1295.455303,1444.011363
3480,1295.455303,1440.394868
3481,1295.455303,1440.553778
3482,1295.880995,1440.690198
3483,1296.515986,1443.340025
3484,1297.331596,1440.942193
3485,1297.331596,1441.539936
3486,1298.316880,1441.995403
3487,1298.316880,1446.700885
3488,1301.179441,1442.114547
3489,1301.179441,1442.325035
3490,1301.301694,1443.745313
3491,1301.301694,1444.910070
3492,1302.590958,1443.894500
3493,1303.396357,1443.942513
3494,1303.396357,1444.693525
3495,1305.009411,1445.649000
3496,1305.009411,1448.657874
3497,1305.009411,1444.976654
3498,1305.009411,1446.549253
3499,1305.360468,1446.776090
3500,1305.907132,1446.839902
3501,1306.832707,1448.228969
3502,1306.832707,1446.892584
3503,1307.028247,1446.850184
3504,1307.520627,1449.205166
3505,1307.520627,1450.252024
3506,1307.520627,1449.766761
3507,1308.135566,1449.400386
3508,1308.135566,1450.654569
3509,1309.927670,1449.700574
3510,1309.927670,1450.015265
3511,1312.108517,1450.521753
3512,1312.219275,1450.532019
3513,1312.803228,1450.458062
3514,1317.011648,1450.938338
3515,1318.447040,1450.880571
3516,1318.732866,1451.623755
3517,1319.347905,1450.681302
3518,1320.282573,1451.588147
3519,1320.282573,1452.144689
3520,1320.976957,1451.656927
3521,1320.976957,1457.655713
3522,1320.976957,1451.652850
3523,1320.976957,1451.679788
3524,1320.976957,1455.308419
3525,1320.976957,1452.010011
3526,1320.976957,1452.650175
3527,1320.976957,1454.578817
3528,1320.976957,1454.446354
3529,1320.976957,1455.658581
3530,1321.388834,1461.265347
3531,1321.988017,1455.454525
3532,1321.988017,1455.812864
3533,1322.143553,1455.711780
3534,1322.143553,1456.016601
3535,1322.382359,1457.041680
3536,1322.918517,1457.494109
3537,1322.918517,1458.546563
3538,1322.918517,1458.775545
3539,1323.979174,1458.094951
3540,1324.865543,1463.107436
3541,1324.865543,1458.548911
3542,1326.315134,1460.138424
3543,1327.497507,1459.355376
3544,1327.632457,1460.749097
3545,1327.991254,1462.674069
3546,1328.060298,1460.777041
3547,1328.060298,1461.517153
3548,1328.060298,1466.772528
3549,1328.527066,1461.985800
3550,1329.408793,1462.534721
3551,1329.408793,1464.607691
3552,1329.408793,1464.235789
3553,1330.743947,1465.117832
3554,1332.414556,1465.425217
3555,1333.128837,1464.638927
3556,1333.128837,1466.643085
3557,1336.452658,1469.905072
3558,1336.478081,1466.148295
3559,1336.478081,1467.128571
3560,1336.596123,1467.026514
3561,1337.325886,1469.731271
3562,1337.325886,1469.061588
3563,1339.344428,1467.239244
3564,1339.344428,1468.175332
3565,1341.279860,1468.551588
3566,1341.279860,1475.361266
3567,1341.279860,1469.068506
3568,1341.279860,1469.685214
3569,1342.649144,1470.369672
3570,1344.046113,1471.195231
3571,1344.046113,1471.155519
3572,1344.339288,1470.651034
3573,1345.364554,1471.089796
3574,1346.015764,1475.089583
3575,1346.417220,1473.458827
3576,1346.417220,1475.458956
3577,1346.417220,1477.754681
3578,1347.924756,1475.530027
3579,1348.133011,1476.766259
3580,1348.180763,1484.958822
3581,1349.309786,1475.770601
3582,1349.535908,1475.911812
3583,1349.535908,1477.619814
3584,1349.575887,1480.485928
3585,1349.575887,1479.893709
3586,1349.962921,1478.865332
3587,1350.513627,1479.476894
3588,1350.646247,1483.546615
3589,1350.646247,1480.013321
3590,1351.629119,1482.306162
3591,1351.629119,1483.035984
3592,1354.226124,1483.392996
3593,1354.226124,1487.346241
3594,1354.696409,1483.478530
3595,1355.805969,1485.249114
3596,1356.428116,1486.794441
3597,1356.428116,1486.434035
3598,1356.428116,1485.528695
3599,1357.014473,1487.219304
3600,1357.014473,1491.145356
3601,1357.014473,1487.849024
3602,1357.014473,1488.726424
3603,1357.014473,1487.574636
3604,1359.288485,1489.927314
3605,1359.288485,1495.402603
3606,1359.452783,1490.245481
3607,1362.338308,1490.111189
3608,1362.338308,1492.150149
3609,1363.015647,1491.833369
3610,1363.089450,1495.262236
3611,1363.766107,1496.072470
3612,1364.458674,1493.061628
3613,1364.934267,1494.390367
3614,1364.934267,1498.004987
3615,1364.934267,1496.123511
3616,1364.934267,1499.945993
3617,1364.934267,1497.033724
3618,1364.934267,1496.546985
3619,1364.934267,1496.695861
3620,1365.780669,1501.363934
3621,1366.013874,1498.232560
3622,1366.216707,1498.005295
3623,1366.993549,1498.130335
3624,1367.323208,1502.836073
3625,1367.353293,1498.233314
3626,1368.620290,1498.531978
3627,1370.383711,1499.295582
3628,1370.732339,1499.655139
3629,1370.732339,1500.538517
3630,1370.972245,1502.571794
3631,1372.023506,1501.079817
3632,1372.774151,1501.987958
3633,1372.774151,1501.446367
3634,1372.774151,1503.705811
3635,1372.774151,1502.054074
3636,1374.667850,1504.170182
3637,1374.667850,1506.057715
3638,1375.330015,1504.487224
3639,1375.501902,1508.347188
3640,1375.501902,1504.431410
3641,1376.812094,1505.014776
3642,1376.812094,1505.258957
3643,1377.096129,1505.349065
3644,1377.096129,1506.075827
3645,1377.096129,1507.477937
3646,1377.096129,1506.115851
3647,1377.096129,1507.558862
3648,1378.660099,1508.231432
3649,1378.660099,1508.628628
3650,1378.660099,1507.869675
3651,1378.660099,1508.035176
3652,1380.042553,1508.669197
3653,1380.235215,1510.031989
3654,1380.915646,1512.948818
3655,1380.915646,1513.069410
3656,1380.915646,1509.172012
3657,1380.915646,1512.367440
3658,1380.915646,1520.530219
3659,1382.265199,1513.989054
3660,1383.090194,1514.772211
3661,1384.249649,1513.703127
3662,1384.728525,1516.126806
3663,1384.728525,1515.221950
3664,1384.728525,1518.015851
3665,1384.728525,1516.868702
3666,1385.043785,1516.265286
3667,1387.055969,1516.284971
3668,1387.373186,1516.542265
3669,1387.373186,1517.511208
3670,1387.373186,1516.879667
3671,1387.377609,1517.054143
3672,1387.808189,1517.160778
3673,1388.107253,1518.739119
3674,1388.107253,1518.086685
3675,1389.002879,1520.859129
3676,1389.002879,1518.590271
3677,1389.002879,1519.598153
3678,1389.002879,1519.125914
3679,1389.731122,1519.847457
3680,1389.731122,1520.635273
3681,1389.731122,1523.492160
3682,1390.819649,1523.379111
3683,1391.135188,1522.528042
3684,1391.135912,1525.283844
3685,1392.950599,1522.881197
3686,1392.950599,1522.900874
3687,1393.133850,1524.225293
3688,1393.133850,1527.460721
3689,1393.133850,1526.279111
3690,1393.133850,1524.273811
3691,1393.258465,1524.397998
3692,1393.258465,1524.480539
3693,1393.258465,1529.414271
3694,1393.258465,1526.456463
3695,1393.569452,1527.504383
3696,1393.986799,1526.883105
3697,1393.986799,1526.987360
3698,1394.700659,1536.103277
3699,1395.805896,1529.100299
3700,1396.665725,1527.518666
3701,1397.511807,1529.422603
3702,1398.294285,1531.201501
3703,1398.321264,1530.038747
3704,1399.655920,1530.097564
3705,1399.655920,1530.478692
3706,1400.133006,1531.228141
3707,1400.133006,1531.236036
3708,1400.174370,1536.741522
3709,1400.751291,1531.355482
3710,1400.751291,1531.796149
3711,1402.514101,1532.335154
3712,1402.684167,1532.307398
3713,1402.684167,1532.465158
3714,1403.722965,1532.416532
3715,1403.722965,1534.619590
3716,1403.722965,1533.799856
3717,1403.722965,1535.675325
3718,1403.722965,1535.053927
3719,1403.722965,1535.506796
3720,1403.722965,1536.359737
3721,1403.722965,1537.149501
3722,1404.335794,1540.175893
3723,1404.335794,1536.635901
3724,1404.335794,1536.926359
3725,1404.792362,1538.197333
3726,1404.867707,1537.304295
3727,1405.736140,1538.182162
3728,1405.736140,1539.480334
3729,1406.655000,1539.152946
3730,1406.655000,1541.521503
3731,1406.680200,1540.921556
3732,1406.680200,1544.601303
3733,1408.056066,1541.351022
3734,1408.056066,1541.235635
3735,1408.056066,1541.337670
3736,1408.056066,1542.306352
3737,1409.512335,1541.528501
3738,1409.512335,1541.721808
3739,1410.167174,1544.934920
3740,1412.336932,1550.136125
3741,1412.336932,1542.593833
3742,1413.168283,1542.799175
3743,1414.637219,1548.180226
3744,1414.665154,1545.098175
3745,1415.351080,1545.611713
3746,1416.523449,1545.660340
3747,1416.523449,1545.952446
3748,1416.523449,1548.164390
3749,1416.586371,1547.741333
3750,1416.586371,1547.985927
3751,1416.607594,1550.128844
3752,1416.607594,1548.334837
3753,1417.487912,1548.184123
3754,1417.701613,1549.240379
3755,1417.864974,1549.970742
3756,1417.864974,1549.472357
3757,1417.864974,1553.387178
3758,1417.977196,1552.595669
3759,1418.810358,1551.984511
3760,1418.810358,1551.301345
3761,1421.564897,1555.633519
3762,1422.282498,1553.694010
3763,1422.282498,1553.764892
3764,1422.854034,1556.947570
3765,1422.854034,1553.922427
3766,1423.338841,1554.792392
3767,1423.338841,1558.239693
3768,1423.338841,1555.024730
3769,1423.338841,1555.774929
3770,1424.567909,1557.244523
3771,1424.567909,1557.892454
3772,1426.401081,1556.947794
3773,1426.401081,1557.699855
3774,1428.012166,1560.644517
3775,1428.604777,1558.435608
3776,1430.388389,1562.668391
3777,1430.388389,1558.823859
3778,1430.666078,1558.532345
3779,1430.666078,1562.186513
3780,1430.666078,1562.157162
3781,1431.306477,1560.679719
3782,1431.306477,1561.463587
3783,1431.541513,1561.764178
3784,1431.541513,1565.827208
3785,1432.057575,1567.649568
3786,1433.771385,1563.206505
3787,1435.577191,1567.631491
3788,1435.716844,1564.201521
3789,1435.716844,1564.644395
3790,1435.718138,1564.951733
3791,1435.718138,1566.028459
3792,1435.718138,1577.806371
3793,1435.739472,1566.854516
3794,1435.739472,1567.099380
3795,1436.275485,1569.200761
3796,1437.150200,1568.396671
3797,1438.085318,1569.214095
3798,1438.958117,1568.718651
3799,1439.009359,1569.065904
3800,1440.459996,1569.401533
3801,1441.205742,1570.165992
3802,1441.303307,1570.327681
3803,1441.303307,1572.173953
3804,1441.540573,1570.883725
3805,1441.540573,1572.331430
3806,1441.540573,1572.080770
3807,1441.540573,1572.115891
3808,1442.186953,1573.627072
3809,1442.186953,1573.621964
3810,1442.186953,1572.807840
3811,1442.501900,1573.380198
3812,1442.501900,1575.352904
3813,1442.636442,1577.790632
3814,1442.804066,1573.641259
3815,1443.794519,1574.294674
3816,1444.247598,1575.707146
3817,1444.247598,1581.410613
3818,1444.247598,1577.798975
3819,1444.247598,1580.673816
3820,1444.247598,1578.697624
3821,1444.608036,1577.857017
3822,1444.608036,1581.584085
3823,1445.213373,1578.822505
3824,1445.356132,1579.829673
3825,1446.169917,1580.750275
3826,1446.586720,1581.695340
3827,1447.008596,1582.310090
3828,1447.008596,1585.337565
3829,1447.417601,1586.106939
3830,1447.417601,1582.156145
3831,1447.417601,1583.156600
3832,1447.417601,1583.566558
3833,1447.417601,1583.573439
3834,1447.538982,1583.643942
3835,1448.882930,1587.635737
3836,1449.405720,1584.359853
3837,1449.777545,1585.359653
3838,1449.777545,1586.594464
3839,1450.480758,1585.834450
3840,1450.480758,1586.676298
3841,1450.480758,1588.292076
3842,1450.694178,1588.551498
3843,1450.694178,1587.374278
3844,1450.694178,1587.938268
3845,1452.372974,1587.711605
3846,1455.051456,1589.584783
3847,1455.664667,1588.319929
3848,1455.664667,1594.991611
3849,1455.664667,1590.126214
3850,1455.664667,1590.136346
3851,1455.664667,1592.281924
3852,1455.664667,1590.211341
3853,1457.293022,1591.652312
3854,1458.007280,1590.515517
3855,1458.807388,1590.612395
3856,1459.316205,1590.633542
3857,1459.316205,1590.788117
3858,1459.804123,1591.953044
3859,1459.804123,1591.786202
3860,1460.979429,1593.215570
3861,1461.048009,1592.197902
3862,1461.048009,1592.514814
3863,1461.048009,1593.220993
3864,1461.827896,1595.285070
3865,1463.379156,1593.855666
3866,1463.379156,1593.328107
3867,1463.379156,1594.734622
3868,1463.990538,1603.557137
3869,1464.076926,1595.660265
3870,1464.076926,1601.680993
3871,1467.089409,1595.306113
3872,1467.089409,1595.607631
3873,1467.869651,1596.836663
3874,1467.869651,1597.350726
3875,1467.869651,1597.803896
3876,1467.869651,1597.950116
3877,1467.879895,1597.905771
3878,1467.910997,1599.304583
3879,1467.910997,1598.687093
3880,1468.372580,1603.555506
3881,1468.372580,1599.596830
3882,1470.547309,1600.269649
3883,1470.547309,1607.156697
3884,1470.547309,1604.053646
3885,1472.222964,1604.112740
3886,1472.222964,1609.865788
3887,1475.817430,1606.180215
3888,1476.932945,1604.178080
3889,1479.196014,1604.482457
3890,1479.196014,1605.423571
3891,1479.196014,1605.874317
3892,1479.265831,1608.257751
3893,1479.265831,1606.744849
3894,1479.265831,1607.985736
3895,1482.176131,1607.529805
3896,1483.301416,1608.250210
3897,1483.939286,1611.271428
3898,1483.939286,1608.711300
3899,1483.939286,1610.146880
3900,1483.939286,1609.161490
3901,1484.280517,1611.559271
3902,1485.490662,1609.922270
3903,1486.468566,1611.731453
3904,1487.002050,1611.353958
3905,1487.702705,1617.186122
3906,1488.624122,1612.226043
3907,1488.624122,1613.867686
3908,1489.257453,1613.144535
3909,1489.257453,1614.542645
3910,1489.257453,1615.556487
3911,1489.257453,1614.782897
3912,1489.257453,1618.044295
3913,1491.395561,1614.993802
3914,1491.716547,1616.776049
3915,1491.716547,1616.571408
3916,1491.716547,1618.450086
3917,1491.716547,1618.864520
3918,1492.529973,1617.568930
3919,1492.529973,1617.709460
3920,1492.529973,1620.708847
3921,1492.529973,1623.666599
3922,1492.529973,1622.605980
3923,1492.633453,1619.730972
3924,1493.508091,1620.213387
3925,1493.786897,1620.664980
3926,1495.325458,1621.279781
3927,1495.325458,1622.762690
3928,1496.501843,1622.180931
3929,1496.501843,1622.400508
3930,1496.501843,1624.593033
3931,1496.548419,1627.675163
3932,1496.548419,1627.030117
3933,1496.548419,1623.735223
3934,1496.548419,1625.678422
3935,1496.548419,1626.279195
3936,1499.100264,1628.721388
3937,1499.100264,1627.310701
3938,1499.100264,1628.713965
3939,1499.100264,1627.646831
3940,1499.100264,1629.622065
3941,1500.020105,1630.291775
3942,1500.717858,1630.557106
3943,1500.717858,1635.357951
3944,1500.717858,1629.991568
3945,1502.036281,1630.275015
3946,1502.036281,1631.457390
3947,1502.036281,1632.962990
3948,1502.036281,1632.082029
3949,1502.062973,1632.140078
3950,1503.588848,1638.529915
3951,1504.147324,1632.502725
3952,1504.643657,1633.816713
3953,1504.643657,1633.004949
3954,1504.769325,1636.176746
3955,1506.701619,1635.710068
3956,1506.701619,1635.802765
3957,1506.908014,1637.446586
3958,1507.768075,1637.479503
3959,1507.768075,1638.799299
3960,1508.248924,1637.735789
3961,1508.349523,1638.341378
3962,1509.337134,1638.217840
3963,1509.337134,1639.298868
3964,1509.337134,1640.624234
3965,1509.337134,1639.465527
3966,1509.337134,1643.593901
3967,1510.230615,1640.120227
3968,1510.340447,1640.948342
3969,1510.642021,1642.285874
3970,1510.874941,1640.903037
3971,1511.154377,1646.371457
3972,1511.154377,1641.801802
3973,1512.793454,1644.686177
3974,1513.848234,1642.750966
3975,1513.848234,1644.819879
3976,1514.265815,1647.523333
3977,1514.265815,1646.858207
3978,1514.518005,1645.149106
3979,1514.518005,1645.232950
3980,1514.518005,1645.787431
3981,1514.554436,1646.406833
3982,1515.572815,1647.359819
3983,1515.572815,1648.853567
3984,1517.091302,1648.281730
3985,1517.091302,1648.060933
3986,1517.834963,1666.403897
3987,1517.906256,1648.774847
3988,1519.390026,1656.013268
3989,1521.744018,1650.100648
3990,1521.744018,1650.328753
3991,1521.744018,1650.754655
3992,1521.760174,1650.871056
3993,1521.760174,1655.618197
3994,1522.760931,1650.898604
3995,1522.760931,1651.936497
3996,1522.760931,1652.125539
3997,1523.010089,1652.770158
3998,1523.205210,1654.087445
3999,1523.236434,1655.603580
4000,1523.236434,1656.455946
4001,1523.278060,1662.304931
4002,1523.646709,1657.716323
4003,1523.795180,1656.990305
4004,1523.795180,1659.720818
4005,1523.795180,1657.948296
4006,1524.111538,1663.588751
4007,1524.111538,1662.820099
4008,1524.111538,1664.202750
4009,1524.390399,1663.070904
4010,1524.390399,1663.885589
4011,1524.952771,1668.414208
4012,1524.952771,1664.151033
4013,1525.860744,1664.562992
4014,1528.828953,1664.363234
4015,1528.828953,1666.348312
4016,1528.828953,1667.446922
4017,1528.828953,1668.678736
4018,1528.866960,1667.204763
4019,1529.148406,1667.517650
4020,1529.148406,1669.370865
4021,1529.327720,1667.581702
4022,1529.453633,1671.784440
4023,1530.065873,1677.350754
4024,1530.065873,1668.775617
4025,1530.065873,1670.761263
4026,1530.742088,1669.624209
4027,1532.177873,1671.387389
4028,1533.390454,1671.922667
4029,1533.390454,1671.443373
4030,1533.390454,1672.505085
4031,1533.417907,1672.599815
4032,1533.855051,1672.132904
4033,1533.855051,1673.092067
4034,1535.179641,1672.585357
4035,1535.179641,1673.171779
4036,1535.179641,1674.431439
4037,1535.991831,1677.194533
4038,1535.991831,1673.924707
4039,1535.991831,1674.279672
4040,1536.522746,1674.559775
4041,1536.522746,1677.558242
4042,1537.134166,1676.110556
4043,1537.385078,1676.705436
4044,1537.385078,1678.823025
4045,1537.385078,1679.125622
4046,1537.385078,1678.508187
4047,1537.632098,1678.377523
4048,1538.680474,1681.536116
4049,1539.725249,1682.933643
4050,1539.725249,1680.200919
4051,1542.393184,1680.106458
4052,1542.393184,1683.015653
4053,1543.008309,1683.064211
4054,1543.008309,1683.712318
4055,1543.008309,1691.592171
4056,1543.470908,1685.079559
4057,1544.591669,1683.451951
4058,1544.724787,1685.552124
4059,1544.724787,1689.970090
4060,1545.121933,1687.620314
4061,1545.511956,1685.908278
4062,1545.627559,1687.115476
4063,1545.627559,1689.077189
4064,1545.627559,1687.772282
4065,1546.226756,1688.743548
4066,1546.811626,1688.983953
4067,1546.859591,1690.010381
4068,1546.859591,1690.280005
4069,1547.162612,1691.285078
4070,1547.162612,1690.391903
4071,1547.829396,1690.575658
4072,1550.934303,1693.748398
4073,1551.168895,1691.680912
4074,1551.168895,1693.454574
4075,1551.168895,1693.539884
4076,1551.710680,1694.916328
4077,1553.097318,1694.742874
4078,1553.097318,1695.884192
4079,1553.097318,1695.498401
4080,1553.097318,1699.579428
4081,1553.097318,1697.858070
4082,1553.097318,1695.560401
4083,1554.319927,1696.352840
4084,1556.474112,1700.966513
4085,1558.234879,1699.222818
4086,1558.942886,1698.022539
4087,1559.220882,1698.805748
4088,1559.220882,1698.887013
4089,1559.220882,1700.031669
4090,1559.410505,1699.344105
4091,1559.410505,1700.363227
4092,1560.791904,1705.902685
4093,1560.791904,1700.319951
4094,1560.791904,1702.019543
4095,1560.791904,1702.754010
4096,1560.949563,1704.541982
4097,1562.498187,1704.304517
4098,1562.611693,1703.089034
4099,1563.154829,1703.929091
4100,1563.154829,1704.494261
4101,1563.273568,1705.126591
4102,1563.864080,1705.285484
4103,1565.069127,1707.750399
4104,1565.102386,1705.134177
4105,1565.102386,1706.296843
4106,1565.310711,1706.955257
4107,1565.392018,1707.858783
4108,1565.392018,1706.298750
4109,1565.392018,1706.868008
4110,1565.392018,1707.575296
4111,1565.392018,1707.088117
4112,1566.268870,1708.397166
4113,1566.268870,1707.971671
4114,1566.268870,1707.774862
4115,1566.404055,1708.566722
4116,1567.760399,1708.289325
4117,1567.760399,1710.769829
4118,1567.760399,1710.536854
4119,1567.760399,1710.198988
4120,1567.760399,1708.637452
4121,1567.819876,1709.893565
4122,1567.839516,1710.810846
4123,1569.088828,1711.238473
4124,1569.109377,1711.340557
4125,1569.121374,1711.018106
4126,1570.654430,1711.218854
4127,1571.748757,1711.962855
4128,1571.748757,1712.795561
4129,1571.748757,1713.538743
4130,1571.748757,1717.242737
4131,1572.638217,1712.301935
4132,1573.451427,1713.021184
4133,1574.052025,1713.620184
4134,1574.299483,1713.932972
4135,1576.074816,1714.525145
4136,1576.826455,1714.647942
4137,1576.826455,1714.234319
4138,1578.641577,1714.988583
4139,1578.641577,1717.161609
4140,1578.666690,1725.548404
4141,1578.666690,1718.354991
4142,1579.312390,1719.909551
4143,1582.957563,1718.354249
4144,1585.116055,1723.146834
4145,1585.116055,1719.107453
4146,1585.159790,1719.792239
4147,1585.159790,1720.272243
4148,1586.242746,1723.043010
4149,1586.666373,1723.073595
4150,1586.666373,1723.716142
4151,1587.098258,1723.076435
4152,1587.206555,1723.274235
4153,1587.206555,1724.730562
4154,1587.206555,1723.341161
4155,1587.413629,1724.089345
4156,1587.859514,1724.876158
4157,1587.859514,1724.540392
4158,1590.026019,1724.773866
4159,1591.128030,1727.574826
4160,1591.569346,1726.188663
4161,1591.569346,1725.583112
4162,1593.575962,1726.586286
4163,1594.647030,1730.705519
4164,1596.225165,1728.091888
4165,1596.225165,1727.800120
4166,1598.129733,1736.780423
4167,1598.129733,1728.739064
4168,1599.076900,1730.202232
4169,1599.076900,1729.343791
4170,1599.153456,1729.855256
4171,1599.503740,1734.425703
4172,1599.503740,1730.770585
4173,1599.503740,1732.464281
4174,1600.493382,1734.408818
4175,1600.493382,1733.198476
4176,1600.493382,1736.657885
4177,1600.493382,1734.745574
4178,1600.774398,1750.909459
4179,1600.880450,1734.851913
4180,1601.246024,1736.162353
4181,1601.246024,1736.428771
4182,1601.246024,1738.320360
4183,1601.246024,1739.545063
4184,1601.961927,1737.256550
4185,1601.961927,1738.514596
4186,1601.961927,1738.333517
4187,1602.422375,1738.836494
4188,1602.986484,1741.062894
4189,1603.456632,1742.043242
4190,1603.832263,1740.256726
4191,1603.974524,1740.429089
4192,1604.434775,1741.321910
4193,1604.991958,1741.093804
4194,1605.976474,1742.696862
4195,1606.049899,1741.800692
4196,1606.359997,1741.841117
4197,1606.359997,1742.545108
4198,1606.995297,1743.499975
4199,1607.041000,1742.578540
4200,1607.041000,1742.863157
4201,1607.041000,1746.648920
4202,1607.041000,1742.876215
4203,1607.041000,1743.824130
4204,1607.041000,1745.673957
4205,1607.041000,1745.678592
4206,1607.041000,1746.078838
4207,1607.546504,1745.689082
4208,1608.601261,1747.348034
4209,1608.819372,1746.632228
4210,1610.269392,1747.648212
4211,1610.269392,1750.191913
4212,1611.109873,1748.080034
4213,1611.716470,1748.194110
4214,1611.875151,1749.293070
4215,1612.103616,1748.837981
4216,1612.103616,1750.319953
4217,1612.103616,1750.114562
4218,1613.067556,1750.826545
4219,1613.975480,1752.368914
4220,1613.975480,1751.414230
4221,1614.447468,1752.110054
4222,1614.447468,1755.130485
4223,1614.447468,1753.072881
4224,1614.447468,1754.164803
4225,1614.540515,1753.008144
4226,1614.540515,1753.865258
4227,1614.970042,1754.355014
4228,1614.970042,1757.346327
4229,1615.072419,1754.296975
4230,1615.072419,1754.351783
4231,1617.002644,1755.566155
4232,1617.723605,1755.342160
4233,1617.723605,1764.391061
4234,1619.810206,1757.825024
4235,1621.212960,1757.537538
4236,1621.212960,1758.489366
4237,1622.076924,1758.094345
4238,1622.499466,1758.309651
4239,1622.731245,1760.085816
4240,1622.887451,1759.409089
4241,1622.887451,1758.683979
4242,1623.361418,1760.408297
4243,1623.805505,1759.619664
4244,1623.805505,1761.800900
4245,1623.805505,1763.079300
4246,1624.012860,1775.652309
4247,1624.012860,1763.170390
4248,1624.012860,1765.646754
4249,1624.689161,1764.310175
4250,1624.689161,1765.433467
4251,1624.689161,1766.524281
4252,1624.689161,1765.807117
4253,1624.689161,1767.628753
4254,1624.689161,1766.090468
4255,1625.857926,1767.215657
4256,1625.908851,1768.599160
4257,1625.963449,1767.847940
4258,1626.218957,1771.267955
4259,1628.054846,1768.106291
4260,1628.054846,1770.272356
4261,1628.465671,1776.186379
4262,1628.682033,1770.370630
4263,1628.837534,1770.841539
4264,1628.858088,1770.919167
4265,1628.858088,1771.778886
4266,1630.506627,1773.104129
4267,1631.924310,1772.073371
4268,1632.421416,1772.328312
4269,1632.931006,1772.588949
4270,1633.046461,1774.140053
4271,1634.337929,1774.010097
4272,1634.337929,1774.027048
4273,1634.653402,1774.062904
4274,1634.653402,1774.415541
4275,1634.677932,1774.682070
4276,1635.045117,1778.554387
4277,1635.045117,1777.486314
4278,1635.045117,1783.951715
4279,1635.530994,1782.312366
4280,1636.304783,1779.275457
4281,1636.304783,1782.617693
4282,1636.304783,1781.901722
4283,1636.304783,1782.217680
4284,1636.304783,1783.980374
4285,1636.704043,1783.668965
4286,1636.704043,1784.312275
4287,1636.719374,1786.890924
4288,1636.719374,1784.701054
4289,1636.719374,1786.449302
4290,1636.740844,1785.756617
4291,1636.740844,1791.670011
4292,1636.740844,1786.681857
4293,1637.935234,1786.774367
4294,1638.645986,1787.550250
4295,1641.021670,1787.183384
4296,1641.527263,1790.912976
4297,1641.527263,1788.258698
4298,1641.527263,1789.817373
4299,1641.527263,1788.914079
4300,1641.527263,1789.280308
4301,1641.527263,1789.453426
4302,1641.904080,1789.824826
4303,1641.904080,1792.019473
4304,1641.904080,1791.039771
4305,1641.904080,1793.550526
4306,1642.093504,1791.330573
4307,1642.790331,1791.616629
4308,1642.790331,1791.833444
4309,1644.495635,1793.626064
4310,1645.215905,1792.789441
4311,1645.215905,1792.068216
4312,1645.575783,1793.357254
4313,1646.378433,1793.940030
4314,1646.378433,1796.607460
4315,1647.329348,1794.772535
4316,1647.329348,1795.058092
4317,1647.329348,1797.566885
4318,1649.904805,1794.865749
4319,1649.904805,1798.239938
4320,1650.013680,1795.789010
4321,1651.205138,1796.270532
4322,1651.387388,1800.424917
4323,1651.387388,1797.518823
4324,1653.319811,1797.521325
4325,1653.419064,1798.811528
4326,1654.371274,1797.643837
4327,1654.393892,1798.696200
4328,1654.393892,1798.744412
4329,1654.737703,1798.749669
4330,1654.737703,1799.829766
4331,1654.737703,1800.939062
4332,1654.737703,1800.670908
4333,1654.737703,1801.365511
4334,1654.737703,1800.551141
4335,1654.737703,1804.472043
4336,1656.418910,1801.086843
4337,1656.418910,1802.119134
4338,1656.418910,1801.849916
4339,1656.418910,1807.638131
4340,1656.418910,1801.913373
4341,1656.576993,1803.775178
4342,1656.576993,1804.989934
4343,1656.706461,1808.407469
4344,1659.177908,1808.239153
4345,1659.834108,1805.636745
4346,1659.834108,1807.166365
4347,1659.901367,1807.989222
4348,1660.475701,1809.682720
4349,1660.475701,1812.782146
4350,1661.045313,1810.739344
4351,1661.045313,1808.762289
4352,1661.045313,1809.465912
4353,1661.347809,1810.713340
4354,1662.096279,1810.955891
4355,1662.096279,1813.342456
4356,1662.096279,1813.569719
4357,1662.096279,1813.601687
4358,1662.096279,1813.518737
4359,1662.096279,1813.991596
4360,1662.181447,1814.168525
4361,1663.064003,1814.694446
4362,1663.497905,1815.522208
4363,1663.497905,1814.808051
4364,1663.949093,1815.974875
4365,1663.949093,1816.204014
4366,1665.728116,1815.751922
4367,1666.177825,1818.991357
4368,1666.177825,1815.823418
4369,1666.640619,1815.942399
4370,1666.756861,1815.969046
4371,1667.147844,1816.238713
4372,1667.147844,1816.069723
4373,1668.111101,1816.493160
4374,1668.111101,1816.365311
4375,1668.111101,1817.331820
4376,1668.204228,1817.047328
4377,1668.639356,1816.557418
4378,1669.827903,1817.563497
4379,1670.806675,1817.345929
4380,1670.806675,1817.333865
4381,1670.806675,1818.530629
4382,1671.044785,1820.677224
4383,1672.444709,1817.581282
4384,1673.449022,1817.658371
4385,1674.341652,1818.876418
4386,1675.131796,1818.675007
4387,1675.131796,1826.070883
4388,1675.131796,1819.251187
4389,1675.131796,1824.472522
4390,1675.333684,1819.398199
4391,1675.333684,1819.431900
4392,1675.333684,1820.266070
4393,1675.624982,1820.784937
4394,1675.624982,1824.469384
4395,1675.624982,1821.241311
4396,1675.624982,1821.894256
4397,1675.624982,1823.028589
4398,1675.624982,1823.436768
4399,1675.624982,1825.011514
4400,1675.624982,1828.577737
4401,1675.624982,1824.559424
4402,1675.624982,1826.667718
4403,1676.230266,1825.234177
4404,1677.414282,1825.390869
4405,1677.414282,1825.765014
4406,1677.414282,1827.330288
4407,1677.653112,1827.526713
4408,1678.375452,1831.417807
4409,1678.549619,1829.346251
4410,1678.564396,1828.901042
4411,1678.564396,1830.062714
4412,1678.564396,1829.230221
4413,1678.564396,1829.449790
4414,1678.564396,1829.766767
4415,1678.564396,1834.248270
4416,1678.564396,1829.831200
4417,1678.564396,1831.244629
4418,1679.986074,1830.569010
4419,1680.753338,1830.759503
4420,1680.753338,1836.355295
4421,1680.962087,1831.622458
4422,1680.962087,1832.454921
4423,1680.962087,1831.803799
4424,1680.962087,1832.617111
4425,1681.627381,1832.850691
4426,1681.627381,1833.343686
4427,1681.627381,1842.704204
4428,1681.627381,1834.138578
4429,1681.627381,1834.360683
4430,1681.875145,1835.739643
4431,1681.875145,1834.369717
4432,1681.875145,1834.704383
4433,1682.299307,1834.920010
4434,1683.345119,1835.098366
4435,1683.345119,1835.441133
4436,1683.345119,1835.546921
4437,1683.345119,1839.709080
4438,1684.392183,1836.206133
4439,1684.778603,1836.505040
4440,1684.791552,1841.995061
4441,1684.791552,1837.921879
4442,1687.954267,1838.535219
4443,1687.954267,1838.835881
4444,1687.954267,1840.260582
4445,1687.954267,1840.055456
4446,1688.229645,1842.387914
4447,1688.229645,1841.029886
4448,1688.229645,1844.234643
4449,1688.229645,1842.888266
4450,1688.229645,1842.792966
4451,1688.516067,1847.220460
4452,1688.724160,1844.810679
4453,1692.003932,1849.736489
4454,1692.003932,1845.616959
4455,1692.003932,1845.127146
4456,1692.003932,1845.167605
4457,1692.003932,1845.237954
4458,1692.528412,1845.454475
4459,1692.528412,1846.608829
4460,1692.528412,1846.974779
4461,1692.609853,1846.660700
4462,1692.609853,1847.077835
4463,1692.738173,1847.019039
4464,1692.954417,1847.029047
4465,1693.403841,1847.100983
4466,1693.403841,1849.543313
4467,1694.887971,1848.074059
4468,1694.887971,1855.822808
4469,1695.343548,1848.108433
4470,1695.343548,1848.432827
4471,1695.343548,1850.774435
4472,1696.303166,1849.599861
4473,1696.303166,1849.882945
4474,1696.303166,1856.990364
4475,1696.303166,1852.909798
4476,1696.462220,1854.727362
4477,1696.462220,1854.760074
4478,1696.462220,1854.752056
4479,1698.337954,1855.307279
4480,1699.248668,1856.026005
4481,1699.248668,1855.509359
4482,1700.296609,1863.549517
4483,1700.296609,1856.408677
4484,1700.335183,1856.251287
4485,1700.650171,1856.279544
4486,1700.650171,1856.385664
4487,1702.075286,1857.614414
4488,1702.075286,1856.599235
4489,1703.388836,1859.896767
4490,1703.388836,1868.030824
4491,1704.179705,1858.289696
4492,1704.179705,1859.259601
4493,1704.179705,1860.214077
4494,1704.496661,1860.153864
4495,1704.496661,1860.492993
4496,1704.496661,1864.179090
4497,1704.496661,1861.519163
4498,1704.496661,1861.705955
4499,1705.147599,1863.061258
4500,1705.147599,1866.897219
4501,1705.147599,1864.214119
4502,1705.246195,1865.529422
4503,1706.679005,1865.545329
4504,1707.415516,1866.357920
4505,1707.931347,1867.001999
4506,1710.591215,1866.633172
4507,1710.591215,1868.973804
4508,1712.771487,1867.129349
4509,1712.879339,1868.895825
4510,1713.282462,1867.828026
4511,1713.555704,1869.622399
4512,1714.153440,1871.206096
4513,1714.688677,1869.009554
4514,1714.688677,1869.648269
4515,1715.595743,1872.266476
4516,1715.595743,1876.334076
4517,1715.595743,1869.749433
4518,1715.595743,1870.595927
4519,1715.595743,1870.662444
4520,1715.961783,1871.959234
4521,1718.243137,1871.911382
4522,1718.243137,1876.651430
4523,1718.243137,1872.215690
4524,1718.243137,1872.959526
4525,1718.243137,1873.533178
4526,1718.504765,1874.600527
4527,1718.877702,1878.733908
4528,1721.677167,1875.223780
4529,1721.677167,1877.503862
4530,1723.020738,1886.538706
4531,1723.214842,1880.747562
4532,1723.641716,1877.752835
4533,1724.711938,1879.587252
4534,1724.905701,1881.965387
4535,1726.134336,1879.669274
4536,1726.175455,1882.200790
4537,1726.175455,1884.471131
4538,1726.175455,1882.285772
4539,1726.175455,1882.638045
4540,1727.537523,1885.631276
4541,1727.543722,1884.011147
4542,1727.543722,1884.326939
4543,1727.788169,1884.795240
4544,1727.788169,1892.773673
4545,1728.481766,1885.074051
4546,1728.481766,1885.798643
4547,1728.961913,1886.702777
4548,1728.961913,1886.085543
4549,1728.961913,1886.491124
4550,1730.519193,1886.579583
4551,1732.028065,1888.573716
4552,1732.028065,1886.754409
4553,1732.029457,1889.115939
4554,1732.029457,1887.934316
4555,1733.042413,1888.010972
4556,1733.042413,1888.351673
4557,1733.615673,1888.354615
4558,1733.615673,1889.765595
4559,1733.615673,1889.525468
4560,1733.615673,1889.398642
4561,1736.021948,1891.675650
4562,1737.065702,1890.040898
4563,1737.065702,1890.766656
4564,1737.065702,1890.517146
4565,1737.887960,1890.840539
4566,1737.887960,1892.152307
4567,1738.230612,1891.200608
4568,1738.627792,1892.515328
4569,1738.627792,1892.171673
4570,1738.627792,1893.877412
4571,1738.627792,1893.479722
4572,1738.627792,1894.157066
4573,1738.627792,1894.785577
4574,1738.627792,1893.693577
4575,1738.678491,1896.254053
4576,1738.699234,1894.721910
4577,1739.425619,1894.965242
4578,1740.752514,1896.349834
4579,1740.752514,1902.432382
4580,1742.590851,1896.279560
4581,1742.590851,1898.960122
4582,1742.590851,1896.496680
4583,1742.889813,1898.509663
4584,1743.594308,1896.737548
4585,1744.104235,1896.783103
4586,1744.449984,1899.310811
4587,1744.449984,1901.021253
4588,1744.449984,1900.535030
4589,1744.449984,1903.937397
4590,1744.449984,1901.737543
4591,1744.767887,1901.182612
4592,1744.767887,1902.679572
4593,1746.224659,1902.351967
4594,1746.224659,1902.566099
4595,1746.296424,1907.680064
4596,1746.296424,1907.053082
4597,1749.187809,1903.251851
4598,1749.187809,1903.678848
4599,1749.187809,1903.862609
4600,1749.187809,1903.893145
4601,1751.672190,1903.913261
4602,1751.672190,1904.934573
4603,1752.631930,1904.996709
4604,1753.412360,1905.151743
4605,1753.809450,1905.897661
4606,1754.146994,1906.088589
4607,1754.945767,1907.692303
4608,1754.945767,1909.501985
4609,1754.945767,1907.791623
4610,1756.120443,1909.240230
4611,1756.120443,1909.912635
4612,1757.681918,1907.947797
4613,1757.681918,1910.041084
4614,1757.681918,1914.628221
4615,1758.901780,1912.563310
4616,1758.909619,1920.395721
4617,1759.037228,1911.866462
4618,1759.037228,1914.509970
4619,1759.037228,1913.278643
4620,1759.151733,1913.390070
4621,1759.151733,1913.841134
4622,1759.151733,1913.948972
4623,1759.151733,1914.261737
4624,1759.151733,1914.345758
4625,1759.151733,1914.388378
4626,1759.151733,1914.406397
4627,1760.111380,1915.249607
4628,1760.111380,1914.904943
4629,1760.114155,1919.934981
4630,1760.983998,1917.237783
4631,1761.759554,1915.448753
4632,1761.759554,1915.876675
4633,1761.759554,1916.218514
4634,1761.759554,1916.325321
4635,1762.719418,1917.426038
4636,1762.719418,1920.431208
4637,1764.262630,1919.403926
4638,1764.262630,1921.018025
4639,1764.262630,1921.355002
4640,1764.262630,1921.063223
4641,1765.260684,1922.213227
4642,1765.260684,1921.238489
4643,1765.260684,1923.139634
4644,1765.260684,1921.343538
4645,1765.260684,1921.850988
4646,1765.348461,1924.194920
4647,1765.403617,1922.022977
4648,1766.559126,1922.112934
4649,1766.679000,1923.328738
4650,1767.328826,1922.385204
4651,1768.135009,1923.006009
4652,1768.135009,1925.373493
4653,1768.135009,1924.306460
4654,1768.391921,1923.907954
4655,1768.391921,1926.013655
4656,1768.391921,1925.681414
4657,1769.265415,1930.226369
4658,1769.697275,1926.148829
4659,1769.697275,1930.741462
4660,1769.697275,1926.020745
4661,1770.036525,1929.432867
4662,1770.036525,1926.484362
4663,1772.796867,1927.313204
4664,1772.796867,1927.694684
4665,1772.796867,1927.896450
4666,1772.796867,1928.651706
4667,1772.796867,1929.529810
4668,1773.952177,1930.620586
4669,1775.755945,1929.638959
4670,1775.923453,1929.821101
4671,1775.970373,1930.237664
4672,1775.970373,1937.848542
4673,1776.236051,1930.577620
4674,1776.236051,1931.680423
4675,1776.465635,1931.868128
4676,1776.465635,1935.675089
4677,1776.465635,1939.348146
4678,1776.465635,1932.892438
4679,1778.053638,1933.116010
4680,1778.053638,1933.737395
4681,1778.053638,1938.026720
4682,1778.280602,1936.348503
4683,1778.280602,1938.256137
4684,1778.320511,1937.925340
4685,1778.612659,1938.262188
4686,1778.666572,1938.521122
4687,1778.939936,1949.469871
4688,1778.939936,1939.603353
4689,1778.989445,1938.526158
4690,1780.367208,1940.061910
4691,1780.367208,1939.572259
4692,1780.990965,1940.257815
4693,1781.652685,1943.704859
4694,1782.292839,1940.503156
4695,1782.292839,1941.397057
4696,1783.328657,1945.219905
4697,1783.328657,1942.394209
4698,1783.328657,1945.525697
4699,1783.328657,1948.778223
4700,1784.296576,1946.502595
4701,1785.508223,1948.422107
4702,1785.508223,1946.563787
4703,1785.508223,1947.288641
4704,1785.508223,1947.773441
4705,1785.508223,1948.528807
4706,1785.845739,1951.655983
4707,1786.441624,1949.131018
4708,1786.441624,1950.198461
4709,1786.441624,1952.288534
4710,1787.061446,1951.472035
4711,1789.267576,1951.294739
4712,1790.608702,1955.783812
4713,1790.608702,1952.257441
4714,1790.967558,1952.296374
4715,1790.967558,1953.184893
4716,1790.967558,1953.340509
4717,1793.262167,1955.047775
4718,1793.262167,1954.591131
4719,1793.262167,1953.366535
4720,1793.262167,1956.396729
4721,1793.262167,1957.819406
4722,1793.370424,1955.971647
4723,1794.461903,1956.142024
4724,1795.444441,1956.150226
4725,1796.033133,1959.466325
4726,1796.033133,1957.398222
4727,1796.183314,1957.079757
4728,1796.319261,1957.158824
4729,1796.319261,1957.468882
4730,1796.474069,1957.475939
4731,1796.474069,1957.482539
4732,1796.474069,1960.354881
4733,1797.470719,1957.869416
4734,1797.470719,1963.169641
4735,1797.470719,1957.929074
4736,1797.470719,1961.392719
4737,1797.470719,1961.356979
4738,1800.248773,1962.503034
4739,1801.268246,1968.370124
4740,1801.268246,1961.933261
4741,1801.268246,1962.530414
4742,1803.060457,1962.658837
4743,1803.060457,1963.034604
4744,1803.060457,1962.660177
4745,1803.060457,1963.681049
4746,1804.835533,1963.125028
4747,1804.835533,1963.166817
4748,1804.835533,1963.405656
4749,1804.835533,1963.609012
4750,1804.835533,1963.632650
4751,1804.835533,1972.511714
4752,1804.835533,1966.035115
4753,1804.835533,1974.254868
4754,1804.835533,1966.825315
4755,1804.835533,1967.911751
4756,1805.848293,1969.939474
4757,1805.848293,1968.861771
4758,1805.848293,1970.603319
4759,1805.848293,1970.216110
4760,1807.593231,1973.252877
4761,1807.593231,1972.214207
4762,1807.593231,1979.813826
4763,1807.871107,1975.174213
4764,1807.986946,1975.936703
4765,1808.087498,1974.306577
4766,1808.087498,1974.510107
4767,1808.992881,1974.578848
4768,1809.970159,1975.234924
4769,1810.511580,1977.868712
4770,1811.093941,1975.260850
4771,1811.093941,1976.836754
4772,1811.100286,1976.333749
4773,1811.856594,1977.160572
4774,1811.856594,1977.012086
4775,1811.856594,1978.395827
4776,1812.930881,1977.538143
4777,1812.930881,1977.990601
4778,1813.993474,1978.393001
4779,1813.993474,1979.471597
4780,1813.993474,1982.856055
4781,1814.217558,1979.713294
4782,1814.217558,1979.743783
4783,1814.217558,1979.873963
4784,1814.217558,1980.190489
4785,1814.217558,1982.223872
4786,1814.217558,1980.288251
4787,1816.247867,1981.230226
4788,1816.774454,1981.176203
4789,1817.360670,1981.241504
4790,1817.956121,1981.415183
4791,1817.956121,1984.803726
4792,1817.956121,1983.038521
4793,1817.956121,1987.107706
4794,1817.956121,1983.852405
4795,1817.956121,1984.936836
4796,1818.666221,1987.651281
4797,1819.493259,1985.409260
4798,1819.675751,1985.742924
4799,1820.232371,1986.042377
4800,1821.219611,1985.844926
4801,1821.219611,1985.929603
4802,1821.315060,1985.974734
4803,1822.685935,1986.280273
4804,1823.068526,1990.408293
4805,1823.068526,1987.976612
4806,1823.068526,1989.901592
4807,1823.068526,1987.993842
4808,1823.068526,1988.263209
4809,1823.656256,1990.506366
4810,1823.656256,1989.228821
4811,1824.814050,1989.416044
4812,1824.814050,1990.368004
4813,1825.261076,1990.553067
4814,1826.462735,1990.408338
4815,1826.464276,1990.916951
4816,1826.712258,1990.582346
4817,1827.088845,1996.392053
4818,1827.088845,1991.900297
4819,1827.088845,1990.769896
4820,1827.088845,1991.077945
4821,1827.088845,1991.369668
4822,1827.088845,1992.036185
4823,1827.088845,1991.387616
4824,1828.619470,1992.121515
4825,1828.619470,1993.309792
4826,1828.619470,1994.482909
4827,1829.071653,1992.258595
4828,1829.250006,1996.587529
4829,1829.250006,1998.411075
4830,1830.088918,1994.548305
4831,1830.088918,1995.070924
4832,1830.912587,1996.595046
4833,1830.912587,1999.095599
4834,1831.231893,1998.654068
4835,1831.275680,1996.892420
4836,1831.275680,1997.382235
4837,1832.034063,1997.698450
4838,1832.513667,1998.679532
4839,1833.538062,1998.998313
4840,1834.473046,2003.643500
4841,1835.741436,1999.313449
4842,1835.741436,2002.179555
4843,1835.741436,2001.148758
4844,1835.741436,2002.130280
4845,1835.741436,2005.787488
4846,1835.741436,2002.597312
4847,1835.975040,2004.260104
4848,1837.282697,2002.618197
4849,1838.009466,2002.801377
4850,1838.009466,2004.043086
4851,1838.573126,2007.182119
4852,1838.573126,2004.688724
4853,1838.573126,2005.627992
4854,1838.573126,2004.822851
4855,1838.573126,2005.591690
4856,1839.303257,2005.896909
4857,1839.303257,2008.001833
4858,1839.303257,2005.931488
4859,1839.303257,2006.485750
4860,1839.303257,2009.705490
4861,1839.821302,2007.078436
4862,1842.690266,2008.034695
4863,1842.690266,2007.227576
4864,1843.706989,2009.907624
4865,1845.520116,2008.958579
4866,1845.520116,2008.818560
4867,1846.265506,2009.053311
4868,1847.475323,2013.466924
4869,1848.327469,2009.062130
4870,1848.327469,2009.366830
4871,1848.327469,2012.240590
4872,1848.345572,2013.778299
4873,1848.345572,2011.455714
4874,1848.345572,2014.512504
4875,1848.345572,2013.252313
4876,1848.804443,2013.333620
4877,1850.083485,2014.100371
4878,1850.083485,2014.014602
4879,1850.083485,2016.326550
4880,1850.083485,2014.479525
4881,1850.083485,2014.292904
4882,1850.145479,2014.875952
4883,1850.455084,2020.268991
4884,1850.455084,2014.924042
4885,1850.455084,2015.836482
4886,1851.541082,2017.885375
4887,1851.541082,2017.475553
4888,1851.541082,2020.143485
4889,1851.541082,2018.594494
4890,1851.855742,2018.174748
4891,1851.919916,2021.590866
4892,1851.919916,2020.298664
4893,1854.555711,2020.683140
4894,1854.555711,2021.192912
4895,1854.555711,2020.674876
4896,1854.789543,2021.086171
4897,1855.892648,2023.258967
4898,1860.068109,2021.311112
4899,1860.948660,2024.137548
4900,1860.948660,2021.615281
4901,1861.410515,2023.424841
4902,1861.813632,2022.842862
4903,1861.813632,2024.072634
4904,1864.221866,2023.580351
4905,1864.221866,2024.043050
4906,1864.221866,2029.624466
4907,1864.221866,2027.779910
4908,1864.288842,2024.767335
4909,1864.288842,2027.514256
4910,1864.288842,2024.869204
4911,1864.288842,2025.331552
4912,1864.288842,2025.745865
4913,1864.726503,2027.495384
4914,1864.726503,2028.966922
4915,1864.726503,2035.307755
4916,1866.719627,2027.885849
4917,1866.887396,2029.341508
4918,1867.006283,2029.098654
4919,1867.006283,2030.015438
4920,1867.989900,2036.491929
4921,1867.989900,2030.295936
4922,1867.989900,2030.257715
4923,1867.989900,2030.481784
4924,1867.989900,2030.526753
4925,1867.989900,2030.526390
4926,1868.222323,2031.464554
4927,1868.439270,2030.623494
4928,1868.439270,2035.346225
4929,1869.017458,2031.600890
4930,1869.017458,2033.201163
4931,1869.477050,2033.319447
4932,1869.477050,2033.573809
4933,1871.090419,2033.837209
4934,1871.090419,2034.023798
4935,1871.090419,2035.318661
4936,1871.090419,2037.610466
4937,1872.204215,2036.862517
4938,1872.704478,2036.914585
4939,1872.704478,2037.045219
4940,1872.704478,2036.997753
4941,1872.704478,2037.815040
4942,1872.803657,2040.086425
4943,1873.656218,2038.307750
4944,1874.551096,2037.825939
4945,1874.551096,2039.026270
4946,1875.900829,2041.651241
4947,1875.974614,2038.888848
4948,1875.974614,2039.089382
4949,1875.974614,2039.688876
4950,1875.974614,2043.943101
4951,1878.357400,2041.137938
4952,1878.357400,2044.439888
4953,1878.357400,2043.434927
4954,1878.580631,2042.954350
4955,1880.685371,2045.274117
4956,1880.847984,2051.944896
4957,1880.848379,2044.582609
4958,1880.848379,2045.017425
4959,1880.848379,2045.499721
4960,1881.421539,2047.711320
4961,1882.439103,2046.020981
4962,1882.647046,2045.707069
4963,1882.647046,2048.633895
4964,1883.827718,2047.517717
4965,1884.097401,2051.591284
4966,1884.213955,2048.313417
4967,1884.213955,2048.584862
4968,1884.558359,2049.749422
4969,1886.452879,2051.256003
4970,1886.452879,2050.915403
4971,1886.452879,2051.716773
4972,1886.452879,2052.887424
4973,1887.250834,2052.126962
4974,1887.443764,2052.294442
4975,1887.443764,2056.721897
4976,1887.681370,2055.947213
4977,1887.681370,2056.593542
4978,1887.681370,2054.098412
4979,1887.917813,2055.923952
4980,1887.917813,2055.935420
4981,1889.128861,2056.192750
4982,1889.128861,2056.479828
4983,1889.707855,2057.279195
4984,1889.884940,2059.739697
4985,1890.489431,2057.012939
4986,1890.537137,2057.236974
4987,1890.537137,2057.951263
4988,1890.537137,2058.863300
4989,1890.537137,2058.015665
4990,1890.537137,2058.140297
4991,1890.570423,2058.917143
4992,1890.995247,2062.072168
4993,1890.995247,2063.099686
4994,1892.188421,2059.760339
4995,1892.188421,2060.947685
4996,1892.188421,2059.919311
4997,1892.188421,2060.205905
4998,1892.188421,2061.856024
4999,1892.632720,2061.793681
5000,1893.072553,2064.411220
5001,1893.072553,2062.204559
5002,1893.072553,2062.722152
5003,1893.761240,2062.963341
5004,1893.761240,2065.186307
5005,1894.455971,2063.753651
5006,1894.879541,2069.152593
5007,1894.879541,2065.218934
5008,1894.879541,2064.691476
5009,1895.761594,2064.911909
5010,1895.789191,2065.570690
5011,1895.789191,2066.483375
5012,1895.789191,2065.390769
5013,1895.789191,2066.562262
5014,1896.140422,2071.805762
5015,1897.646671,2066.996635
5016,1897.646671,2069.744310
5017,1897.646671,2067.082774
5018,1897.646671,2067.460205
5019,1899.322428,2067.740678
5020,1899.938249,2067.913932
5021,1899.938249,2068.020485
5022,1899.938249,2069.033122
5023,1899.938249,2069.812252
5024,1900.053906,2069.395990
5025,1900.415794,2073.928814
5026,1900.875183,2071.321073
5027,1900.875183,2070.007016
5028,1900.875183,2072.214152
5029,1900.875183,2071.778121
5030,1900.875183,2073.289026
5031,1900.875183,2073.832606
5032,1900.875183,2073.320551
5033,1900.875183,2074.539295
5034,1901.003651,2075.052183
5035,1901.003651,2077.560496
5036,1901.003651,2076.831473
5037,1901.263152,2076.178990
5038,1901.263152,2076.725990
5039,1901.263152,2076.461537
5040,1901.263152,2077.793115
5041,1901.587746,2077.081298
5042,1901.587746,2078.880007
5043,1901.689907,2077.153669
5044,1903.061829,2077.739709
5045,1903.512570,2088.926449
5046,1903.512570,2079.933769
5047,1903.512570,2079.759609
5048,1903.512570,2082.680764
5049,1903.512570,2081.243682
5050,1903.818891,2079.941975
5051,1903.818891,2081.210540
5052,1905.730204,2083.102698
5053,1906.588523,2083.786632
5054,1906.588523,2082.872714
5055,1906.588523,2083.210490
5056,1906.595951,2084.612083
5057,1907.894173,2085.473747
5058,1907.894173,2085.840364
5059,1907.894173,2085.151077
5060,1907.894173,2085.402916
5061,1907.905611,2087.918870
5062,1907.905611,2088.828196
5063,1908.957559,2086.607467
5064,1908.957559,2088.770344
5065,1908.957559,2088.427934
5066,1908.957559,2088.588557
5067,1908.957559,2090.340541
5068,1908.957559,2093.342874
5069,1908.957559,2089.079713
5070,1908.957559,2091.424762
5071,1910.047502,2091.641830
5072,1910.047502,2091.605180
5073,1910.047502,2096.589885
5074,1910.047502,2092.160264
5075,1912.911036,2092.782808
5076,1912.911036,2092.168894
5077,1912.911036,2094.472862
5078,1912.976694,2093.768015
5079,1913.300961,2096.026943
5080,1914.782085,2098.468060
5081,1915.068669,2095.044714
5082,1915.068669,2095.840818
5083,1916.676646,2096.129085
5084,1916.676646,2097.149797
5085,1916.676646,2096.629292
5086,1916.676646,2107.886733
5087,1917.035016,2096.814950
5088,1917.179136,2097.718184
5089,1917.179136,2099.205713
5090,1918.800726,2097.882911
5091,1918.800726,2098.966461
5092,1919.811258,2099.134253
5093,1919.990932,2101.764815
5094,1919.990932,2099.306043
5095,1920.388643,2100.187184
5096,1920.892899,2101.753451
5097,1920.892899,2101.413835
5098,1921.153358,2101.543281
5099,1921.399649,2103.858110
5100,1921.399649,2102.993255
5101,1921.399649,2102.054889
5102,1921.399649,2103.481123
5103,1921.805876,2103.607993
5104,1921.805876,2104.645563
5105,1921.805876,2105.662265
5106,1921.881130,2104.104380
5107,1921.881130,2106.872295
5108,1921.881130,2105.376412
5109,1921.933353,2107.190984
5110,1921.933353,2112.305535
5111,1922.335405,2108.119752
5112,1924.064242,2107.927834
5113,1925.138935,2111.051216
5114,1925.563555,2107.939903
5115,1925.563555,2108.524959
5116,1925.817228,2108.279482
5117,1925.885901,2109.856752
5118,1925.885901,2109.384117
5119,1926.652972,2111.511150
5120,1926.652972,2110.463157
5121,1926.652972,2112.512570
5122,1928.547447,2112.767965
5123,1928.547447,2112.468798
5124,1929.400581,2112.573305
5125,1929.400581,2113.353696
5126,1929.400581,2113.719390
5127,1929.400581,2115.201093
5128,1929.400581,2115.963904
5129,1929.400581,2113.560575
5130,1929.400581,2113.747245
5131,1929.400581,2114.561341
5132,1929.400581,2115.684073
5133,1929.400581,2117.037222
5134,1930.610160,2118.143944
5135,1930.662013,2116.411331
5136,1931.137452,2120.794421
5137,1931.266816,2116.613212
5138,1931.266816,2117.232961
5139,1931.610403,2117.567027
5140,1931.610403,2117.379618
5141,1931.876225,2121.618833
5142,1932.135870,2118.898995
5143,1932.243398,2118.863543
5144,1932.308647,2120.020192
5145,1932.311111,2124.224531
5146,1933.681122,2125.360037
5147,1933.767641,2122.865204
5148,1933.767641,2122.684262
5149,1934.158715,2123.046338
5150,1936.584992,2126.628440
5151,1936.584992,2123.858142
5152,1936.962025,2123.910568
5153,1936.962025,2124.143453
5154,1936.962025,2124.589608
5155,1936.997824,2124.727979
5156,1936.997824,2124.619782
5157,1937.421243,2124.723837
5158,1937.421243,2126.571396
5159,1937.421243,2127.202226
5160,1937.421243,2128.964541
5161,1937.421243,2126.674715
5162,1938.478144,2127.252463
5163,1938.478144,2126.867205
5164,1938.478144,2127.232105
5165,1938.478144,2127.303522
5166,1938.478144,2128.628902
5167,1941.940304,2130.188421
5168,1942.470897,2128.069043
5169,1942.751937,2128.512931
5170,1942.751937,2130.453358
5171,1944.056669,2128.999145
5172,1946.026182,2150.882036
5173,1946.245770,2131.239616
5174,1946.924571,2136.590470
5175,1946.924571,2131.092222
5176,1946.924571,2133.145645
5177,1949.030716,2131.890209
5178,1949.219620,2132.972602
5179,1949.219620,2134.187914
5180,1949.219620,2133.329905
5181,1949.219620,2137.770488
5182,1949.526208,2134.226467
5183,1949.526208,2136.775486
5184,1950.182771,2138.979431
5185,1950.182771,2137.372435
5186,1951.008761,2139.886360
5187,1951.631836,2138.604537
5188,1951.631836,2138.886063
5189,1951.631836,2140.129334
5190,1952.284483,2141.975147
5191,1952.907356,2140.065663
5192,1952.907356,2140.090041
5193,1953.414597,2142.141984
5194,1954.109104,2146.588746
5195,1954.109104,2142.466876
5196,1957.061152,2142.450173
5197,1957.061152,2142.476715
5198,1957.530981,2143.837503
5199,1957.666553,2145.051336
5200,1957.776855,2146.407998
5201,1957.776855,2145.256629
5202,1957.776855,2145.279593
5203,1958.071996,2146.303764
5204,1960.782422,2146.728543
5205,1960.782422,2152.269257
5206,1960.978995,2147.001161
5207,1960.978995,2148.069100
5208,1960.978995,2148.923958
5209,1960.978995,2148.247373
5210,1961.883276,2148.928771
5211,1961.883276,2153.698322
5212,1962.255086,2151.758709
5213,1962.320014,2154.000174
5214,1962.320014,2154.746925
5215,1962.986580,2152.433320
5216,1962.986580,2153.719828
5217,1962.986580,2153.930231
5218,1963.252273,2157.279667
5219,1963.252273,2154.372796
5220,1964.013087,2159.867550
5221,1964.434008,2154.921594
5222,1964.550477,2154.855151
5223,1965.230828,2155.915691
5224,1965.372029,2156.597728
5225,1967.479692,2158.074416
5226,1967.479692,2156.669911
5227,1967.850543,2158.738136
5228,1968.277936,2158.584866
5229,1968.277936,2159.915835
5230,1968.684135,2158.828730
5231,1968.914423,2158.772211
5232,1968.914423,2161.977438
5233,1968.914423,2161.089877
5234,1968.914423,2161.462266
5235,1968.914423,2160.135067
5236,1969.074412,2161.289271
5237,1969.074412,2162.755107
5238,1969.074412,2161.649438
5239,1969.074412,2170.236035
5240,1969.674846,2162.548147
5241,1969.674846,2163.341364
5242,1969.674846,2163.069761
5243,1969.674846,2165.125660
5244,1969.674846,2163.600125
5245,1970.611247,2163.430232
5246,1970.739562,2165.202948
5247,1970.914610,2164.799797
5248,1970.914610,2165.886831
5249,1972.576409,2167.306629
5250,1972.624882,2166.134137
5251,1972.624882,2165.937239
5252,1972.624882,2167.411905
5253,1973.871251,2166.906549
5254,1974.539935,2168.629350
5255,1975.362244,2168.924372
5256,1977.851318,2167.758448
5257,1977.851318,2168.979097
5258,1978.509878,2170.694448
5259,1978.509878,2173.170376
5260,1978.509878,2169.076580
5261,1978.509878,2173.503736
5262,1978.509878,2171.846131
5263,1979.324870,2170.825090
5264,1979.649152,2171.196349
5265,1980.391774,2173.362935
5266,1981.555106,2174.487748
5267,1983.660689,2176.201360
5268,1983.660689,2174.977682
5269,1983.859978,2174.885535
5270,1983.859978,2177.636135
5271,1983.859978,2174.954157
5272,1983.859978,2175.306606
5273,1984.598118,2176.866198
5274,1984.598118,2175.326106
5275,1984.598118,2175.978026
5276,1984.728162,2177.104929
5277,1984.728162,2177.025402
5278,1985.478396,2178.077873
5279,1987.098761,2179.810945
5280,1987.098761,2177.222391
5281,1987.285041,2178.474711
5282,1989.253083,2178.281720
5283,1989.958184,2185.258509
5284,1989.958184,2178.617002
5285,1989.958184,2180.180932
5286,1989.958184,2180.012486
5287,1990.484318,2196.585715
5288,1990.484318,2180.939637
5289,1990.551717,2182.837918
5290,1990.941493,2191.139210
5291,1990.941493,2183.656889
5292,1991.740174,2184.321398
5293,1992.220317,2184.482032
5294,1993.223125,2185.531864
5295,1993.442359,2185.982918
5296,1993.931638,2185.685444
5297,1994.032637,2187.837784
5298,1994.032637,2189.684410
5299,1994.032637,2188.807053
5300,1994.183597,2191.238867
5301,1994.183597,2194.218434
5302,1994.183597,2194.180085
5303,1994.183597,2192.125383
5304,1995.757171,2192.249236
5305,1996.162266,2192.603604
5306,1996.216970,2195.730163
5307,1998.893000,2194.572279
5308,1998.893000,2196.156167
5309,1999.788806,2200.721172
5310,1999.788806,2198.968289
5311,1999.788806,2197.945263
5312,1999.927929,2197.425874
5313,2001.025675,2199.226487
5314,2001.547967,2202.823459
5315,2001.547967,2203.257391
5316,2002.012437,2200.379488
5317,2002.012437,2204.019267
5318,2002.090277,2207.165156
5319,2002.659063,2203.356086
5320,2002.909058,2204.008093
5321,2003.293436,2203.550623
5322,2003.293436,2205.173276
5323,2003.293436,2205.678071
5324,2004.021458,2209.450113
5325,2004.476571,2206.382951
5326,2004.476571,2207.095058
5327,2004.478925,2207.010449
5328,2004.745599,2211.139455
5329,2005.077470,2208.360245
5330,2006.222326,2209.984046
5331,2006.325538,2209.341278
5332,2007.004240,2210.455545
5333,2007.004240,2214.636686
5334,2007.004240,2213.793174
5335,2007.004240,2210.511879
5336,2007.117607,2210.654492
5337,2008.540417,2210.688632
5338,2009.884296,2212.166297
5339,2009.884296,2212.207859
5340,2009.884296,2212.193939
5341,2009.884296,2213.854759
5342,2009.884296,2212.335322
5343,2009.884296,2215.402272
5344,2011.789650,2217.047792
5345,2011.921093,2214.046175
5346,2012.686857,2214.385419
5347,2012.686857,2215.956015
5348,2012.686857,2216.466950
5349,2012.686857,2215.448114
5350,2013.266060,2216.445891
5351,2013.266060,2217.777007
5352,2013.266060,2216.954586
5353,2013.830218,2217.373507
5354,2014.727564,2220.131246
5355,2014.727564,2218.587387
5356,2014.727564,2221.929006
5357,2015.503144,2218.138944
5358,2015.503144,2219.192651
5359,2016.106035,2221.211390
5360,2016.106035,2219.590329
5361,2016.499107,2219.792429
5362,2017.066410,2221.416125
5363,2017.730956,2222.047049
5364,2017.807238,2227.380078
5365,2017.807238,2223.216404
5366,2017.807238,2227.384954
5367,2017.807238,2222.533176
5368,2017.807238,2224.073464
5369,2017.807238,2223.842800
5370,2018.479960,2225.255474
5371,2018.906453,2225.469357
5372,2019.303794,2225.507759
5373,2019.910849,2225.618331
5374,2019.910849,2226.129305
5375,2020.026827,2227.399149
5376,2020.026827,2226.590152
5377,2021.399969,2228.992590
5378,2021.399969,2228.042649
5379,2021.399969,2230.388717
5380,2021.399969,2229.136027
5381,2022.407357,2230.436486
5382,2022.525718,2229.562158
5383,2023.306539,2229.581525
5384,2023.306539,2233.292280
5385,2023.411123,2231.721116
5386,2023.411123,2233.388970
5387,2024.669047,2232.810469
5388,2024.669047,2232.379035
5389,2025.026299,2233.907995
5390,2025.026299,2237.120228
5391,2025.026299,2233.678113
5392,2025.026299,2235.820102
5393,2025.314927,2234.201745
5394,2025.314927,2235.354067
5395,2025.314927,2234.397164
5396,2025.732134,2236.329808
5397,2026.321580,2241.721330
5398,2026.956102,2235.980796
5399,2026.956102,2240.582821
5400,2027.773614,2236.798425
5401,2028.553784,2239.373089
5402,2028.729737,2240.428997
5403,2028.729737,2241.235101
5404,2028.729737,2243.460253
5405,2028.729737,2243.819066
5406,2028.729737,2244.370011
5407,2028.729737,2244.873222
5408,2029.915397,2247.414910
5409,2029.915397,2244.704923
5410,2029.915397,2244.774837
5411,2030.139486,2251.235884
5412,2030.271895,2245.579362
5413,2031.485243,2247.372438
5414,2031.485243,2245.859746
5415,2031.485243,2246.772712
5416,2031.724385,2247.204737
5417,2031.989915,2248.887587
5418,2031.989915,2247.530625
5419,2032.081748,2247.482137
5420,2032.081748,2252.645702
5421,2032.081748,2249.761968
5422,2032.081748,2249.386855
5423,2032.081748,2249.518919
5424,2032.091299,2249.992924
5425,2032.091299,2249.786040
5426,2032.860939,2252.340516
5427,2035.058530,2251.954534
5428,2035.960132,2254.036861
5429,2037.798103,2252.563254
5430,2037.798103,2252.713882
5431,2038.503076,2253.132503
5432,2038.994416,2253.625826
5433,2039.358570,2254.530971
5434,2039.792681,2254.278931
5435,2039.792681,2257.126444
5436,2039.792681,2263.704035
5437,2039.914734,2255.081955
5438,2039.914734,2254.926162
5439,2040.720639,2256.934421
5440,2040.720639,2255.522140
5441,2041.498791,2256.409597
5442,2043.597429,2257.311710
5443,2043.597429,2256.967008
5444,2043.597429,2260.102475
5445,2043.597429,2261.419230
5446,2043.958295,2257.805034
5447,2044.511319,2258.665815
5448,2044.511319,2259.980071
5449,2046.077858,2260.718131
5450,2046.077858,2262.500201
5451,2046.077858,2263.826034
5452,2046.077858,2270.687345
5453,2046.077858,2265.207055
5454,2046.077858,2263.835737
5455,2046.266278,2264.735806
5456,2048.030475,2267.281122
5457,2048.030475,2266.272720
5458,2048.190144,2266.268780
5459,2048.433790,2267.993485
5460,2048.433790,2266.396207
5461,2049.092821,2266.890371
5462,2049.715504,2266.917441
5463,2049.730202,2267.904813
5464,2049.927365,2268.529096
5465,2050.741506,2268.653072
5466,2050.741506,2268.881698
5467,2050.741506,2269.324904
5468,2051.290609,2269.254415
5469,2051.290609,2269.066669
5470,2051.290609,2269.610007
5471,2053.713671,2269.329189
5472,2055.150437,2276.385618
5473,2055.164214,2269.404383
5474,2057.137992,2269.789116
5475,2057.137992,2271.654445
5476,2058.357907,2269.905914
5477,2058.869237,2274.817948
5478,2059.012977,2272.177402
5479,2059.012977,2273.203149
5480,2059.331771,2273.921243
5481,2059.814500,2275.272816
5482,2059.814500,2276.226697
5483,2059.839874,2275.004720
5484,2059.839874,2275.305846
5485,2059.839874,2280.102737
5486,2060.368147,2275.543813
5487,2061.025292,2276.808148
5488,2062.623202,2280.038895
5489,2062.623202,2276.569306
5490,2063.095990,2284.546630
5491,2063.685139,2277.816654
5492,2064.209735,2279.128834
5493,2064.209735,2279.483483
5494,2064.209735,2281.043336
5495,2064.209735,2282.654467
5496,2064.209735,2282.126857
5497,2064.209735,2281.066705
5498,2064.209735,2281.172853
5499,2066.189155,2282.149756
5500,2066.189155,2285.909532
5501,2067.208650,2282.557679
5502,2067.208650,2282.783234
5503,2067.208650,2282.842764
5504,2067.494690,2285.428291
5505,2067.494690,2283.106335
5506,2067.494690,2283.126639
5507,2067.494690,2283.717762
5508,2069.161438,2283.720540
5509,2069.414437,2288.510893
5510,2069.462825,2285.336068
5511,2069.462825,2286.453676
5512,2069.476419,2285.465083
5513,2071.725430,2286.575374
5514,2071.965141,2286.771045
5515,2072.613842,2287.729419
5516,2072.613842,2287.307521
5517,2072.613842,2290.793111
5518,2074.325965,2287.517397
5519,2074.325965,2288.599099
5520,2074.325965,2291.984961
5521,2074.325965,2292.278363
5522,2074.959600,2289.309743
5523,2075.162713,2290.648753
5524,2075.211071,2290.794309
5525,2075.211071,2291.562578
5526,2075.211071,2291.781165
5527,2076.167852,2291.960349
5528,2076.167852,2293.598516
5529,2076.170785,2293.167695
5530,2076.170785,2295.989569
5531,2076.255876,2292.910673
5532,2076.255876,2301.341470
5533,2076.255876,2294.481267
5534,2078.204916,2293.733305
5535,2078.204916,2293.917688
5536,2079.002845,2296.804999
5537,2079.002845,2297.447331
5538,2079.383079,2299.476740
5539,2079.642132,2297.449095
5540,2081.092993,2304.424032
5541,2081.854401,2298.760438
5542,2082.748452,2298.819744
5543,2082.833619,2299.363346
5544,2083.835000,2300.212214
5545,2083.835000,2299.955268
5546,2083.835000,2299.990610
5547,2083.835000,2301.103703
5548,2083.922929,2302.085962
5549,2083.922929,2301.580838
5550,2083.922929,2306.788640
5551,2084.625769,2302.796058
5552,2084.893556,2303.495373
5553,2085.439379,2307.885271
5554,2085.439379,2303.752146
5555,2085.439379,2303.854882
5556,2085.439379,2304.005115
5557,2085.439379,2304.428567
5558,2085.840941,2304.514424
5559,2085.840941,2305.028167
5560,2086.073286,2307.355764
5561,2087.006730,2305.172530
5562,2087.006730,2305.381019
5563,2087.241077,2305.823704
5564,2087.315426,2307.006825
5565,2087.315426,2307.575932
5566,2087.315426,2307.606175
5567,2089.918743,2309.642420
5568,2090.484416,2308.592195
5569,2091.015260,2308.186314
5570,2091.410585,2310.366093
5571,2091.410585,2312.567097
5572,2091.998646,2309.610039
5573,2091.998646,2310.030013
5574,2091.998646,2311.124864
5575,2092.768000,2311.198457
5576,2094.026093,2313.464718
5577,2094.781513,2312.063852
5578,2096.282873,2311.205011
5579,2096.282873,2315.655565
5580,2096.282873,2313.585206
5581,2096.771353,2313.464783
5582,2096.771353,2314.272218
5583,2096.953457,2313.949594
5584,2097.025773,2318.059127
5585,2098.892884,2314.372710
5586,2098.892884,2315.714742
5587,2098.892884,2314.742307
5588,2098.892884,2317.117783
5589,2098.990992,2319.786071
5590,2100.430958,2321.959884
5591,2102.550620,2318.349022
5592,2105.435208,2320.342502
5593,2106.034272,2318.801614
5594,2106.034272,2319.625153
5595,2107.935170,2320.429757
5596,2108.573160,2326.646194
5597,2108.573160,2320.360463
5598,2108.733626,2322.377672
5599,2108.733626,2320.862541
5600,2108.733626,2321.928251
5601,2108.733626,2322.303256
5602,2108.733626,2324.489854
5603,2108.733626,2322.317815
5604,2108.733626,2322.758360
5605,2109.247356,2322.876007
5606,2109.247356,2323.781474
5607,2109.788265,2323.466495
5608,2109.788265,2323.824102
5609,2109.788265,2325.178213
5610,2109.788265,2330.982331
5611,2109.788265,2328.916236
5612,2109.788265,2326.656343
5613,2110.752685,2329.003153
5614,2111.307007,2327.500314
5615,2112.394241,2330.094712
5616,2112.904714,2334.230452
5617,2113.358460,2331.818638
5618,2113.358460,2330.180615
5619,2113.358460,2330.745220
5620,2114.646886,2333.846300
5621,2114.646886,2332.288426
5622,2114.646886,2333.357133
5623,2114.646886,2333.533815
5624,2114.646886,2334.009534
5625,2115.801189,2333.541465
5626,2116.138839,2338.345070
5627,2116.138839,2334.868565
5628,2116.320477,2342.203091
5629,2116.661887,2335.329374
5630,2116.661887,2334.887920
5631,2119.590398,2335.638550
5632,2119.590398,2341.426168
5633,2119.590398,2336.988519
5634,2119.590398,2337.016746
5635,2119.590398,2337.842675
5636,2120.001858,2338.318167
5637,2120.001858,2338.392358
5638,2120.399126,2340.517241
5639,2120.399126,2341.755870
5640,2120.399126,2341.045385
5641,2120.399126,2343.728575
5642,2120.399126,2348.316825
5643,2120.906666,2344.475428
5644,2122.536831,2343.128106
5645,2122.834913,2352.551708
5646,2123.316145,2344.333548
5647,2123.316145,2345.237320
5648,2124.304620,2344.613729
5649,2124.512924,2344.796340
5650,2124.512924,2345.767868
5651,2124.512924,2346.378595
5652,2124.761346,2346.777652
5653,2126.163818,2347.655149
5654,2126.997523,2346.986902
5655,2126.997523,2347.014094
5656,2128.739686,2347.952144
5657,2129.265905,2348.031455
5658,2129.437363,2348.206962
5659,2129.437363,2349.177172
5660,2130.398474,2348.750822
5661,2131.479743,2351.533348
5662,2131.643761,2349.212164
5663,2132.524609,2352.752151
5664,2132.524609,2349.251153
5665,2132.524609,2350.126725
5666,2132.524609,2351.558145
5667,2133.240766,2357.786997
5668,2133.364957,2351.745929
5669,2133.364957,2352.167250
5670,2133.364957,2353.128180
5671,2133.364957,2355.045438
5672,2133.364957,2353.676916
5673,2133.364957,2354.049836
5674,2133.364957,2354.278500
5675,2133.364957,2355.955043
5676,2133.364957,2354.405507
5677,2133.364957,2354.900320
5678,2134.317411,2354.985085
5679,2134.838826,2355.569567
5680,2135.881544,2360.921355
5681,2135.881544,2357.217302
5682,2135.933295,2357.147468
5683,2135.933295,2359.291877
5684,2135.933295,2359.801647
5685,2136.665593,2360.802270
5686,2136.665593,2359.667413
5687,2136.775770,2359.779863
5688,2136.775770,2360.279938
5689,2137.663266,2360.125572
5690,2137.992553,2360.336684
5691,2137.992553,2361.901872
5692,2138.514972,2360.637654
5693,2138.514972,2361.122498
5694,2138.552629,2361.586547
5695,2138.552629,2361.262907
5696,2139.192600,2361.702338
5697,2139.929416,2365.381424
5698,2141.188989,2364.748832
5699,2141.485342,2365.970410
5700,2141.485342,2363.312924
5701,2141.899702,2368.729657
5702,2142.288841,2364.924364
5703,2142.720332,2375.339005
5704,2142.720332,2367.763025
5705,2143.311597,2366.257148
5706,2143.597612,2368.614066
5707,2144.260464,2369.673769
5708,2145.022132,2371.301126
5709,2145.777877,2369.314291
5710,2145.777877,2369.490295
5711,2146.589630,2369.512476
5712,2146.838567,2370.821487
5713,2149.061826,2374.093805
5714,2149.061826,2371.688987
5715,2149.061826,2373.020058
5716,2149.334795,2374.735525
5717,2150.459557,2373.096248
5718,2151.355057,2374.701993
5719,2151.355057,2374.408142
5720,2151.667297,2389.382533
5721,2151.667297,2376.635935
5722,2151.667297,2374.838571
5723,2151.667297,2376.923200
5724,2151.667297,2376.566338
5725,2151.667297,2382.402644
5726,2151.667297,2376.836060
5727,2151.667297,2378.081342
5728,2151.667297,2377.736160
5729,2152.738406,2378.435203
5730,2152.738406,2378.108991
5731,2152.738406,2378.344796
5732,2153.254337,2380.743545
5733,2155.476528,2379.134900
5734,2156.417745,2380.877951
5735,2156.417745,2381.061803
5736,2156.417745,2381.184399
5737,2156.417745,2381.214852
5738,2156.417745,2381.198981
5739,2157.788999,2381.696469
5740,2157.788999,2383.542446
5741,2158.220490,2382.375986
5742,2158.750431,2382.931687
5743,2158.750431,2384.441261
5744,2158.750431,2384.371923
5745,2158.750431,2384.891112
5746,2162.078299,2384.852525
5747,2162.154729,2385.698113
5748,2162.154729,2384.889832
5749,2162.154729,2385.942760
5750,2164.656940,2389.694706
5751,2165.218313,2386.056696
5752,2165.523995,2386.901862
5753,2165.523995,2387.814914
5754,2165.523995,2387.994567
5755,2165.523995,2388.741496
5756,2166.079205,2390.642901
5757,2166.079205,2390.267577
5758,2167.080396,2390.813446
5759,2167.080396,2389.952825
5760,2167.080396,2391.685371
5761,2167.448367,2394.598568
5762,2167.448367,2391.460273
5763,2167.448367,2392.289265
5764,2167.448367,2391.894851
5765,2167.448367,2391.854789
5766,2168.147781,2394.329473
5767,2169.563629,2392.399484
5768,2170.953506,2395.233448
5769,2171.303664,2392.759667
5770,2171.807402,2394.227533
5771,2173.431114,2394.746945
5772,2173.431114,2394.727566
5773,2175.010256,2395.151254
5774,2175.010256,2396.288321
5775,2175.010256,2394.749324
5776,2175.426622,2395.764746
5777,2175.595745,2397.480471
5778,2175.595745,2396.073092
5779,2175.679876,2397.423956
5780,2178.387684,2396.724791
5781,2178.387684,2397.614483
5782,2178.387684,2403.044199
5783,2178.387684,2397.951367
5784,2178.387684,2405.379634
5785,2178.387684,2404.178909
5786,2178.645967,2398.612909
5787,2178.645967,2399.721453
5788,2179.683337,2400.128253
5789,2179.983794,2401.752230
5790,2181.486177,2402.138210
5791,2182.386895,2402.538507
5792,2182.461742,2403.116658
5793,2182.461742,2407.627069
5794,2182.461742,2404.120224
5795,2182.461742,2405.330323
5796,2183.112976,2404.545074
5797,2183.255631,2408.329087
5798,2183.453051,2409.943062
5799,2183.453051,2409.263259
5800,2183.453051,2408.133388
5801,2183.453051,2408.535375
5802,2183.453051,2409.504068
5803,2184.458679,2415.169425
5804,2184.458679,2409.424368
5805,2184.458679,2411.429298
5806,2184.458679,2410.473151
5807,2184.458679,2411.339445
5808,2184.881265,2411.478555
5809,2185.103131,2413.109165
5810,2185.402196,2415.866327
5811,2185.402196,2411.738580
5812,2185.649487,2412.513402
5813,2185.649487,2412.618160
5814,2185.649487,2413.828356
5815,2186.010575,2416.015240
5816,2186.505381,2416.415178
5817,2186.505381,2417.082906
5818,2186.505381,2421.262334
5819,2187.373880,2416.849409
5820,2187.923448,2417.134554
5821,2187.923448,2417.059469
5822,2187.923448,2417.978080
5823,2188.288262,2417.482132
5824,2188.625891,2417.413359
5825,2188.625891,2420.302496
5826,2188.818799,2421.329285
5827,2191.097780,2419.986190
5828,2191.097780,2421.291801
5829,2192.258480,2420.627697
5830,2192.258480,2420.729731
5831,2192.258480,2421.537971
5832,2192.620832,2428.775843
5833,2192.626568,2421.959081
5834,2192.894447,2428.183430
5835,2192.894447,2426.874192
5836,2192.894447,2422.063715
5837,2192.894447,2422.191377
5838,2193.652392,2422.874063
5839,2194.241821,2423.906108
5840,2194.689642,2424.049445
5841,2195.143422,2424.862008
5842,2196.425438,2426.800019
5843,2196.425438,2426.891854
5844,2196.425438,2427.335087
5845,2196.425438,2427.974717
5846,2196.425438,2427.721903
5847,2196.579459,2429.591405
5848,2196.744633,2428.974815
5849,2196.744633,2430.281434
5850,2196.744633,2431.810439
5851,2197.429349,2432.454777
5852,2197.429349,2430.190577
5853,2198.034318,2430.632161
5854,2198.238495,2431.691968
5855,2198.354056,2431.536627
5856,2198.708515,2432.146888
5857,2198.708515,2434.741523
5858,2198.976163,2432.247858
5859,2199.719644,2436.149345
5860,2199.822282,2434.475188
5861,2200.234833,2433.139209
5862,2200.924767,2433.508217
5863,2200.924767,2437.411272
5864,2200.924767,2436.701165
5865,2200.924767,2435.686365
5866,2201.735572,2436.852895
5867,2204.976605,2436.250521
5868,2204.976605,2437.252892
5869,2205.125258,2440.098014
5870,2205.994993,2441.107737
5871,2206.723199,2438.854563
5872,2207.530503,2439.464614
5873,2207.530503,2438.887184
5874,2208.450156,2440.038285
5875,2209.586962,2439.698874
5876,2209.586962,2441.401499
5877,2209.586962,2440.336090
5878,2209.961222,2440.967828
5879,2209.961222,2441.415217
5880,2209.961222,2445.802029
5881,2209.961222,2441.960247
5882,2209.961222,2441.671403
5883,2209.961222,2442.248619
5884,2209.961222,2441.882774
5885,2210.737651,2442.159356
5886,2210.801049,2441.975444
5887,2211.007200,2442.143044
5888,2211.007200,2450.148019
5889,2211.007200,2442.880869
5890,2211.356646,2442.527221
5891,2211.356646,2443.407675
5892,2211.356646,2443.506536
5893,2211.356646,2446.315753
5894,2211.384127,2444.143280
5895,2213.280818,2444.178397
5896,2213.288137,2444.822794
5897,2213.288137,2445.694826
5898,2213.288137,2445.913557
5899,2213.528524,2446.485369
5900,2213.562677,2451.599155
5901,2213.562677,2446.438055
5902,2213.562677,2446.904461
5903,2213.680300,2450.167176
5904,2213.680300,2447.260292
5905,2215.295097,2447.296136
5906,2216.171220,2447.712830
5907,2216.171220,2447.947170
5908,2216.171220,2447.951208
5909,2216.171220,2449.507216
5910,2216.171220,2449.873664
5911,2216.171220,2450.671256
5912,2216.171220,2450.651645
5913,2216.171220,2454.408261
5914,2216.189894,2454.059607
5915,2219.470445,2450.708021
5916,2219.470445,2451.583697
5917,2219.470445,2452.989578
5918,2219.691680,2452.922569
5919,2219.691680,2453.804283
5920,2221.189287,2454.615165
5921,2221.704644,2454.299009
5922,2221.704644,2455.293866
5923,2221.704644,2455.169667
5924,2221.704644,2457.703455
5925,2221.704644,2455.387168
5926,2221.704644,2455.497398
5927,2221.704644,2455.574214
5928,2221.704644,2455.800772
5929,2222.615672,2455.918214
5930,2224.246470,2459.774236
5931,2224.343445,2456.520801
5932,2226.001917,2456.423090
5933,2226.001917,2456.884784
5934,2226.200696,2456.991643
5935,2226.796283,2459.914563
5936,2229.060611,2458.317181
5937,2229.237937,2457.782986
5938,2229.237937,2458.448275
5939,2229.237937,2458.462412
5940,2229.237937,2459.128439
5941,2229.831264,2459.146464
5942,2229.831264,2459.662413
5943,2229.831264,2459.561256
5944,2229.831264,2460.195141
5945,2229.994703,2460.092224
5946,2230.125242,2460.615232
5947,2230.125242,2460.336164
5948,2230.314407,2462.763600
5949,2230.314407,2461.126300
5950,2231.121182,2460.601290
5951,2231.183529,2460.830552
5952,2231.811093,2463.212416
5953,2231.811093,2461.891621
5954,2231.811093,2462.136404
5955,2231.811093,2461.925084
5956,2231.811093,2465.686711
5957,2231.991385,2462.183620
5958,2231.991385,2463.636155
5959,2231.991385,2464.886703
5960,2232.172391,2465.339629
5961,2232.172391,2463.682652
5962,2234.575178,2464.195537
5963,2235.503943,2466.349562
5964,2235.503943,2478.128180
5965,2236.222348,2468.595385
5966,2237.021163,2466.149660
5967,2237.021163,2466.313871
5968,2237.087375,2466.632250
5969,2239.665483,2467.726995
5970,2240.377670,2467.021768
5971,2241.209230,2469.189115
5972,2241.209230,2469.959706
5973,2241.209230,2468.861617
5974,2241.865840,2472.806175
5975,2242.045505,2470.020475
5976,2242.153193,2470.191857
5977,2242.752225,2470.710853
5978,2242.928339,2471.804942
5979,2244.837070,2472.562734
5980,2248.128392,2472.704804
5981,2248.327994,2473.448390
5982,2248.327994,2473.191364
5983,2248.327994,2473.405099
5984,2249.240205,2475.828345
5985,2249.686362,2486.653569
5986,2249.686362,2475.731027
5987,2250.791434,2477.151425
5988,2250.791434,2477.549377
5989,2251.579393,2478.269067
5990,2251.852127,2479.402434
5991,2253.204398,2485.699235
5992,2253.242277,2478.348620
5993,2253.518680,2481.156667
5994,2253.518680,2481.532964
5995,2253.571653,2481.229064
5996,2253.580013,2482.099421
5997,2253.580013,2486.378185
5998,2253.853109,2482.450627
5999,2253.853109,2482.713025
6000,2255.414293,2483.577960
6001,2255.763794,2483.608396
6002,2255.763794,2483.717961
6003,2255.867587,2484.687664
6004,2256.180017,2484.739204
6005,2256.180017,2485.638257
6006,2256.313393,2487.944477
6007,2256.889273,2488.949225
6008,2258.426138,2486.387589
6009,2258.426138,2486.998045
6010,2258.426138,2492.378977
6011,2258.426138,2487.370657
6012,2258.737532,2491.491896
6013,2259.789785,2488.329914
6014,2260.528417,2488.679923
6015,2260.528417,2489.178595
6016,2260.753162,2491.121262
6017,2260.753162,2489.753396
6018,2260.753162,2490.030263
6019,2262.337472,2490.180631
6020,2262.337472,2492.837954
6021,2262.337472,2494.148620
6022,2264.344946,2495.216718
6023,2264.344946,2495.642244
6024,2264.344946,2493.639916
6025,2264.982784,2493.744112
6026,2266.271673,2493.990175
6027,2266.271673,2494.840990
6028,2266.271673,2496.576101
6029,2266.271673,2495.899933
6030,2267.945998,2495.584839
6031,2267.945998,2496.560753
6032,2267.955901,2497.546659
6033,2269.112370,2496.051969
6034,2269.533889,2501.693497
6035,2269.533889,2497.109970
6036,2270.224150,2499.136026
6037,2270.777325,2497.669942
6038,2271.372781,2497.640860
6039,2271.400774,2497.795326
6040,2271.400774,2498.922145
6041,2271.537525,2498.370802
6042,2272.423528,2503.474875
6043,2272.857859,2499.493990
6044,2272.857859,2499.164628
6045,2272.857859,2499.758636
6046,2272.860400,2502.388741
6047,2272.860400,2514.900689
6048,2272.860400,2503.052527
6049,2273.345499,2502.573705
6050,2273.345499,2505.805866
6051,2273.345499,2504.215493
6052,2273.345499,2508.242988
6053,2273.345499,2505.099015
6054,2274.347807,2505.792231
6055,2276.150355,2506.407900
6056,2276.150355,2505.821524
6057,2276.460733,2506.891485
6058,2276.460733,2507.527874
6059,2276.460733,2508.425150
6060,2277.142725,2511.284529
6061,2277.281448,2514.088545
6062,2277.281448,2510.335236
6063,2277.281448,2512.243821
6064,2277.281448,2515.604106
6065,2277.865455,2512.991329
6066,2277.865455,2514.252483
6067,2279.341156,2520.641111
6068,2279.341156,2514.383675
6069,2279.341156,2514.425514
6070,2280.322857,2516.108932
6071,2281.313640,2523.022459
6072,2281.313640,2516.757709
6073,2281.335222,2517.544419
6074,2281.919330,2519.429114
6075,2281.919330,2518.115871
6076,2281.919330,2520.991107
6077,2282.797465,2520.376411
6078,2282.797465,2520.404348
6079,2282.797465,2521.314054
6080,2282.797465,2523.277342
6081,2283.255926,2522.596506
6082,2283.255926,2521.387055
6083,2283.955465,2522.076124
6084,2283.955465,2524.597715
6085,2284.103034,2525.489052
6086,2286.630770,2524.052534
6087,2286.630770,2523.657637
6088,2286.630770,2525.802882
6089,2286.630770,2528.256287
6090,2286.630770,2525.563186
6091,2286.630770,2525.754928
6092,2286.630770,2525.683085
6093,2286.630770,2529.113729
6094,2291.421091,2527.406934
6095,2292.398520,2526.270814
6096,2292.398520,2534.626478
6097,2292.516984,2527.429186
6098,2294.220385,2527.495653
6099,2295.016541,2527.738822
6100,2295.100669,2528.493865
6101,2295.663053,2531.064477
6102,2295.663053,2533.320971
6103,2295.663053,2529.514117
6104,2295.663053,2532.190005
6105,2295.663053,2532.698805
6106,2295.663053,2533.713313
6107,2295.663053,2535.435486
6108,2296.158276,2538.230707
6109,2296.973704,2535.500942
6110,2296.973704,2537.039904
6111,2297.764194,2537.777092
6112,2297.764194,2535.507377
6113,2298.449440,2536.866291
6114,2298.986806,2541.102620
6115,2299.208375,2542.953598
6116,2299.446908,2538.607888
6117,2299.446908,2538.251921
6118,2299.446908,2540.263364
6119,2299.446908,2540.228356
6120,2299.446908,2541.028059
6121,2299.720969,2540.762557
6122,2299.720969,2541.223564
6123,2299.720969,2542.409169
6124,2300.784454,2541.624732
6125,2300.784454,2543.995231
6126,2300.784454,2542.399524
6127,2300.784454,2543.439920
6128,2300.784454,2545.435092
6129,2301.118152,2544.975348
6130,2301.577201,2544.590557
6131,2303.315392,2546.307855
6132,2303.315392,2545.752263
6133,2303.315392,2546.375710
6134,2305.879135,2546.351740
6135,2306.303949,2546.992959
6136,2307.722899,2547.368710
6137,2308.635230,2552.450565
6138,2308.635230,2548.550180
6139,2308.635230,2546.994230
6140,2309.348866,2548.044503
6141,2309.348866,2548.477078
6142,2310.191618,2549.041880
6143,2310.191618,2549.739332
6144,2310.191618,2551.142014
6145,2310.644796,2554.126609
6146,2311.500490,2551.333540
6147,2311.593006,2551.587461
6148,2314.482147,2552.747630
6149,2315.591008,2551.708593
6150,2315.591008,2552.612261
6151,2315.591008,2554.051668
6152,2315.591008,2553.285613
6153,2315.824062,2553.580817
6154,2315.824062,2558.424984
6155,2316.298572,2556.807664
6156,2318.088000,2554.255600
6157,2318.994289,2558.833609
6158,2319.070485,2556.297263
6159,2319.471004,2557.152678
6160,2319.471004,2560.896567
6161,2319.471004,2557.797690
6162,2319.471004,2557.906630
6163,2319.471004,2558.680617
6164,2320.571145,2568.051600
6165,2320.571145,2569.114448
6166,2321.075346,2561.992708
6167,2321.222692,2561.528742
6168,2321.222692,2561.698036
6169,2321.222692,2563.035713
6170,2322.590458,2563.120113
6171,2322.590458,2563.791409
6172,2323.738474,2564.259414
6173,2324.053689,2564.035759
6174,2324.345748,2564.307137
6175,2325.737311,2565.126563
6176,2325.932470,2567.498125
6177,2325.932470,2567.099357
6178,2325.932470,2567.528603
6179,2326.081326,2571.341126
6180,2328.026986,2568.337563
6181,2328.026986,2568.126843
6182,2328.253851,2572.497781
6183,2328.582301,2569.869876
6184,2328.582301,2569.368943
6185,2328.668683,2572.112807
6186,2328.882228,2570.128346
6187,2328.882228,2571.569809
6188,2328.929494,2571.994508
6189,2328.929494,2573.036635
6190,2328.929494,2574.802094
6191,2328.929494,2573.286059
6192,2329.456038,2577.073012
6193,2329.456038,2573.880633
6194,2329.572719,2574.402960
6195,2329.992466,2575.432242
6196,2329.992466,2575.084149
6197,2330.921718,2575.162342
6198,2331.837318,2575.132443
6199,2333.055073,2580.853064
6200,2333.055073,2575.926328
6201,2333.055073,2575.607620
6202,2333.840755,2577.209949
6203,2333.952677,2579.581990
6204,2333.952677,2577.549333
6205,2334.123072,2577.814050
6206,2335.307185,2592.215403
6207,2335.307185,2577.928007
6208,2335.307185,2578.080180
6209,2335.307185,2578.829822
6210,2336.033698,2578.873588
6211,2336.033698,2581.441982
6212,2336.033698,2583.315806
6213,2336.033698,2583.669855
6214,2337.888193,2582.263378
6215,2337.888193,2584.811172
6216,2337.888193,2583.812461
6217,2337.888193,2585.864094
6218,2338.274808,2587.042371
6219,2338.274808,2585.568771
6220,2338.274808,2585.652290
6221,2338.274808,2585.811762
6222,2339.855518,2586.079900
6223,2340.130440,2587.429828
6224,2340.130440,2586.782143
6225,2340.810040,2586.976652
6226,2341.255985,2587.290919
6227,2342.201218,2588.027075
6228,2342.405259,2587.495289
6229,2342.405259,2589.839235
6230,2343.530172,2588.459886
6231,2343.553494,2588.564722
6232,2343.862605,2588.680857
6233,2343.896668,2590.246512
6234,2345.191374,2589.595994
6235,2345.191374,2590.935971
6236,2345.191374,2590.641583
6237,2347.769666,2590.989646
6238,2347.769666,2602.315968
6239,2348.656813,2591.913387
6240,2348.656813,2591.575621
6241,2348.656813,2594.256345
6242,2350.729918,2593.026251
6243,2350.729918,2593.734830
6244,2351.559949,2594.327843
6245,2351.559949,2594.006639
6246,2351.732463,2595.081915
6247,2352.052421,2597.880983
6248,2352.477143,2594.574410
6249,2353.865446,2595.937434
6250,2354.390412,2598.833557
6251,2354.390412,2596.273479
6252,2354.390412,2596.517976
6253,2355.519452,2596.768421
6254,2356.214079,2597.365292
6255,2356.214079,2597.905323
6256,2356.785598,2599.843671
6257,2356.785598,2599.378726
6258,2357.033460,2604.367533
6259,2357.033460,2599.609844
6260,2357.033460,2599.792500
6261,2357.033460,2601.230197
6262,2357.154092,2600.665723
6263,2357.154092,2600.975374
6264,2359.370546,2601.198007
6265,2361.391954,2601.725782
6266,2361.391954,2602.598636
6267,2361.486217,2605.626953
6268,2361.850414,2603.978431
6269,2362.652447,2603.173555
6270,2363.628916,2603.283322
6271,2363.761703,2604.747569
6272,2364.629977,2604.975069
6273,2364.629977,2605.354575
6274,2365.561046,2605.101362
6275,2366.372078,2606.044486
6276,2366.929452,2606.307828
6277,2366.929452,2606.025606
6278,2367.387863,2607.848512
6279,2367.387863,2606.490377
6280,2367.387863,2609.370374
6281,2367.387863,2606.678087
6282,2367.387863,2607.554025
6283,2367.387863,2606.696283
6284,2367.760949,2607.755395
6285,2368.532872,2612.707064
6286,2368.532872,2608.418031
6287,2368.532872,2610.162914
6288,2369.727361,2608.534443
6289,2369.727361,2608.684744
6290,2372.225838,2610.702503
6291,2372.461550,2610.026694
6292,2372.472913,2615.182944
6293,2376.718770,2610.986501
6294,2376.847117,2611.972034
6295,2377.681230,2614.133681
6296,2377.681230,2612.470100
6297,2378.451680,2613.139714
6298,2378.793526,2615.945390
6299,2378.793526,2613.398451
6300,2378.793526,2613.862900
6301,2380.652820,2614.475381
6302,2380.652820,2614.761385
6303,2380.652820,2615.448639
6304,2380.652820,2616.754570
6305,2380.652820,2615.303419
6306,2381.007725,2618.563379
6307,2381.331119,2617.514949
6308,2381.331119,2616.453369
6309,2381.331119,2619.510084
6310,2382.034929,2617.331018
6311,2382.034929,2618.297376
6312,2382.034929,2618.477695
6313,2383.039033,2618.918336
6314,2383.039033,2618.865432
6315,2383.039033,2620.564767
6316,2383.459420,2619.717809
6317,2383.536201,2621.605546
6318,2383.610378,2622.160375
6319,2383.610378,2619.982148
6320,2383.917464,2622.431652
6321,2386.331820,2624.827876
6322,2386.331820,2622.752103
6323,2386.850787,2622.670311
6324,2386.850787,2623.864528
6325,2386.850787,2628.903006
6326,2387.239803,2623.154735
6327,2388.288335,2626.351179
6328,2388.378641,2624.591946
6329,2390.035344,2626.040097
6330,2391.349769,2629.080875
6331,2392.320723,2626.719125
6332,2392.320723,2628.313883
6333,2392.636196,2626.837907
6334,2392.636196,2627.176452
6335,2393.532340,2627.852992
6336,2393.532340,2628.845376
6337,2393.532340,2628.720356
6338,2393.762674,2629.884883
6339,2393.762674,2629.419000
6340,2395.177488,2629.534270
6341,2395.177488,2632.862120
6342,2395.209051,2630.382924
6343,2395.869501,2630.039495
6344,2397.798720,2632.885421
6345,2397.798720,2631.779866
6346,2397.798720,2630.623644
6347,2398.934457,2630.799278
6348,2399.126261,2632.053438
6349,2399.126261,2632.418519
6350,2399.126261,2635.814152
6351,2399.365324,2632.794022
6352,2399.365324,2635.556467
6353,2399.828276,2634.525961
6354,2402.445613,2633.987056
6355,2402.445613,2634.648290
6356,2402.445613,2638.755426
6357,2402.445613,2635.653563
6358,2402.566404,2635.897985
6359,2404.267509,2636.195200
6360,2404.488700,2636.514095
6361,2404.488700,2637.340728
6362,2405.013709,2636.421234
6363,2405.897616,2638.039646
6364,2406.719531,2637.867115
6365,2406.719531,2637.649614
6366,2408.650162,2642.121970
6367,2410.761191,2640.080155
6368,2411.528413,2645.220354
6369,2411.528413,2641.883858
6370,2411.627644,2640.281283
6371,2411.627644,2640.942506
6372,2411.627644,2642.108919
6373,2411.627644,2643.923424
6374,2411.627644,2642.144742
6375,2412.156780,2647.355763
6376,2415.722501,2643.333388
6377,2415.825184,2643.879655
6378,2415.825184,2645.257677
6379,2415.825184,2644.179595
6380,2416.120655,2644.771910
6381,2416.838714,2644.792768
6382,2417.816413,2645.989968
6383,2418.476762,2646.663093
6384,2418.476762,2645.802404
6385,2419.291347,2645.853590
6386,2419.727096,2647.796061
6387,2419.727096,2646.051869
6388,2419.727096,2646.971641
6389,2419.727096,2647.317144
6390,2419.727096,2648.058115
6391,2420.064510,2649.062498
6392,2420.064510,2647.918576
6393,2420.064510,2649.710916
6394,2420.648344,2653.268975
6395,2421.431337,2649.071921
6396,2422.033014,2650.718546
6397,2422.033014,2650.014247
6398,2423.073769,2650.029650
6399,2423.156983,2653.442618
6400,2423.156983,2651.656176
6401,2423.156983,2651.095052
6402,2423.156983,2651.645277
6403,2424.494898,2653.627794
6404,2424.634979,2652.614122
6405,2424.634979,2653.407211
6406,2426.103231,2654.989280
6407,2426.103231,2653.967826
6408,2426.921363,2656.163112
6409,2427.267578,2653.792030
6410,2427.837868,2654.622433
6411,2428.166360,2654.028387
6412,2428.166360,2654.074097
6413,2428.528178,2654.515097
6414,2428.528178,2657.327955
6415,2428.528178,2654.903218
6416,2428.528178,2655.092584
6417,2428.528178,2655.122028
6418,2428.640649,2656.231992
6419,2428.640649,2660.695042
6420,2430.178165,2657.256639
6421,2430.589148,2658.123731
6422,2430.589148,2658.039190
6423,2430.589148,2657.632935
6424,2430.589148,2658.125176
6425,2430.589148,2659.221551
6426,2430.951149,2658.309796
6427,2430.951149,2658.892594
6428,2430.951149,2658.556044
6429,2430.961095,2658.739757
6430,2430.961095,2659.965084
6431,2430.961095,2659.615680
6432,2430.961095,2664.046243
6433,2431.442314,2659.854589
6434,2431.442314,2661.516532
6435,2431.558128,2660.668989
6436,2432.610618,2661.115750
6437,2433.096979,2670.402028
6438,2433.169359,2663.057125
6439,2433.169359,2661.948266
6440,2433.169359,2662.150469
6441,2433.362247,2662.578891
6442,2435.174906,2662.929352
6443,2435.174906,2664.096021
6444,2435.174906,2663.967117
6445,2435.174906,2665.900672
6446,2435.327167,2674.530518
6447,2435.489282,2664.617545
6448,2435.489282,2664.674559
6449,2435.489282,2665.164089
6450,2435.489282,2665.233146
6451,2435.489282,2666.947033
6452,2435.489282,2671.302089
6453,2436.674804,2667.034887
6454,2436.888236,2667.461370
6455,2436.888236,2668.047942
6456,2436.888236,2668.647170
6457,2436.888236,2668.651564
6458,2437.465638,2668.940446
6459,2437.465638,2669.994365
6460,2437.465638,2671.487342
6461,2437.611365,2682.255455
6462,2437.611365,2671.954529
6463,2437.611365,2671.876163
6464,2437.611365,2674.322479
6465,2437.611365,2671.994183
6466,2437.611365,2672.188614
6467,2438.001326,2678.362727
6468,2438.001326,2675.368503
6469,2438.001326,2675.921145
6470,2438.001326,2677.098662
6471,2438.470464,2677.655635
6472,2440.321333,2677.127104
6473,2440.737697,2678.215189
6474,2440.895119,2680.957299
6475,2440.895119,2678.827412
6476,2440.895119,2678.559307
6477,2440.895119,2679.983573
6478,2440.895119,2679.992474
6479,2440.895119,2681.464256
6480,2441.011340,2681.645714
6481,2441.011340,2686.138529
6482,2441.401560,2682.285531
6483,2442.316214,2683.404076
6484,2442.442015,2686.712219
6485,2442.807502,2682.573115
6486,2442.807502,2685.446015
6487,2442.807502,2685.608059
6488,2443.653988,2688.116248
6489,2444.198572,2686.089412
6490,2444.582573,2686.186328
6491,2447.942064,2686.777147
6492,2448.610118,2687.839225
6493,2450.727590,2692.732340
6494,2450.727590,2687.611749
6495,2450.727590,2690.264409
6496,2451.950246,2688.002038
6497,2452.188763,2688.472632
6498,2452.188763,2688.529104
6499,2452.314980,2688.771845
6500,2452.314980,2688.721790
6501,2452.738921,2690.671668
6502,2453.572315,2688.959765
6503,2453.572315,2689.634158
6504,2453.572315,2692.777213
6505,2454.273557,2693.625413
6506,2455.097967,2691.324140
6507,2455.309652,2694.755906
6508,2455.309652,2701.967733
6509,2455.638439,2693.116005
6510,2455.638439,2695.951380
6511,2457.809057,2698.687511
6512,2457.809057,2696.239871
6513,2457.809057,2696.167028
6514,2457.946563,2696.230051
6515,2458.418976,2696.249147
6516,2458.579586,2698.538227
6517,2459.105803,2696.650509
6518,2459.105803,2697.115998
6519,2459.105803,2697.341589
6520,2460.313318,2699.009140
6521,2460.313318,2699.313305
6522,2462.208276,2700.048148
6523,2462.208276,2700.214393
6524,2462.208276,2702.207458
6525,2462.538534,2707.346459
6526,2462.538534,2701.313922
6527,2462.538534,2701.791668
6528,2462.538534,2703.505384
6529,2462.538534,2705.217801
6530,2462.538534,2704.943490
6531,2462.538534,2703.622876
6532,2463.002127,2704.409334
6533,2464.348866,2705.698741
6534,2464.348866,2709.085327
6535,2464.348866,2706.570575
6536,2464.479499,2706.135654
6537,2465.429053,2706.158408
6538,2465.429053,2707.456444
6539,2465.429053,2712.818165
6540,2467.889531,2711.707049
6541,2467.889531,2710.057714
6542,2467.889531,2712.083800
6543,2467.889531,2710.872129
6544,2468.900564,2711.208678
6545,2468.900564,2711.448665
6546,2469.099283,2711.987783
6547,2469.756984,2720.631303
6548,2471.172223,2712.033408
6549,2471.172223,2712.911103
6550,2472.038496,2714.113084
6551,2472.038496,2714.815142
6552,2472.744796,2716.143191
6553,2474.087122,2714.869214
6554,2474.238504,2715.988809
6555,2474.238504,2718.250633
6556,2474.729147,2716.597384
6557,2474.729147,2718.663439
6558,2475.369578,2719.457066
6559,2475.369578,2718.951645
6560,2475.369578,2719.791996
6561,2475.713145,2725.931151
6562,2476.680902,2719.713271
6563,2476.680902,2722.414615
6564,2476.680902,2720.141595
6565,2477.050077,2720.664374
6566,2477.050077,2722.653005
6567,2477.050077,2722.780635
6568,2477.427454,2723.911764
6569,2477.589176,2723.769620
6570,2477.846386,2723.893300
6571,2477.846386,2723.960437
6572,2478.364267,2724.352999
6573,2478.364267,2727.444657
6574,2478.364267,2725.257453
6575,2478.364267,2724.713151
6576,2478.364267,2724.857638
6577,2478.364267,2724.863365
6578,2478.364267,2724.990582
6579,2478.674394,2725.241948
6580,2479.271830,2726.145655
6581,2479.271830,2729.551646
6582,2479.271830,2727.234256
6583,2480.096077,2727.613686
6584,2480.388963,2728.192682
6585,2480.388963,2732.901495
6586,2480.388963,2727.851573
6587,2482.569166,2728.493037
6588,2482.569166,2729.112546
6589,2482.762447,2728.543989
6590,2482.762447,2729.096442
6591,2484.062098,2734.207694
6592,2484.062098,2729.725717
6593,2484.379395,2730.860112
6594,2484.379395,2729.766860
6595,2484.389369,2732.025479
6596,2484.780256,2735.856797
6597,2484.780256,2733.757260
6598,2485.280645,2734.736008
6599,2485.280645,2733.915313
6600,2485.838610,2734.532778
6601,2486.851393,2734.912385
6602,2486.867476,2734.755325
6603,2486.867476,2738.660495
6604,2486.867476,2735.541580
6605,2486.919449,2735.662530
6606,2487.939665,2736.088857
6607,2487.939665,2735.996777
6608,2489.018766,2737.499743
6609,2489.018766,2736.453747
6610,2489.018766,2736.612894
6611,2489.097186,2736.664699
6612,2489.097186,2738.143754
6613,2489.628950,2737.725508
6614,2489.628950,2739.559279
6615,2489.628950,2737.802775
6616,2490.111818,2740.213695
6617,2490.111818,2738.170217
6618,2490.111818,2740.209060
6619,2490.660921,2741.113202
6620,2491.626454,2742.720743
6621,2491.626454,2742.006166
6622,2492.211821,2742.042214
6623,2492.732299,2750.624155
6624,2494.602390,2743.761673
6625,2494.602390,2745.130082
6626,2494.602390,2742.772137
6627,2494.602390,2752.880700
6628,2494.924131,2744.463822
6629,2495.023492,2746.548835
6630,2496.452194,2745.837746
6631,2496.452194,2747.189124
6632,2496.552070,2747.115724
6633,2496.552070,2747.588571
6634,2496.552070,2749.043169
6635,2497.005017,2747.771813
6636,2497.643787,2749.103466
6637,2497.643787,2750.719450
6638,2497.829833,2751.285338
6639,2498.317562,2752.486973
6640,2499.498748,2751.427503
6641,2501.468333,2752.996043
6642,2501.468333,2752.149413
6643,2503.230255,2752.306379
6644,2503.230255,2753.824472
6645,2503.230255,2753.428539
6646,2504.835110,2755.615417
6647,2504.835110,2753.427409
6648,2506.112914,2756.270969
6649,2506.363595,2754.991068
6650,2506.363595,2754.525923
6651,2506.363595,2755.789929
6652,2506.363595,2756.205909
6653,2506.999035,2757.298692
6654,2507.507239,2755.811468
6655,2507.623178,2755.946849
6656,2507.702018,2757.256379
6657,2507.757116,2756.459879
6658,2508.599226,2757.777237
6659,2508.599226,2759.100249
6660,2509.543814,2757.655648
6661,2509.543814,2760.417221
6662,2509.844981,2757.792290
6663,2510.219588,2758.747015
6664,2510.370951,2758.090448
6665,2510.490452,2760.052552
6666,2510.656044,2759.324900
6667,2512.294264,2759.895279
6668,2512.294264,2759.641758
6669,2512.294264,2760.885249
6670,2512.294264,2760.731941
6671,2512.294264,2760.522759
6672,2512.294264,2769.967301
6673,2512.294264,2763.416141
6674,2513.331013,2764.887976
6675,2513.331013,2761.176394
6676,2514.608882,2763.310453
6677,2515.157782,2764.173900
6678,2515.525269,2764.961844
6679,2515.525269,2764.487172
6680,2516.523262,2764.526181
6681,2516.523262,2765.062891
6682,2516.523262,2766.041794
6683,2517.471693,2765.204217
6684,2517.633280,2765.418061
6685,2517.633280,2765.989335
6686,2519.844961,2765.582895
6687,2519.844961,2765.712452
6688,2519.874369,2769.272080
6689,2520.753548,2766.959130
6690,2521.620180,2772.033040
6691,2522.126961,2768.269882
6692,2522.126961,2769.870671
6693,2522.126961,2772.117940
6694,2522.609520,2770.474192
6695,2523.304282,2771.279451
6696,2523.582213,2770.668525
6697,2523.582213,2771.666746
6698,2525.610527,2774.771243
6699,2526.604666,2772.667799
6700,2526.837039,2772.120754
6701,2527.158988,2773.413194
6702,2527.158988,2772.511731
6703,2527.158988,2780.906231
6704,2527.158988,2773.117904
6705,2527.304063,2773.824262
6706,2527.304063,2773.463267
6707,2527.304063,2773.882474
6708,2527.304063,2775.898607
6709,2527.339182,2773.935580
6710,2527.383557,2774.010200
6711,2527.753709,2775.007968
6712,2527.753709,2776.537196
6713,2528.230103,2775.401705
6714,2528.555705,2777.678635
6715,2528.555705,2780.271307
6716,2529.472259,2780.490730
6717,2529.684277,2780.428949
6718,2529.684277,2780.769936
6719,2529.781224,2780.644295
6720,2529.781224,2793.466591
6721,2531.056295,2780.655925
6722,2531.697691,2781.467034
6723,2531.705048,2781.169067
6724,2531.705048,2782.432279
6725,2532.386484,2782.037743
6726,2532.804805,2781.816135
6727,2532.804805,2782.321960
6728,2532.804805,2783.106813
6729,2533.337902,2784.981077
6730,2533.337902,2782.570633
6731,2533.337902,2783.834262
6732,2533.362546,2785.524631
6733,2534.058389,2790.184761
6734,2535.657704,2788.816108
6735,2535.657704,2785.845276
6736,2535.657704,2786.472462
6737,2535.657704,2787.147374
6738,2535.657704,2791.605002
6739,2535.657704,2790.525427
6740,2535.657704,2794.263538
6741,2536.448429,2790.569763
6742,2536.448429,2792.259001
6743,2537.444929,2791.777759
6744,2537.444929,2792.490103
6745,2537.907897,2792.473289
6746,2538.238712,2794.341086
6747,2538.238712,2794.166933
6748,2538.476783,2795.869257
6749,2538.476783,2795.566248
6750,2538.476783,2794.555779
6751,2539.118588,2794.426024
6752,2539.118588,2800.944559
6753,2540.278803,2797.586593
6754,2540.278803,2796.062745
6755,2540.856454,2796.024562
6756,2541.621888,2797.312955
6757,2542.639559,2799.270790
6758,2542.639559,2801.208820
6759,2542.639559,2801.271996
6760,2542.926974,2800.261796
6761,2546.024386,2802.126508
6762,2546.024386,2801.132957
6763,2546.326036,2801.702900
6764,2546.326036,2808.759320
6765,2546.328221,2802.044905
6766,2547.344257,2801.830760
6767,2548.959814,2808.308479
6768,2549.357396,2802.429421
6769,2549.357396,2803.858406
6770,2549.357396,2805.784646
6771,2549.547820,2803.999775
6772,2549.547820,2804.864290
6773,2549.547820,2805.273560
6774,2549.547820,2806.327002
6775,2549.627996,2808.511106
6776,2549.627996,2807.587477
6777,2549.627996,2807.711225
6778,2550.495095,2808.103754
6779,2550.784866,2808.139948
6780,2551.254050,2808.418796
6781,2551.462726,2808.880208
6782,2551.906964,2808.659193
6783,2555.077420,2811.697665
6784,2555.097820,2809.386596
6785,2555.097820,2810.649386
6786,2555.097820,2808.935828
6787,2555.097820,2809.287840
6788,2555.097820,2810.790815
6789,2555.828600,2809.578121
6790,2555.828600,2810.413517
6791,2555.828600,2813.898102
6792,2555.828600,2810.879780
6793,2555.970625,2811.191321
6794,2556.054923,2811.168799
6795,2556.180772,2813.464454
6796,2556.180772,2811.637233
6797,2557.096890,2814.332634
6798,2557.096890,2811.776399
6799,2557.096890,2815.529770
6800,2557.096890,2817.165623
6801,2558.607834,2816.516942
6802,2558.607834,2814.770191
6803,2558.707314,2815.585349
6804,2558.745460,2817.656617
6805,2558.745460,2818.666164
6806,2558.745460,2816.761455
6807,2558.745460,2818.559345
6808,2559.608033,2817.270480
6809,2559.608033,2817.411516
6810,2559.608033,2819.949158
6811,2560.004113,2820.183942
6812,2560.004113,2819.474176
6813,2561.025237,2820.380173
6814,2561.025237,2820.484996
6815,2561.502753,2820.343967
6816,2562.669022,2820.626824
6817,2562.669022,2821.494027
6818,2563.777114,2821.537487
6819,2563.777114,2822.219358
6820,2564.056594,2828.491063
6821,2564.056594,2822.189675
6822,2565.065344,2822.309460
6823,2565.333197,2825.095393
6824,2565.341022,2822.300569
6825,2565.403273,2823.064112
6826,2565.787651,2822.806286
6827,2565.787651,2823.019292
6828,2565.787651,2824.145024
6829,2565.787651,2823.220223
6830,2566.911789,2824.866255
6831,2566.911789,2824.386110
6832,2567.042342,2824.870248
6833,2567.419180,2824.911582
6834,2567.419180,2825.715901
6835,2569.313971,2825.363872
6836,2569.313971,2826.824834
6837,2569.378035,2826.463472
6838,2569.924653,2826.254491
6839,2570.453316,2826.307067
6840,2570.453316,2826.670357
6841,2570.453316,2829.037424
6842,2570.453316,2827.061160
6843,2571.584368,2829.272981
6844,2571.817479,2827.524352
6845,2571.962586,2830.586359
6846,2571.962586,2829.653694
6847,2571.962586,2829.699215
6848,2571.962586,2831.541770
6849,2572.254272,2831.369092
6850,2573.037996,2829.718318
6851,2573.037996,2832.570777
6852,2573.494440,2831.590953
6853,2573.981500,2832.567970
6854,2574.504409,2832.044282
6855,2574.504409,2834.316415
6856,2574.504409,2836.986284
6857,2575.432851,2845.139004
6858,2576.850832,2833.406202
6859,2576.850832,2833.805480
6860,2576.850832,2834.222782
6861,2576.850832,2834.632216
6862,2578.540370,2835.573817
6863,2578.838022,2835.143566
6864,2578.838022,2835.629878
6865,2578.838022,2835.820026
6866,2581.015724,2838.034154
6867,2581.015724,2836.244726
6868,2581.264429,2837.331350
6869,2581.264429,2842.042636
6870,2582.855732,2840.016858
6871,2582.940559,2838.592328
6872,2583.944543,2840.252196
6873,2583.944543,2843.928580
6874,2584.271110,2840.285256
6875,2584.337130,2841.090884
6876,2584.838400,2841.658073
6877,2584.911208,2841.700165
6878,2585.979078,2841.949548
6879,2586.967342,2844.286772
6880,2586.967342,2844.568607
6881,2588.760749,2845.070536
6882,2588.760749,2845.546942
6883,2588.760749,2844.935755
6884,2588.760749,2845.687192
6885,2588.760749,2846.586335
6886,2588.760749,2848.643450
6887,2588.828861,2845.604381
6888,2588.828861,2847.111212
6889,2588.828861,2846.830386
6890,2588.828861,2849.986418
6891,2588.828861,2857.585704
6892,2589.142334,2847.915026
6893,2589.254572,2849.062168
6894,2589.927230,2851.165506
6895,2589.927230,2849.753700
6896,2591.199661,2849.905823
6897,2594.058866,2850.457477
6898,2595.184891,2854.683566
6899,2595.184891,2852.252684
6900,2595.184891,2852.072941
6901,2595.184891,2852.079198
6902,2595.670543,2859.179068
6903,2596.556036,2853.381967
6904,2596.556036,2853.466479
6905,2596.689387,2854.429340
6906,2597.111281,2854.651937
6907,2602.040244,2855.322141
6908,2602.040244,2856.434479
6909,2602.040244,2856.370605
6910,2602.239285,2856.391686
6911,2602.239285,2856.433338
6912,2603.345519,2856.721817
6913,2603.345519,2856.677672
6914,2603.410567,2857.783407
6915,2604.573345,2858.402880
6916,2604.573345,2860.739548
6917,2604.573345,2857.890094
6918,2605.428124,2857.934184
6919,2605.428124,2858.050363
6920,2605.583370,2858.742092
6921,2606.086281,2858.544856
6922,2606.086281,2859.208981
6923,2606.171657,2859.658148
6924,2606.186984,2860.232723
6925,2606.186984,2859.290950
6926,2606.186984,2859.938974
6927,2606.186984,2862.178257
6928,2607.366145,2862.367086
6929,2607.366145,2862.139574
6930,2607.366145,2866.584637
6931,2607.366145,2867.473600
6932,2607.366145,2863.648501
6933,2607.366145,2862.942122
6934,2607.366145,2865.243203
6935,2609.622879,2868.174174
6936,2611.032972,2866.805201
6937,2611.195226,2870.211550
6938,2611.430619,2868.041543
6939,2611.789953,2869.704959
6940,2611.789953,2868.362348
6941,2613.021807,2868.814790
6942,2613.021807,2868.806956
6943,2613.145352,2869.548831
6944,2613.145352,2869.664399
6945,2614.913976,2871.827108
6946,2614.913976,2871.055518
6947,2614.913976,2869.973300
6948,2615.904153,2872.267774
6949,2615.904153,2875.083873
6950,2616.353199,2871.275370
6951,2617.042156,2871.383403
6952,2617.042156,2873.794946
6953,2617.224976,2872.062407
6954,2618.157852,2872.712980
6955,2621.330379,2873.995904
6956,2621.330379,2876.050579
6957,2621.330379,2877.145954
6958,2621.611502,2876.879348
6959,2621.611502,2879.170501
6960,2621.611502,2877.270500
6961,2621.842721,2878.650181
6962,2622.220139,2878.159426
6963,2623.327570,2879.009097
6964,2623.327570,2879.076264
6965,2624.725489,2884.806190
6966,2624.725489,2879.061596
6967,2625.123879,2879.216006
6968,2625.123879,2879.761720
6969,2625.406470,2880.353043
6970,2625.406470,2879.938649
6971,2625.406470,2879.826673
6972,2625.943068,2884.514666
6973,2625.943068,2880.106415
6974,2625.943068,2881.654096
6975,2626.919363,2880.636883
6976,2626.919363,2881.377582
6977,2627.379636,2885.732694
6978,2627.540121,2882.914772
6979,2627.540121,2883.653547
6980,2628.453631,2883.883247
6981,2628.453631,2884.550623
6982,2629.023797,2885.387972
6983,2629.023797,2884.731047
6984,2630.867230,2884.858900
6985,2630.867230,2895.119110
6986,2632.188293,2887.176544
6987,2632.309188,2888.422644
6988,2632.309188,2890.336727
6989,2633.285890,2887.299930
6990,2633.974684,2887.628671
6991,2634.760225,2887.961075
6992,2635.038664,2889.392820
6993,2636.279080,2890.252847
6994,2636.876456,2889.979166
6995,2637.883251,2892.126357
6996,2638.033682,2891.603544
6997,2638.033682,2890.574181
6998,2638.033682,2893.140458
6999,2638.046817,2892.348438
7000,2638.061105,2894.019139
7001,2638.061105,2892.946502
7002,2638.476801,2893.897560
7003,2638.556426,2894.888537
7004,2638.556426,2894.048239
7005,2638.556426,2894.919046
7006,2638.556426,2895.542354
7007,2638.556426,2898.013554
7008,2638.556426,2897.162378
7009,2638.556426,2898.675019
7010,2638.748662,2896.235233
7011,2638.748662,2900.652206
7012,2638.748662,2898.779592
7013,2638.799629,2900.067513
7014,2638.863754,2899.512076
7015,2639.107064,2899.863881
7016,2639.107064,2902.254535
7017,2639.822734,2900.803344
7018,2639.822734,2900.772314
7019,2639.822734,2901.572242
7020,2640.135094,2904.820424
7021,2640.135094,2901.530062
7022,2640.438758,2901.839225
7023,2640.449750,2903.185834
7024,2640.449750,2902.329797
7025,2640.568202,2906.908908
7026,2641.481782,2903.589636
7027,2642.282090,2903.393067
7028,2642.392179,2906.279841
7029,2644.201668,2904.338341
7030,2644.201668,2905.815490
7031,2645.585796,2909.502098
7032,2645.617409,2909.349595
7033,2645.617409,2908.321903
7034,2645.701238,2911.313106
7035,2645.701238,2911.322307
7036,2645.701238,2909.621356
7037,2645.701238,2909.891428
7038,2645.823522,2910.534413
7039,2645.823522,2912.910880
7040,2645.823522,2910.959160
7041,2645.823522,2910.970981
7042,2645.823522,2911.371872
7043,2646.367958,2911.375975
7044,2646.883611,2913.769060
7045,2647.292358,2911.852539
7046,2647.292358,2913.212844
7047,2647.292358,2914.302676
7048,2648.080753,2912.967014
7049,2648.080753,2917.068389
7050,2648.080753,2914.558879
7051,2649.034542,2915.557998
7052,2649.118798,2916.027241
7053,2650.219737,2917.277842
7054,2650.809714,2916.522609
7055,2650.809714,2916.430893
7056,2650.876969,2916.638935
7057,2650.876969,2916.618742
7058,2651.441740,2918.462940
7059,2651.441740,2916.798332
7060,2651.441740,2917.473292
7061,2651.441740,2919.096670
7062,2651.441740,2920.233769
7063,2652.708614,2918.102545
7064,2652.760357,2918.236068
7065,2652.887221,2918.300609
7066,2652.887221,2919.435211
7067,2652.887221,2918.850346
7068,2652.887221,2919.524069
7069,2652.887221,2919.753901
7070,2653.015892,2920.839243
7071,2653.015892,2920.847610
7072,2653.015892,2919.787010
7073,2653.560294,2922.148805
7074,2653.560995,2920.728531
7075,2653.560995,2922.968437
7076,2653.560995,2920.906133
7077,2654.265346,2921.376615
7078,2654.265346,2921.344978
7079,2654.265346,2921.703189
7080,2654.265346,2922.703685
7081,2655.350565,2921.906641
7082,2656.029528,2922.829302
7083,2656.029528,2926.046490
7084,2657.421586,2922.741463
7085,2657.582186,2922.910347
7086,2657.669559,2923.022136
7087,2657.669559,2923.639455
7088,2657.669559,2926.701743
7089,2657.856987,2923.061681
7090,2657.885949,2923.111429
7091,2657.885949,2923.226036
7092,2658.764574,2923.828617
7093,2661.037294,2925.487777
7094,2661.550197,2926.058514
7095,2661.550197,2927.172096
7096,2661.550197,2936.678986
7097,2661.550197,2926.620006
7098,2661.550197,2932.640553
7099,2661.550197,2930.520706
7100,2661.550197,2928.151942
7101,2662.763899,2928.872960
7102,2662.929133,2929.982476
7103,2663.966594,2932.019217
7104,2663.997711,2931.428208
7105,2663.997711,2933.433470
7106,2664.261484,2933.313644
7107,2664.261484,2933.562892
7108,2664.261484,2933.891450
7109,2664.261484,2935.753445
7110,2664.611930,2934.259972
7111,2664.611930,2937.144978
7112,2664.627655,2935.146524
7113,2664.627655,2936.403778
7114,2665.236605,2938.291903
7115,2665.236605,2936.733438
7116,2665.236605,2939.136052
7117,2665.236605,2936.878142
7118,2665.929930,2938.874092
7119,2665.929930,2937.582742
7120,2666.057262,2938.799078
7121,2666.057262,2938.976313
7122,2666.479004,2938.923600
7123,2666.479004,2939.876396
7124,2666.479004,2939.802796
7125,2666.479004,2941.975131
7126,2666.479004,2941.115411
7127,2666.479004,2940.713385
7128,2666.489956,2940.109384
7129,2666.489956,2940.474823
7130,2666.583205,2941.260625
7131,2666.583205,2941.563676
7132,2667.373572,2941.955997
7133,2667.373572,2942.127646
7134,2667.373572,2944.972087
7135,2667.373572,2942.049683
7136,2667.614829,2949.863222
7137,2668.003213,2947.991143
7138,2668.545049,2942.147328
7139,2669.460151,2945.705226
7140,2669.464886,2945.202408
7141,2670.624221,2947.913793
7142,2671.120027,2947.496050
7143,2671.120027,2948.654907
7144,2671.120027,2948.180491
7145,2671.120027,2950.874084
7146,2671.120027,2949.455318
7147,2671.146027,2950.806497
7148,2672.168916,2950.517733
7149,2673.144992,2952.084564
7150,2674.046325,2951.535268
7151,2674.046325,2951.000133
7152,2674.046325,2953.380997
7153,2674.345136,2951.036297
7154,2674.638963,2951.054655
7155,2675.007790,2951.659797
7156,2675.007790,2951.878803
7157,2675.641720,2951.666986
7158,2675.928904,2952.045165
7159,2677.474640,2952.140657
7160,2677.474640,2952.233410
7161,2677.474640,2954.084211
7162,2678.922946,2958.710447
7163,2679.058172,2957.986829
7164,2679.289632,2953.556329
7165,2679.289632,2954.034095
7166,2679.289632,2958.004568
7167,2679.289632,2954.203748
7168,2679.735779,2954.254691
7169,2680.439536,2954.257389
7170,2680.985575,2954.842091
7171,2680.985575,2956.904114
7172,2682.323095,2958.009741
7173,2682.323095,2958.892327
7174,2683.219580,2959.459801
7175,2683.234857,2962.813337
7176,2683.533046,2958.765603
7177,2684.699346,2958.920523
7178,2684.782080,2959.300286
7179,2684.782080,2959.179547
7180,2684.782080,2959.637960
7181,2685.621525,2959.493446
7182,2685.710753,2962.073814
7183,2685.710753,2959.608977
7184,2687.110083,2961.301060
7185,2687.148428,2960.664450
7186,2687.148428,2961.141726
7187,2687.786384,2962.150416
7188,2689.898544,2961.321860
7189,2690.543604,2962.018709
7190,2692.711856,2963.160410
7191,2693.230622,2963.356656
7192,2693.230622,2962.300393
7193,2693.230622,2962.950240
7194,2693.230622,2966.813319
7195,2693.534996,2963.340710
7196,2693.593624,2963.668335
7197,2693.871097,2966.920070
7198,2693.871097,2965.901450
7199,2693.871097,2964.040551
7200,2693.871097,2964.581990
7201,2694.986286,2965.106447
7202,2695.066636,2965.606953
7203,2695.066636,2966.919249
7204,2698.870395,2973.112321
7205,2702.031751,2973.453726
7206,2702.293217,2967.452532
7207,2702.293217,2968.727807
7208,2702.293217,2967.885630
7209,2702.293217,2969.143553
7210,2702.850337,2968.797497
7211,2702.850337,2970.767402
7212,2702.860789,2970.532398
7213,2703.350921,2970.595398
7214,2703.350921,2972.264122
7215,2703.618894,2971.682560
7216,2703.618894,2971.872453
7217,2703.842132,2978.299617
7218,2703.842132,2972.896040
7219,2704.066399,2973.405799
7220,2704.794096,2974.202298
7221,2704.794096,2973.515361
7222,2704.794096,2974.763995
7223,2704.794096,2973.848192
7224,2704.921235,2974.309033
7225,2705.863228,2974.240017
7226,2705.863228,2974.686104
7227,2706.634430,2974.425536
7228,2706.634430,2975.223405
7229,2706.648921,2982.897248
7230,2707.508245,2980.054078
7231,2707.897724,2976.298419
7232,2708.394739,2976.394309
7233,2708.441816,2978.180176
7234,2709.739073,2978.181117
7235,2709.739073,2978.315304
7236,2710.064378,2978.471850
7237,2711.036962,2978.559853
7238,2711.036962,2980.288046
7239,2711.458833,2979.807962
7240,2711.458833,2980.034580
7241,2711.748829,2980.754314
7242,2711.748829,2983.615343
7243,2711.748829,2980.327341
7244,2711.759008,2981.524384
7245,2711.759008,2980.890187
7246,2712.307584,2982.567955
7247,2712.307584,2981.902174
7248,2713.907405,2982.019039
7249,2713.907405,2982.398900
7250,2714.391243,2988.133428
7251,2714.407849,2983.151977
7252,2716.085422,2983.714867
7253,2716.085422,2983.206794
7254,2716.999637,2983.289087
7255,2716.999637,2984.252883
7256,2716.999637,2985.375032
7257,2717.822988,2983.923872
7258,2717.822988,2984.313079
7259,2718.581478,2984.657095
7260,2718.581478,2985.275924
7261,2719.027688,2985.044663
7262,2719.027688,2985.260073
7263,2719.027688,2985.486250
7264,2720.024795,2985.689238
7265,2720.024795,2985.824481
7266,2720.024795,2985.552400
7267,2720.356369,2986.081816
7268,2720.356369,2986.283812
7269,2721.572414,2986.241516
7270,2721.697184,2986.409397
7271,2725.638523,2989.705182
7272,2725.653944,2990.877009
7273,2725.805795,2986.604511
7274,2726.080414,2986.689953
7275,2727.026589,2987.037318
7276,2727.406518,2988.306703
7277,2727.406518,2989.335239
7278,2727.406518,2988.337610
7279,2727.406518,2988.352194
7280,2727.406518,2988.489274
7281,2727.406518,2992.506071
7282,2727.519648,2990.447552
7283,2727.519648,2990.572840
7284,2727.571953,2991.133837
7285,2727.571953,2990.720779
7286,2727.571953,2993.333098
7287,2727.571953,2991.430485
7288,2728.466076,2993.499777
7289,2728.466076,2992.782944
7290,2730.296417,2992.534049
7291,2730.296417,2994.033631
7292,2730.296417,2993.389908
7293,2730.610551,2997.850497
7294,2730.705866,2993.413161
7295,2730.705866,2994.795021
7296,2730.869609,2993.771503
7297,2730.869609,2995.133496
7298,2730.869609,2995.711180
7299,2730.869609,2999.314123
7300,2730.884879,3002.090167
7301,2730.927769,2998.436467
7302,2730.927769,3003.589863
7303,2730.927769,3000.435375
7304,2731.511819,3001.809802
7305,2731.745704,3000.705974
7306,2731.745704,3001.591897
7307,2732.347479,3001.795683
7308,2732.347479,3001.813045
7309,2733.212264,3002.229107
7310,2733.212264,3002.265403
7311,2734.326685,3002.827662
7312,2734.326685,3003.097464
7313,2734.326685,3002.784569
7314,2734.656723,3002.890261
7315,2734.875793,3003.783252
7316,2735.126563,3004.747465
7317,2735.299392,3003.806586
7318,2735.667295,3010.783532
7319,2737.003814,3011.122857
7320,2737.254520,3004.039809
7321,2738.496067,3007.866458
7322,2738.496067,3005.323870
7323,2738.496067,3007.321273
7324,2738.496067,3007.525166
7325,2738.496067,3008.548998
7326,2738.579575,3010.374377
7327,2738.930559,3009.337942
7328,2739.050856,3009.854335
7329,2739.050856,3010.625489
7330,2739.050856,3010.959459
7331,2739.050856,3010.637469
7332,2739.324990,3011.340370
7333,2740.807783,3017.119458
7334,2745.009947,3015.300425
7335,2745.342670,3014.020568
7336,2745.883961,3012.111949
7337,2746.214861,3012.288708
7338,2746.214861,3013.285942
7339,2746.214861,3013.681206
7340,2746.214861,3014.951775
7341,2746.214861,3016.536730
7342,2746.265140,3015.035506
7343,2746.265140,3015.225918
7344,2746.265140,3016.301071
7345,2746.821135,3016.186120
7346,2746.821135,3022.568039
7347,2747.373110,3017.175780
7348,2747.563598,3017.063116
7349,2747.858275,3018.763055
7350,2748.188595,3018.619056
7351,2751.169335,3017.227253
7352,2751.169335,3017.301383
7353,2751.169335,3018.497646
7354,2752.380616,3018.596442
7355,2752.380616,3018.628606
7356,2752.599084,3035.942473
7357,2752.885894,3018.933718
7358,2754.254425,3022.115789
7359,2754.427178,3019.418120
7360,2754.427178,3020.016908
7361,2756.314565,3020.029541
7362,2757.970402,3020.267534
7363,2757.970402,3021.063618
7364,2757.970402,3021.632470
7365,2757.970402,3023.039309
7366,2758.461997,3024.412003
7367,2759.632137,3023.519724
7368,2759.632137,3025.012836
7369,2759.679514,3027.849555
7370,2759.679514,3027.612816
7371,2759.679514,3025.082946
7372,2759.679514,3026.339772
7373,2759.942721,3026.712180
7374,2760.036148,3027.207022
7375,2760.036148,3027.458077
7376,2760.036148,3028.455394
7377,2760.042628,3030.661166
7378,2762.876096,3030.518132
7379,2763.175265,3029.291237
7380,2763.778954,3030.957809
7381,2763.778954,3030.832233
7382,2763.930151,3031.577262
7383,2764.026589,3032.145634
7384,2765.501270,3033.390402
7385,2766.033300,3032.433023
7386,2766.033300,3033.514867
7387,2766.338423,3032.753574
7388,2766.596904,3034.145311
7389,2767.522524,3033.704066
7390,2767.851742,3036.686860
7391,2769.881797,3036.351894
7392,2770.085771,3035.558507
7393,2770.103773,3036.901608
7394,2770.620490,3039.898948
7395,2770.848336,3036.707155
7396,2770.848336,3037.792108
7397,2770.848336,3037.066819
7398,2771.482851,3037.324824
7399,2771.482851,3038.333983
7400,2771.579374,3037.681908
7401,2771.779733,3040.318860
7402,2771.979325,3039.375203
7403,2771.979325,3038.670415
7404,2772.046145,3038.694390
7405,2772.046145,3039.487370
7406,2772.191584,3044.159132
7407,2772.866744,3043.466256
7408,2774.338678,3042.561802
7409,2774.363482,3041.747756
7410,2774.528403,3045.248978
7411,2776.758368,3043.165438
7412,2777.205256,3047.469688
7413,2777.726966,3045.880144
7414,2777.726966,3044.748718
7415,2777.913302,3044.949047
7416,2778.251651,3047.810218
7417,2779.860997,3045.831797
7418,2780.294791,3047.909959
7419,2780.294791,3047.864974
7420,2780.365724,3050.713972
7421,2780.365724,3049.870015
7422,2780.365724,3048.176097
7423,2780.365724,3051.862447
7424,2780.365724,3048.666095
7425,2780.365724,3048.804353
7426,2780.365724,3049.340366
7427,2780.377727,3049.595921
7428,2780.377727,3050.098846
7429,2780.377727,3051.209645
7430,2780.836491,3051.840270
7431,2780.836491,3056.266689
7432,2782.135153,3051.210557
7433,2782.135153,3051.522753
7434,2782.730269,3059.232826
7435,2783.591989,3054.131140
7436,2784.069876,3056.809077
7437,2784.147022,3054.677909
7438,2784.147022,3056.846128
7439,2784.147022,3057.842457
7440,2784.147022,3057.761297
7441,2784.147022,3057.350510
7442,2784.947310,3058.674818
7443,2786.004867,3058.345890
7444,2786.004867,3058.516205
7445,2786.004867,3058.900448
7446,2786.698728,3060.486884
7447,2787.824165,3058.831743
7448,2787.824165,3060.802807
7449,2787.824165,3060.132631
7450,2787.824649,3059.582582
7451,2787.824649,3060.765994
7452,2787.824649,3062.966741
7453,2788.448586,3062.604986
7454,2788.448586,3067.293874
7455,2788.448586,3061.056161
7456,2788.757215,3063.340742
7457,2788.757215,3065.238569
7458,2789.460291,3063.241996
7459,2789.460291,3064.359297
7460,2789.601228,3064.908565
7461,2789.675441,3065.816652
7462,2789.675441,3065.379257
7463,2791.079813,3069.538348
7464,2791.079813,3066.304780
7465,2793.206490,3069.099346
7466,2793.709350,3067.581939
7467,2793.709350,3069.707859
7468,2794.248474,3068.475638
7469,2794.248474,3068.979089
7470,2795.427148,3072.448972
7471,2795.427148,3070.316095
7472,2795.427148,3071.068729
7473,2795.427148,3070.106397
7474,2795.427148,3070.219279
7475,2796.214277,3071.938211
7476,2796.214277,3071.213465
7477,2796.214277,3072.561686
7478,2796.862869,3072.338994
7479,2797.106162,3072.523742
7480,2797.149131,3073.412812
7481,2800.091461,3072.717489
7482,2800.850840,3072.888865
7483,2801.035026,3076.357467
7484,2801.035026,3073.960016
7485,2801.035026,3075.334401
7486,2801.035026,3076.725700
7487,2803.616778,3074.657927
7488,2803.836189,3074.727492
7489,2804.095232,3077.413561
7490,2804.322240,3077.652403
7491,2804.322240,3076.445676
7492,2804.941221,3094.051709
7493,2804.941221,3078.925115
7494,2805.937895,3078.328750
7495,2805.937895,3080.860382
7496,2805.937895,3078.839877
7497,2806.631873,3079.429447
7498,2807.364817,3079.522061
7499,2807.613038,3083.035850
7500,2807.613038,3079.890800
7501,2807.613038,3084.082401
7502,2809.940849,3081.247911
7503,2809.940849,3081.994705
7504,2809.940849,3083.741972
7505,2809.940849,3084.818719
7506,2810.928904,3083.798052
7507,2812.152466,3084.808644
7508,2813.905941,3084.118667
7509,2813.905941,3085.859052
7510,2813.905941,3088.839506
7511,2813.905941,3085.866421
7512,2813.905941,3086.857501
7513,2813.905941,3087.382376
7514,2813.905941,3087.707923
7515,2814.770542,3087.668257
7516,2814.770542,3089.205500
7517,2814.770542,3091.053425
7518,2815.235039,3089.066707
7519,2815.235039,3089.731732
7520,2815.235039,3089.855095
7521,2816.895227,3092.360732
7522,2818.656851,3090.049066
7523,2818.683432,3090.667521
7524,2818.683432,3090.852984
7525,2818.683432,3091.726760
7526,2819.803953,3092.210772
7527,2819.803953,3091.862472
7528,2821.509011,3092.357714
7529,2821.509011,3092.563339
7530,2821.509011,3092.572682
7531,2821.509011,3096.683997
7532,2822.094346,3092.670057
7533,2822.262019,3093.582222
7534,2822.262019,3092.897857
7535,2825.660666,3092.997295
7536,2825.660666,3093.016084
7537,2825.997040,3093.572543
7538,2826.089258,3096.086356
7539,2827.511562,3094.604085
7540,2827.511562,3101.645783
7541,2827.511562,3094.776516
7542,2827.511562,3096.750335
7543,2827.511562,3096.519652
7544,2827.565257,3097.742618
7545,2827.651503,3097.350769
7546,2829.237080,3097.108085
7547,2829.237080,3097.193023
7548,2829.237080,3097.490980
7549,2829.237080,3099.945624
7550,2830.301309,3097.932734
7551,2830.301309,3104.804494
7552,2832.867117,3099.046394
7553,2833.125392,3100.704156
7554,2833.229515,3102.381111
7555,2833.509145,3101.463073
7556,2833.509145,3102.642461
7557,2833.509145,3103.210954
7558,2835.117424,3104.706479
7559,2835.457166,3103.228022
7560,2835.457166,3103.780187
7561,2835.457166,3103.605876
7562,2837.606853,3104.124800
7563,2837.606853,3103.932135
7564,2837.828211,3104.715714
7565,2838.031205,3106.256422
7566,2840.076717,3105.651405
7567,2840.076717,3113.790463
7568,2840.076717,3105.239469
7569,2840.076717,3105.644069
7570,2840.076717,3107.211448
7571,2840.772392,3106.510536
7572,2840.973789,3106.286418
7573,2840.973789,3106.313216
7574,2841.410830,3109.140074
7575,2841.410830,3108.987495
7576,2842.716072,3108.168322
7577,2842.948362,3110.425461
7578,2843.021519,3110.744906
7579,2843.891312,3110.302611
7580,2843.891312,3113.640138
7581,2843.935222,3113.817814
7582,2843.935222,3115.175800
7583,2843.935222,3113.789838
7584,2843.935222,3115.888209
7585,2843.935222,3117.275215
7586,2844.501159,3115.607383
7587,2844.501159,3120.282058
7588,2844.501159,3115.686642
7589,2844.501159,3121.493768
7590,2844.501159,3116.408455
7591,2845.265828,3118.885772
7592,2845.265828,3117.534170
7593,2845.265828,3122.108750
7594,2845.265828,3119.047790
7595,2845.265828,3119.118551
7596,2845.265828,3120.974647
7597,2845.458872,3120.335979
7598,2845.458872,3120.451961
7599,2845.458872,3122.637553
7600,2845.495626,3121.074003
7601,2845.495626,3121.316379
7602,2845.963446,3122.602850
7603,2846.144756,3121.518025
7604,2846.144756,3121.933082
7605,2847.499405,3122.427068
7606,2847.499405,3123.847041
7607,2849.000827,3122.565678
7608,2849.000827,3122.734013
7609,2850.432511,3125.404718
7610,2850.552848,3123.507105
7611,2851.106508,3122.967579
7612,2851.106508,3123.030709
7613,2851.106508,3127.125629
7614,2854.069503,3128.494393
7615,2854.069503,3128.160568
7616,2854.069503,3125.534420
7617,2854.673374,3126.059828
7618,2854.673374,3126.141357
7619,2855.817260,3126.961724
7620,2856.493495,3127.384154
7621,2856.493495,3132.405503
7622,2856.493495,3129.065774
7623,2856.493495,3128.189060
7624,2858.027344,3128.464494
7625,2858.027344,3130.348351
7626,2860.315914,3128.551875
7627,2860.982750,3132.777424
7628,2860.982750,3130.315928
7629,2860.982750,3130.559755
7630,2861.548672,3131.204194
7631,2861.548672,3130.877829
7632,2861.548672,3130.999698
7633,2861.548672,3131.112985
7634,2862.618935,3131.409038
7635,2862.618935,3132.810467
7636,2862.618935,3132.375330
7637,2862.618935,3132.726921
7638,2863.359254,3133.947191
7639,2863.797858,3133.908045
7640,2865.228042,3138.967849
7641,2866.416980,3136.659821
7642,2866.786361,3134.875622
7643,2866.786361,3136.320510
7644,2866.786361,3135.015686
7645,2867.683374,3138.393821
7646,2867.941489,3136.866380
7647,2867.941489,3139.169721
7648,2867.941489,3137.894372
7649,2867.941489,3138.581904
7650,2868.234213,3138.788278
7651,2868.234213,3139.021233
7652,2868.234213,3139.182684
7653,2868.835362,3139.164669
7654,2870.861906,3142.927782
7655,2871.163856,3139.164808
7656,2871.163856,3140.660365
7657,2871.487047,3143.182335
7658,2872.784729,3139.277650
7659,2872.784729,3139.883644
7660,2872.784729,3141.223906
7661,2874.232039,3143.323226
7662,2874.232039,3141.355742
7663,2875.383740,3142.183153
7664,2875.383740,3143.294500
7665,2875.383740,3143.007089
7666,2875.383740,3145.212309
7667,2875.383740,3143.471036
7668,2875.430156,3145.083872
7669,2875.430156,3148.546810
7670,2875.937380,3146.039047
7671,2876.721821,3145.237609
7672,2876.721821,3146.431570
7673,2876.814790,3147.421453
7674,2876.814790,3146.890449
7675,2877.767135,3147.630749
7676,2877.800388,3149.792255
7677,2879.455894,3148.338604
7678,2879.925222,3150.064196
7679,2879.925222,3148.696414
7680,2879.986187,3153.501398
7681,2880.152704,3151.352982
7682,2880.262637,3152.732162
7683,2881.574737,3150.546542
7684,2881.574737,3152.733214
7685,2881.574737,3152.988786
7686,2882.997867,3155.337652
7687,2883.616371,3153.040401
7688,2884.753366,3155.085343
7689,2884.753366,3156.477227
7690,2884.753366,3155.610488
7691,2884.753366,3156.010785
7692,2885.974649,3156.225240
7693,2887.165260,3161.617257
7694,2887.165260,3156.327640
7695,2887.856952,3165.442077
7696,2887.856952,3157.545437
7697,2887.856952,3160.897091
7698,2887.902331,3157.586259
7699,2889.817173,3159.855342
7700,2889.817173,3162.954733
7701,2890.460043,3161.392631
7702,2891.865008,3162.342368
7703,2891.865008,3162.145601
7704,2891.865008,3165.005161
7705,2892.601043,3165.229948
7706,2892.601043,3163.626834
7707,2892.601043,3163.766314
7708,2892.823585,3164.546357
7709,2892.823585,3166.331099
7710,2892.823585,3167.501246
7711,2892.823585,3165.460245
7712,2893.497553,3169.336477
7713,2895.534198,3165.952095
7714,2896.477246,3167.356986
7715,2896.477246,3167.322247
7716,2897.374790,3168.945350
7717,2897.374790,3167.496756
7718,2897.983644,3167.571335
7719,2898.412047,3172.699854
7720,2898.412047,3168.379184
7721,2898.886783,3169.902879
7722,2898.886783,3169.078017
7723,2898.886783,3169.090044
7724,2898.886783,3170.654108
7725,2900.530099,3174.313830
7726,2900.530099,3169.953953
7727,2900.530099,3170.274585
7728,2900.530099,3171.289858
7729,2900.530099,3172.430915
7730,2902.176421,3172.936949
7731,2902.457094,3173.043443
7732,2902.457094,3180.929869
7733,2902.457094,3175.536236
7734,2902.457094,3173.710332
7735,2903.117906,3176.348382
7736,2903.117906,3175.327108
7737,2904.303176,3175.641575
7738,2904.303176,3176.779112
7739,2904.522538,3177.107708
7740,2904.853240,3176.555288
7741,2904.853240,3177.079095
7742,2905.205009,3176.892693
7743,2905.205009,3177.476906
7744,2905.729727,3180.736294
7745,2906.716189,3177.149162
7746,2906.843165,3177.643752
7747,2906.908750,3178.071137
7748,2906.963549,3181.051093
7749,2906.963549,3182.523056
7750,2906.963549,3181.019064
7751,2906.963549,3185.928637
7752,2906.963549,3181.204662
7753,2906.963549,3181.122620
7754,2907.532126,3192.083455
7755,2908.055305,3182.309115
7756,2908.055305,3183.004457
7757,2910.294936,3183.353343
7758,2910.628041,3184.506263
7759,2911.503615,3183.927807
7760,2911.503615,3184.128205
7761,2911.503615,3186.747189
7762,2911.503615,3185.169495
7763,2912.044428,3185.985317
7764,2912.044428,3193.755105
7765,2913.069486,3186.200092
7766,2913.206908,3187.804027
7767,2913.206908,3190.319004
7768,2913.206908,3190.121282
7769,2913.206908,3190.392308
7770,2913.272610,3190.369498
7771,2913.272610,3191.350992
7772,2913.272610,3190.582800
7773,2913.272610,3190.603541
7774,2913.272610,3190.978450
7775,2913.272610,3192.665115
7776,2913.787327,3192.041370
7777,2914.302737,3195.006163
7778,2914.302737,3194.476978
7779,2914.753110,3193.536134
7780,2914.753110,3193.862175
7781,2914.753110,3194.364187
7782,2914.753110,3195.557578
7783,2914.753110,3195.835610
7784,2915.571799,3196.540582
7785,2915.571799,3195.924075
7786,2916.700710,3197.168890
7787,2917.188472,3200.682504
7788,2917.188472,3197.296516
7789,2918.074761,3203.135517
7790,2918.074761,3198.232705
7791,2918.080902,3200.024202
7792,2918.080902,3199.823278
7793,2918.438018,3199.825391
7794,2918.626375,3201.661170
7795,2919.113674,3203.984249
7796,2920.358211,3201.801169
7797,2920.935709,3203.166483
7798,2921.614683,3205.644697
7799,2923.321021,3211.154312
7800,2923.321021,3203.535838
7801,2923.321021,3204.226148
7802,2923.526417,3204.086963
7803,2923.526417,3205.863294
7804,2923.526417,3205.024438
7805,2925.558998,3206.011672
7806,2925.558998,3208.633373
7807,2925.558998,3206.531533
7808,2925.600820,3206.542844
7809,2925.600820,3207.118983
7810,2925.600820,3208.368627
7811,2925.600820,3207.615792
7812,2926.415539,3207.956091
7813,2926.415539,3208.928614
7814,2926.415539,3209.954699
7815,2926.702099,3218.886937
7816,2926.702099,3209.004909
7817,2926.702099,3209.583063
7818,2926.881694,3210.646122
7819,2929.378155,3210.711200
7820,2929.715325,3213.894113
7821,2929.715325,3210.745214
7822,2929.715325,3210.964341
7823,2929.869056,3211.097211
7824,2929.869056,3211.653152
7825,2929.869056,3211.590283
7826,2929.869056,3223.700024
7827,2930.630602,3216.181936
7828,2932.653205,3214.072376
7829,2934.782023,3218.230057
7830,2934.782023,3217.285992
7831,2934.782023,3218.204892
7832,2936.321003,3218.824551
7833,2936.321003,3219.227783
7834,2936.321003,3221.395945
7835,2937.350019,3221.714221
7836,2939.301404,3219.815133
7837,2939.394915,3220.739393
7838,2939.394915,3221.413358
7839,2939.394915,3222.289055
7840,2939.563545,3221.762006
7841,2939.563545,3223.353156
7842,2939.563545,3221.882107
7843,2940.227875,3224.750837
7844,2940.227875,3222.686547
7845,2940.227875,3226.396897
7846,2940.290008,3223.366461
7847,2940.290008,3223.619609
7848,2940.306923,3224.005881
7849,2941.277288,3224.596695
7850,2941.277288,3226.133757
7851,2941.277288,3226.383498
7852,2941.642075,3226.870157
7853,2942.634620,3227.946390
7854,2942.634620,3227.376261
7855,2942.634620,3229.488117
7856,2945.227258,3227.910942
7857,2945.227258,3230.745313
7858,2945.556847,3229.991195
7859,2945.556847,3228.679477
7860,2945.556847,3231.637234
7861,2945.556847,3230.093002
7862,2945.556847,3230.888883
7863,2945.556847,3233.269226
7864,2945.556847,3233.289800
7865,2946.909176,3233.435073
7866,2946.909176,3233.104902
7867,2947.152446,3240.984455
7868,2947.275195,3233.540117
7869,2948.667502,3233.784038
7870,2948.707594,3233.444013
7871,2948.925206,3234.363229
7872,2949.002675,3235.134429
7873,2950.877661,3238.169422
7874,2950.877661,3234.488995
7875,2952.945904,3236.306472
7876,2952.959994,3235.145055
7877,2952.998322,3235.558909
7878,2952.998322,3235.755528
7879,2954.176762,3237.178712
7880,2954.176762,3238.697543
7881,2954.176762,3239.510279
7882,2954.284493,3243.150649
7883,2954.284493,3241.385814
7884,2954.284493,3241.331447
7885,2954.681648,3245.946464
7886,2955.481311,3243.834041
7887,2955.481311,3243.001439
7888,2955.779484,3243.545034
7889,2955.779484,3246.602121
7890,2955.779484,3249.043240
7891,2955.779484,3244.266715
7892,2956.108093,3244.671071
7893,2956.615377,3245.764042
7894,2956.615377,3247.051099
7895,2956.615377,3249.224812
7896,2956.615377,3248.213996
7897,2956.615377,3248.881689
7898,2956.615377,3249.335317
7899,2956.615377,3252.504185
7900,2956.720529,3251.520187
7901,2956.720529,3250.521383
7902,2956.720529,3250.930776
7903,2957.355743,3254.768785
7904,2958.263904,3251.277847
7905,2958.263904,3253.180545
7906,2958.263904,3255.125187
7907,2958.920730,3254.674745
7908,2962.870252,3253.415734
7909,2962.870252,3254.788518
7910,2962.870252,3256.259787
7911,2963.090888,3255.628171
7912,2963.090888,3260.377368
7913,2963.307111,3255.617383
7914,2963.307111,3255.832421
7915,2963.307111,3260.547415
7916,2965.865193,3256.605203
7917,2966.254463,3259.758485
7918,2966.254463,3257.309699
7919,2967.030845,3258.286505
7920,2967.030845,3262.470653
7921,2967.030845,3261.087889
7922,2968.071797,3261.836321
7923,2968.071797,3263.629487
7924,2968.071797,3261.837274
7925,2968.764092,3266.578442
7926,2968.764092,3262.681432
7927,2968.764092,3263.182029
7928,2969.161489,3264.606003
7929,2969.161489,3263.988414
7930,2969.161489,3263.743234
7931,2969.369100,3267.891215
7932,2969.369100,3264.218467
7933,2969.369100,3264.775766
7934,2969.518313,3264.719220
7935,2969.518313,3265.147692
7936,2969.518313,3265.888787
7937,2969.518313,3265.525428
7938,2969.518313,3265.640774
7939,2969.518313,3265.871948
7940,2969.518313,3266.214569
7941,2969.765046,3267.908486
7942,2970.369442,3267.494182
7943,2970.884142,3271.687316
7944,2970.961241,3268.238987
7945,2972.027629,3268.404284
7946,2972.027629,3276.274221
7947,2972.066007,3268.256798
7948,2972.066007,3268.550208
7949,2972.446758,3272.336177
7950,2972.446758,3269.790506
7951,2972.446758,3270.176753
7952,2972.446758,3270.259356
7953,2972.800246,3270.690910
7954,2972.929719,3271.247373
7955,2973.390530,3271.369655
7956,2973.810605,3271.667880
7957,2973.810605,3272.724288
7958,2973.810605,3271.862152
7959,2974.083510,3274.597505
7960,2974.083510,3272.946380
7961,2974.432792,3273.015595
7962,2975.917901,3274.937548
7963,2975.917901,3274.263076
7964,2975.917901,3278.613535
7965,2976.381633,3281.437962
7966,2976.505975,3276.112583
7967,2976.968838,3278.173262
7968,2976.968838,3278.073062
7969,2977.367194,3280.573459
7970,2977.656714,3283.194396
7971,2977.656714,3278.967531
7972,2977.656714,3279.116696
7973,2978.073830,3279.140369
7974,2978.105647,3279.919317
7975,2978.120639,3280.998295
7976,2978.120639,3283.631760
7977,2978.120639,3282.121148
7978,2979.145086,3284.120646
7979,2980.004170,3283.482923
7980,2981.221662,3283.641571
7981,2984.371149,3283.567555
7982,2985.315603,3285.651352
7983,2985.315603,3284.531473
7984,2985.315603,3283.698238
7985,2985.315603,3285.564713
7986,2986.374820,3291.277166
7987,2986.374820,3285.104453
7988,2987.065383,3286.022238
7989,2987.065383,3292.287984
7990,2987.643014,3287.155913
7991,2987.773482,3286.111146
7992,2987.773482,3290.870515
7993,2987.773482,3288.388452
7994,2988.427711,3290.237675
7995,2988.427711,3290.260770
7996,2988.660738,3290.280173
7997,2988.660738,3290.547058
7998,2988.660738,3291.677599
7999,2988.705107,3295.411735
8000,2988.705107,3292.520263
8001,2988.988346,3291.951038
8002,2988.988346,3292.028123
8003,2988.988346,3292.148459
8004,2988.988346,3293.789155
8005,2989.230459,3294.441931
8006,2989.312591,3293.681327
8007,2989.312591,3294.180988
8008,2991.318381,3294.201231
8009,2991.318381,3307.857438
8010,2992.695340,3294.310970
8011,2992.695340,3294.684694
8012,2992.695340,3294.532351
8013,2993.430833,3295.662536
8014,2993.532070,3295.527414
8015,2993.532070,3295.467362
8016,2993.532070,3295.600413
8017,2993.532070,3295.850626
8018,2993.543582,3295.771795
8019,2995.347549,3301.155119
8020,2995.347549,3296.455978
8021,2997.493672,3296.329784
8022,2998.538839,3297.427379
8023,2999.451519,3297.833905
8024,2999.451519,3297.624678
8025,2999.451519,3298.083015
8026,3000.842779,3301.903054
8027,3000.949098,3299.842239
8028,3000.949098,3300.535303
8029,3000.949098,3301.781212
8030,3003.309926,3301.328374
8031,3003.309926,3303.176893
8032,3003.309926,3302.046767
8033,3003.309926,3302.072709
8034,3006.564231,3302.663755
8035,3006.564231,3302.183346
8036,3010.433128,3303.273015
8037,3010.433128,3302.713757
8038,3010.433128,3303.857194
8039,3011.256848,3307.661380
8040,3011.276537,3309.424584
8041,3011.591963,3304.919015
8042,3011.591963,3306.002327
8043,3011.591963,3308.559185
8044,3011.591963,3308.466892
8045,3011.591963,3309.809873
8046,3011.591963,3308.818182
8047,3011.591963,3308.661342
8048,3012.227074,3309.146235
8049,3012.531038,3322.414810
8050,3012.531038,3309.613791
8051,3012.667167,3311.383243
8052,3012.667167,3309.752616
8053,3013.979744,3313.047872
8054,3014.570939,3309.991945
8055,3015.709370,3314.933960
8056,3015.709370,3312.234341
8057,3015.849128,3313.540613
8058,3015.849128,3313.394015
8059,3015.849128,3313.655346
8060,3016.135176,3313.946986
8061,3016.135176,3313.982246
8062,3016.468228,3314.656343
8063,3016.468228,3315.222645
8064,3018.491879,3316.504122
8065,3018.726886,3317.902100
8066,3019.308393,3316.443289
8067,3019.624711,3316.693243
8068,3019.624711,3318.321984
8069,3021.523190,3319.022124
8070,3021.523190,3322.487267
8071,3021.523190,3320.082546
8072,3022.509346,3321.634899
8073,3022.509346,3320.864378
8074,3022.509346,3321.278967
8075,3022.747614,3321.311425
8076,3022.747614,3322.041850
8077,3022.747614,3324.185817
8078,3022.747614,3322.875229
8079,3022.747614,3326.243708
8080,3022.747614,3322.507768
8081,3022.747614,3324.432435
8082,3022.981782,3326.364779
8083,3024.158367,3324.917772
8084,3024.158367,3324.712961
8085,3024.158367,3325.286031
8086,3025.222337,3325.048457
8087,3025.228163,3325.941870
8088,3025.640171,3328.366867
8089,3025.640171,3325.954153
8090,3025.640171,3327.808336
8091,3025.991939,3327.970591
8092,3028.037365,3327.769951
8093,3028.743367,3328.381871
8094,3028.743367,3329.352723
8095,3029.543310,3329.163280
8096,3029.768141,3329.766014
8097,3029.781202,3328.755497
8098,3029.781202,3330.117018
8099,3029.781202,3331.446647
8100,3029.781202,3330.470665
8101,3029.781202,3336.068401
8102,3030.090323,3330.209316
8103,3030.438395,3332.301545
8104,3030.438395,3331.773321
8105,3030.720299,3332.825181
8106,3030.841865,3332.378937
8107,3031.258255,3332.383194
8108,3031.258255,3332.713817
8109,3031.258255,3333.640916
8110,3031.782042,3334.844758
8111,3034.043315,3332.896647
8112,3034.043315,3333.512138
8113,3034.043315,3339.638505
8114,3034.798980,3337.050138
8115,3034.798980,3335.331134
8116,3034.798980,3335.631515
8117,3034.798980,3335.819792
8118,3034.798980,3337.050356
8119,3034.859900,3342.176191
8120,3034.859900,3337.879222
8121,3034.859900,3337.447346
8122,3034.859900,3337.876003
8123,3035.120156,3338.319621
8124,3035.223303,3339.195890
8125,3035.223303,3338.607265
8126,3035.223303,3339.522211
8127,3035.223303,3342.382780
8128,3035.223303,3339.633038
8129,3035.575846,3341.461587
8130,3035.743832,3339.885812
8131,3035.743832,3342.016770
8132,3036.202616,3343.014674
8133,3036.202616,3345.390358
8134,3036.202616,3349.538940
8135,3036.202616,3343.773500
8136,3037.194350,3343.884250
8137,3037.194350,3343.969814
8138,3038.049523,3346.279694
8139,3039.683545,3348.089795
8140,3040.283282,3351.212108
8141,3040.493638,3346.920262
8142,3041.933931,3347.456267
8143,3041.933931,3349.653198
8144,3042.004316,3350.092186
8145,3042.004316,3360.451770
8146,3042.004316,3350.566141
8147,3042.826822,3352.057352
8148,3044.446085,3353.733104
8149,3047.008974,3352.017036
8150,3047.008974,3352.677649
8151,3047.250598,3352.972716
8152,3047.250598,3353.469279
8153,3047.250598,3353.381510
8154,3047.614058,3354.248366
8155,3047.803087,3354.939559
8156,3047.840552,3353.766319
8157,3047.840552,3353.988257
8158,3047.840552,3354.259832
8159,3047.840552,3354.563317
8160,3047.840552,3354.613107
8161,3049.284246,3355.593762
8162,3049.795259,3355.179847
8163,3049.795259,3359.267437
8164,3049.795259,3356.413284
8165,3050.457924,3357.747935
8166,3050.457924,3356.657130
8167,3051.396691,3356.898436
8168,3053.358924,3360.416277
8169,3054.217145,3357.782947
8170,3054.217145,3358.883125
8171,3054.321992,3359.628007
8172,3054.569170,3365.220101
8173,3054.569170,3367.728523
8174,3054.569170,3361.524879
8175,3054.569170,3362.590489
8176,3054.569170,3361.922565
8177,3055.408507,3362.205165
8178,3055.408507,3362.818607
8179,3055.408507,3362.951304
8180,3055.408507,3363.121135
8181,3055.408507,3364.568502
8182,3055.408507,3363.222642
8183,3055.408507,3365.091283
8184,3056.745018,3365.291895
8185,3057.091029,3365.356046
8186,3057.091029,3369.305584
8187,3057.365952,3366.614971
8188,3057.365952,3365.947940
8189,3058.278106,3366.334187
8190,3058.366665,3366.376064
8191,3058.366665,3366.926385
8192,3059.357939,3368.385925
8193,3061.525338,3367.909456
8194,3061.639434,3369.710022
8195,3061.639434,3369.270891
8196,3063.450900,3371.421816
8197,3065.482720,3370.181571
8198,3067.258898,3370.560883
8199,3067.258898,3370.134835
8200,3067.879054,3374.634619
8201,3067.882122,3374.076994
8202,3067.961274,3371.169950
8203,3068.234725,3372.170092
8204,3068.234725,3372.281120
8205,3068.234725,3383.599407
8206,3068.334985,3377.577016
8207,3068.334985,3375.318163
8208,3068.334985,3374.802338
8209,3069.050664,3375.933683
8210,3069.050664,3376.305985
8211,3070.067009,3376.263802
8212,3070.067009,3378.354926
8213,3070.293723,3376.323698
8214,3070.460982,3377.505306
8215,3071.722474,3382.496881
8216,3071.954815,3381.557848
8217,3073.545929,3379.392311
8218,3075.537723,3381.271685
8219,3075.537723,3383.747149
8220,3077.258914,3383.326388
8221,3078.406700,3384.480505
8222,3079.403004,3385.791690
8223,3079.403004,3385.189543
8224,3079.403004,3385.323135
8225,3079.650976,3384.689600
8226,3079.780138,3385.514099
8227,3079.977462,3386.090846
8228,3079.977462,3386.785890
8229,3081.018599,3388.703034
8230,3081.018599,3387.720330
8231,3081.018599,3387.284868
8232,3081.055452,3387.071921
8233,3081.384824,3387.907450
8234,3081.384824,3395.430997
8235,3081.524538,3388.303204
8236,3081.524538,3387.931458
8237,3083.450487,3394.224075
8238,3083.450487,3390.131863
8239,3083.474453,3389.125556
8240,3084.758231,3389.635570
8241,3084.758231,3390.515800
8242,3084.977963,3390.544319
8243,3084.977963,3390.731964
8244,3084.977963,3394.381138
8245,3084.977963,3392.325052
8246,3086.166631,3395.250670
8247,3086.166631,3395.100531
8248,3086.166631,3398.261639
8249,3086.195260,3397.933587
8250,3086.195260,3397.534895
8251,3087.364439,3396.119873
8252,3087.364439,3396.521539
8253,3087.364439,3396.766385
8254,3087.870900,3398.243906
8255,3087.870900,3398.118089
8256,3089.492203,3399.954322
8257,3089.905941,3398.621797
8258,3090.995711,3400.163290
8259,3091.063032,3402.644141
8260,3091.063032,3399.621029
8261,3091.063032,3399.669196
8262,3091.063032,3401.031440
8263,3091.648846,3400.159764
8264,3092.901590,3400.242031
8265,3093.986647,3402.017349
8266,3093.986647,3400.259855
8267,3093.986647,3403.851757
8268,3094.507760,3402.862748
8269,3094.862390,3405.018717
8270,3094.862390,3403.340552
8271,3094.897282,3407.169141
8272,3095.571946,3404.495567
8273,3095.984837,3404.831910
8274,3096.151860,3411.618279
8275,3096.151860,3405.376526
8276,3096.666257,3406.239311
8277,3096.666257,3405.544367
8278,3096.805091,3405.606543
8279,3097.863478,3406.978317
8280,3097.863478,3409.567986
8281,3098.322356,3407.802662
8282,3098.322356,3408.453911
8283,3100.531896,3408.501255
8284,3100.694743,3408.820381
8285,3100.707213,3413.504314
8286,3100.707213,3409.051119
8287,3101.572606,3410.484846
8288,3101.572606,3410.827916
8289,3101.614150,3410.634437
8290,3101.614150,3411.639870
8291,3101.614150,3411.548662
8292,3101.614150,3412.958083
8293,3101.614150,3414.501647
8294,3101.677445,3412.278740
8295,3101.677445,3413.963017
8296,3102.899557,3415.013892
8297,3102.899557,3414.605431
8298,3103.314376,3414.127186
8299,3103.314376,3414.688237
8300,3104.162177,3416.432810
8301,3105.468629,3415.376417
8302,3105.468629,3415.276435
8303,3106.312615,3416.189992
8304,3106.312615,3415.301941
8305,3107.182576,3415.757905
8306,3107.182576,3415.929599
8307,3108.743965,3416.911894
8308,3109.040566,3419.000323
8309,3110.133715,3417.826436
8310,3110.133715,3416.725683
8311,3110.133715,3419.166909
8312,3110.281203,3417.285917
8313,3110.281203,3419.118067
8314,3111.202081,3417.903515
8315,3112.410463,3419.010410
8316,3112.410463,3420.431422
8317,3113.015993,3424.226626
8318,3113.488082,3419.465126
8319,3113.852241,3419.840045
8320,3114.318140,3420.634719
8321,3114.318140,3421.218517
8322,3114.318140,3421.293065
8323,3114.336930,3421.436074
8324,3114.479611,3421.566628
8325,3115.230957,3421.877762
8326,3115.553535,3422.702330
8327,3115.553535,3423.678402
8328,3115.553535,3423.508564
8329,3115.921734,3423.097738
8330,3118.639255,3423.946770
8331,3118.681525,3424.221997
8332,3119.422314,3427.284618
8333,3119.422314,3424.046443
8334,3119.464659,3424.802972
8335,3119.856525,3426.646326
8336,3119.856525,3426.263361
8337,3119.856525,3424.945760
8338,3119.988793,3426.395638
8339,3120.822632,3428.673328
8340,3120.822632,3427.388861
8341,3120.822632,3427.244405
8342,3120.822632,3427.366198
8343,3122.097452,3428.097047
8344,3122.343262,3428.880736
8345,3122.479468,3427.438120
8346,3122.479468,3427.874187
8347,3122.479468,3430.251248
8348,3122.753217,3436.594741
8349,3123.566871,3432.392103
8350,3123.566871,3429.840630
8351,3123.566871,3429.908371
8352,3125.063740,3429.989276
8353,3125.063740,3430.833936
8354,3125.063740,3431.378523
8355,3125.296808,3431.254905
8356,3125.701149,3432.563408
8357,3125.731838,3431.875844
8358,3125.731838,3432.164242
8359,3126.023810,3432.725497
8360,3126.023810,3435.642933
8361,3126.141448,3433.780628
8362,3128.562249,3434.293760
8363,3128.781764,3433.966368
8364,3128.781764,3434.983659
8365,3129.294022,3436.465385
8366,3129.421648,3435.623988
8367,3129.453199,3435.928304
8368,3129.453199,3438.394078
8369,3130.499484,3436.105192
8370,3130.499484,3437.566401
8371,3130.593482,3437.022934
8372,3130.593482,3437.955829
8373,3133.253435,3437.316901
8374,3134.135385,3439.090656
8375,3134.135385,3438.762086
8376,3134.217773,3446.208575
8377,3135.158413,3443.052483
8378,3135.158413,3441.567692
8379,3135.158413,3441.929628
8380,3135.158413,3441.915216
8381,3135.815850,3442.029822
8382,3135.815850,3442.500702
8383,3138.039499,3443.690306
8384,3138.039499,3442.614331
8385,3138.039499,3443.708887
8386,3138.039499,3443.729671
8387,3138.039499,3446.071900
8388,3138.039499,3444.940810
8389,3138.194488,3443.737568
8390,3138.194488,3444.908790
8391,3138.194488,3446.478550
8392,3138.194488,3445.759359
8393,3138.194488,3446.197946
8394,3140.335902,3447.336290
8395,3140.423053,3447.407786
8396,3140.423053,3447.583795
8397,3140.423053,3446.789404
8398,3140.423053,3451.643920
8399,3140.423053,3447.642594
8400,3140.423053,3452.333315
8401,3140.720489,3456.228501
8402,3141.739087,3448.653524
8403,3142.176539,3450.587493
8404,3142.176539,3450.860798
8405,3142.176539,3451.374752
8406,3142.176539,3451.544883
8407,3142.305631,3451.808390
8408,3142.305631,3453.156717
8409,3142.305631,3452.490659
8410,3142.868251,3453.538622
8411,3142.868251,3455.930533
8412,3143.624032,3453.469402
8413,3143.624032,3458.478348
8414,3143.624032,3453.978114
8415,3143.624032,3455.830209
8416,3143.624032,3456.260277
8417,3144.656699,3457.176671
8418,3144.656699,3458.466801
8419,3145.236120,3457.168367
8420,3145.236120,3458.148523
8421,3145.392264,3457.420637
8422,3145.392264,3461.195148
8423,3145.392264,3458.460448
8424,3145.392264,3459.640914
8425,3145.392264,3458.858825
8426,3145.494777,3458.791600
8427,3145.494777,3460.163159
8428,3146.534003,3461.008190
8429,3146.534003,3459.994002
8430,3146.534003,3460.104408
8431,3146.534003,3461.287306
8432,3147.152580,3460.418904
8433,3148.804330,3466.694466
8434,3148.804330,3466.991280
8435,3149.734905,3461.600653
8436,3150.199819,3462.867838
8437,3151.273187,3461.814840
8438,3153.302386,3463.158120
8439,3153.302386,3464.268054
8440,3153.302386,3466.041685
8441,3153.721147,3465.770144
8442,3154.125706,3467.699950
8443,3154.125706,3467.081655
8444,3154.125706,3467.897462
8445,3154.232133,3468.639162
8446,3154.284110,3468.829560
8447,3155.165437,3468.023056
8448,3155.774917,3479.668715
8449,3156.506550,3468.312193
8450,3156.506550,3469.301518
8451,3158.474555,3469.694069
8452,3159.052791,3470.336023
8453,3160.101361,3470.161311
8454,3160.885724,3471.806430
8455,3163.564203,3470.340519
8456,3163.808667,3470.836825
8457,3164.224870,3470.744358
8458,3167.690884,3471.284672
8459,3167.690884,3472.424891
8460,3167.690884,3474.701709
8461,3167.690884,3472.276295
8462,3167.690884,3476.195590
8463,3167.707296,3474.562512
8464,3167.707296,3475.581275
8465,3167.707296,3475.319506
8466,3168.488211,3476.474098
8467,3168.734761,3475.821495
8468,3168.734761,3476.364105
8469,3168.734761,3478.535478
8470,3168.734761,3476.836234
8471,3168.734761,3476.913882
8472,3168.734761,3483.480111
8473,3168.734761,3477.238604
8474,3168.972398,3477.283944
8475,3169.108355,3479.049292
8476,3169.199402,3481.729320
8477,3169.394958,3479.402722
8478,3169.394958,3479.592181
8479,3169.394958,3480.599532
8480,3169.412449,3479.710680
8481,3169.412449,3481.357304
8482,3169.557379,3481.295341
8483,3169.557379,3482.485767
8484,3169.557379,3482.335953
8485,3169.557379,3482.405651
8486,3169.760887,3491.682924
8487,3169.760887,3484.257965
8488,3169.760887,3483.835679
8489,3169.760887,3486.503639
8490,3171.706672,3487.530423
8491,3172.256988,3489.681072
8492,3172.410817,3486.511797
8493,3172.410817,3487.505572
8494,3172.536355,3494.546940
8495,3172.989205,3487.924329
8496,3173.661787,3491.010813
8497,3173.661787,3493.645998
8498,3173.661787,3491.081865
8499,3173.661787,3491.918725
8500,3174.442152,3495.733913
8501,3174.442152,3492.013362
8502,3174.442152,3493.241606
8503,3174.442152,3494.176392
8504,3174.442152,3494.412028
8505,3174.884208,3494.480541
8506,3174.884208,3496.009901
8507,3176.528956,3495.756407
8508,3176.528956,3495.779261
8509,3176.760166,3500.702471
8510,3176.760166,3496.383902
8511,3176.760166,3498.254123
8512,3176.760166,3496.682550
8513,3176.760166,3498.355088
8514,3177.136399,3497.304022
8515,3177.445919,3498.566318
8516,3177.445919,3501.603556
8517,3177.445919,3498.587264
8518,3177.445919,3500.981560
8519,3177.445919,3500.271506
8520,3177.542687,3500.312274
8521,3178.055140,3500.802297
8522,3178.055140,3503.162910
8523,3178.055140,3501.661299
8524,3178.934038,3503.561746
8525,3180.025246,3503.271911
8526,3180.189567,3502.413189
8527,3180.224731,3503.611935
8528,3180.224731,3503.484884
8529,3180.381054,3505.388082
8530,3180.426809,3504.725250
8531,3180.723959,3504.446478
8532,3180.865197,3504.002945
8533,3181.119572,3505.285656
8534,3181.119572,3505.858343
8535,3181.312102,3505.013053
8536,3182.146903,3505.937931
8537,3182.902116,3505.690965
8538,3182.902116,3506.103092
8539,3183.140702,3505.736637
8540,3184.415290,3506.251636
8541,3184.415290,3514.702496
8542,3184.415290,3506.113692
8543,3184.415290,3507.015933
8544,3184.415290,3507.898566
8545,3185.561067,3507.074183
8546,3185.561067,3513.775991
8547,3185.561067,3508.040285
8548,3185.561067,3511.822447
8549,3185.561067,3514.757074
8550,3185.561067,3513.048486
8551,3185.858158,3514.477508
8552,3185.858158,3515.432665
8553,3185.858158,3516.689868
8554,3185.858158,3516.671856
8555,3186.104698,3515.664453
8556,3186.121129,3515.784737
8557,3186.347722,3517.412343
8558,3186.823443,3519.392453
8559,3186.823443,3517.308772
8560,3186.823443,3516.693346
8561,3186.823443,3517.523549
8562,3186.823443,3523.543644
8563,3186.823443,3518.162057
8564,3186.823443,3517.810476
8565,3186.983094,3521.170473
8566,3188.926648,3522.211230
8567,3188.926648,3520.043987
8568,3188.926648,3520.383722
8569,3188.926648,3522.684186
8570,3189.016713,3524.774799
8571,3189.016713,3522.361785
8572,3189.016713,3523.133600
8573,3189.016713,3524.755031
8574,3189.723884,3523.133815
8575,3190.975213,3523.398445
8576,3190.975213,3523.984057
8577,3192.445594,3524.923804
8578,3192.616898,3527.581445
8579,3192.660019,3524.964750
8580,3192.992257,3525.259973
8581,3192.992257,3533.814491
8582,3194.157183,3527.213993
8583,3194.592589,3529.644475
8584,3194.742245,3527.250906
8585,3194.742245,3528.376001
8586,3194.742245,3528.561724
8587,3194.742245,3529.640355
8588,3194.831361,3530.472345
8589,3194.887593,3530.018053
8590,3195.901744,3532.510915
8591,3195.901744,3534.647564
8592,3196.752056,3530.838177
8593,3197.530343,3531.334537
8594,3197.530343,3533.573015
8595,3198.651968,3533.940996
8596,3198.892075,3533.647921
8597,3198.892075,3534.508272
8598,3198.892075,3534.788655
8599,3203.807198,3537.616366
8600,3204.557980,3534.583286
8601,3205.961215,3535.353051
8602,3205.961215,3536.872469
8603,3206.839582,3535.129793
8604,3206.839582,3537.703811
8605,3207.081468,3535.698950
8606,3208.719528,3538.031569
8607,3208.719528,3537.156917
8608,3208.719528,3537.761520
8609,3209.242935,3538.610263
8610,3209.242935,3539.532977
8611,3209.415724,3537.849848
8612,3209.415724,3543.299024
8613,3209.415724,3540.289346
8614,3209.415724,3541.412325
8615,3209.415724,3539.863409
8616,3209.773167,3546.592169
8617,3209.773167,3540.540679
8618,3210.215368,3540.777606
8619,3211.092657,3542.584007
8620,3211.398802,3542.645989
8621,3211.992632,3542.990127
8622,3211.992632,3544.435165
8623,3211.992632,3544.461407
8624,3211.992632,3543.380223
8625,3212.133578,3543.942071
8626,3214.476320,3546.842602
8627,3214.476320,3549.424928
8628,3215.102176,3545.641295
8629,3216.678754,3546.357544
8630,3216.678754,3548.206670
8631,3216.730833,3547.773496
8632,3217.271934,3549.617694
8633,3217.752713,3550.872325
8634,3217.752713,3548.512385
8635,3217.752713,3548.776061
8636,3217.752713,3549.726246
8637,3217.752713,3550.481141
8638,3217.752713,3550.245110
8639,3217.752713,3549.969091
8640,3217.962341,3551.991189
8641,3218.633002,3552.404501
8642,3219.168477,3553.936595
8643,3219.168477,3554.101998
8644,3219.340037,3552.044948
8645,3219.407969,3554.461777
8646,3222.834274,3555.614324
8647,3223.431197,3554.208653
8648,3223.616241,3554.562593
8649,3223.616241,3554.402183
8650,3223.616241,3556.364893
8651,3223.616241,3554.694912
8652,3223.616241,3554.766480
8653,3223.616241,3554.744314
8654,3226.725689,3556.569551
8655,3226.725689,3556.133796
8656,3226.725689,3556.322934
8657,3227.005623,3559.038014
8658,3227.005623,3556.955238
8659,3227.408007,3558.485707
8660,3227.740783,3556.662712
8661,3228.840899,3557.960080
8662,3229.505913,3556.966673
8663,3230.959393,3557.917416
8664,3230.959393,3558.559963
8665,3231.884604,3558.788356
8666,3231.884604,3561.624534
8667,3231.884604,3559.828627
8668,3232.745263,3559.607700
8669,3232.766130,3561.163091
8670,3232.766130,3559.825776
8671,3232.976547,3563.117595
8672,3232.976547,3559.960393
8673,3232.976547,3560.661180
8674,3233.251511,3560.674815
8675,3233.614601,3562.178387
8676,3233.614601,3562.986463
8677,3233.614601,3564.344210
8678,3233.614601,3562.617605
8679,3234.085313,3563.893443
8680,3234.168297,3569.375126
8681,3234.168297,3564.353808
8682,3234.168297,3564.023384
8683,3234.168297,3565.547713
8684,3234.662178,3564.613114
8685,3234.662178,3564.722231
8686,3234.840547,3564.752354
8687,3234.840547,3566.448133
8688,3235.679058,3568.585435
8689,3235.679058,3565.899908
8690,3235.926521,3566.240877
8691,3235.926521,3566.745747
8692,3235.926521,3567.414248
8693,3235.926521,3569.904494
8694,3236.372289,3568.269859
8695,3236.372289,3568.411485
8696,3236.372289,3571.806086
8697,3236.372289,3569.875410
8698,3236.372289,3572.154297
8699,3236.372289,3571.370376
8700,3236.372289,3570.951465
8701,3236.372289,3576.443516
8702,3236.372289,3571.597433
8703,3236.719512,3575.190943
8704,3238.441398,3572.970253
8705,3238.441398,3578.918359
8706,3239.237637,3575.542014
8707,3239.237637,3581.289812
8708,3239.237637,3576.082279
8709,3240.723363,3576.176663
8710,3240.723363,3579.500495
8711,3240.723363,3578.624525
8712,3240.723363,3578.626561
8713,3240.723363,3580.311401
8714,3241.335180,3580.376470
8715,3241.335180,3580.639734
8716,3242.860233,3580.838108
8717,3243.474323,3583.347569
8718,3243.474323,3580.856027
8719,3243.474323,3581.289337
8720,3243.474323,3582.907980
8721,3243.474323,3582.200054
8722,3244.567212,3583.026128
8723,3244.567212,3582.798750
8724,3245.297872,3582.827155
8725,3245.416293,3583.012029
8726,3246.801663,3584.255725
8727,3247.110847,3583.437898
8728,3247.260052,3596.257076
8729,3247.260052,3585.135432
8730,3249.569389,3588.553811
8731,3250.217301,3584.745381
8732,3250.237009,3586.732473
8733,3250.237009,3585.400382
8734,3251.646586,3586.294801
8735,3251.819081,3590.428729
8736,3251.819081,3587.528953
8737,3252.301819,3588.899671
8738,3252.625612,3589.069371
8739,3252.625612,3588.946989
8740,3252.955742,3590.206714
8741,3252.955742,3589.210524
8742,3252.955742,3594.561207
8743,3253.046293,3590.474805
8744,3253.734447,3590.933980
8745,3255.058682,3592.132778
8746,3255.058682,3591.353466
8747,3255.058682,3596.732342
8748,3255.058682,3592.358129
8749,3255.058682,3593.030623
8750,3255.058682,3593.554865
8751,3255.421358,3594.018849
8752,3255.421358,3595.323645
8753,3258.546249,3594.786186
8754,3258.861212,3595.035452
8755,3258.861212,3595.466971
8756,3259.942454,3596.385149
8757,3259.942454,3597.419614
8758,3260.238898,3597.928025
8759,3260.238898,3597.031512
8760,3260.780045,3598.425843
8761,3260.780045,3597.297995
8762,3263.133104,3598.228137
8763,3264.375738,3598.473514
8764,3264.375738,3598.127721
8765,3264.476803,3599.447964
8766,3264.476803,3600.689914
8767,3264.476803,3604.803969
8768,3264.799287,3600.733241
8769,3264.799287,3600.868244
8770,3264.799287,3601.272158
8771,3264.799287,3602.389037
8772,3266.286604,3602.268624
8773,3266.286604,3603.577842
8774,3266.286604,3604.756970
8775,3266.286604,3605.731642
8776,3266.286604,3603.634490
8777,3266.286604,3603.872042
8778,3266.286604,3605.832760
8779,3266.286604,3606.964190
8780,3266.286604,3605.092760
8781,3266.446734,3606.089273
8782,3267.367089,3606.325986
8783,3267.570410,3606.685972
8784,3267.570410,3606.816566
8785,3267.570410,3607.749856
8786,3268.216617,3608.077366
8787,3268.318525,3607.097662
8788,3268.318525,3609.773418
8789,3268.318525,3608.451250
8790,3269.010045,3609.925128
8791,3269.073614,3608.705782
8792,3269.808465,3612.036843
8793,3269.808465,3609.347556
8794,3269.841292,3609.405674
8795,3271.958526,3609.747093
8796,3273.621804,3611.146138
8797,3273.621804,3618.211431
8798,3273.646066,3611.892100
8799,3273.646066,3611.341325
8800,3274.055077,3612.857148
8801,3274.055077,3613.026612
8802,3274.055077,3614.621233
8803,3274.448651,3613.598899
8804,3274.448651,3613.229808
8805,3274.448651,3614.345869
8806,3274.448651,3615.114820
8807,3274.448651,3614.720820
8808,3274.689820,3621.396944
8809,3274.689820,3614.939639
8810,3276.220579,3615.241872
8811,3276.220579,3615.265515
8812,3276.685916,3615.828140
8813,3276.685916,3616.870039
8814,3277.724259,3618.034612
8815,3277.724259,3617.506641
8816,3277.816929,3618.827275
8817,3277.816929,3622.955500
8818,3278.426709,3619.824629
8819,3278.426709,3619.377164
8820,3278.426709,3620.579851
8821,3279.449908,3620.118733
8822,3280.307024,3620.320669
8823,3280.307024,3622.322532
8824,3280.307024,3620.718534
8825,3280.365791,3622.917158
8826,3280.365791,3625.308865
8827,3280.365791,3623.090788
8828,3281.679480,3627.127717
8829,3281.679480,3624.286860
8830,3283.522807,3625.001666
8831,3283.735703,3629.071542
8832,3283.735703,3629.217273
8833,3284.207160,3632.843914
8834,3284.207160,3629.384300
8835,3284.529867,3633.428364
8836,3284.853448,3634.366093
8837,3284.853448,3630.268119
8838,3285.478246,3631.351431
8839,3286.010056,3632.007886
8840,3286.010056,3632.636630
8841,3286.335627,3633.045810
8842,3286.680570,3634.358390
8843,3286.680570,3633.126776
8844,3286.987566,3633.388145
8845,3286.987566,3634.281212
8846,3287.656399,3634.066641
8847,3287.755960,3636.807755
8848,3287.755960,3634.958276
8849,3287.755960,3635.907471
8850,3288.012833,3635.861290
8851,3288.277232,3636.442839
8852,3288.277232,3648.537162
8853,3288.277232,3636.082638
8854,3288.277232,3638.243154
8855,3288.277232,3636.476433
8856,3291.981671,3637.793377
8857,3292.016293,3639.641532
8858,3292.016293,3637.882359
8859,3293.793428,3638.453166
8860,3294.628256,3639.913612
8861,3295.464288,3639.439631
8862,3295.464288,3640.815123
8863,3295.464288,3643.139429
8864,3295.464288,3640.804674
8865,3295.464288,3645.871707
8866,3296.300427,3641.857635
8867,3296.300427,3642.236637
8868,3297.659963,3642.259120
8869,3299.432749,3642.722345
8870,3299.701756,3644.286343
8871,3299.701756,3644.877135
8872,3299.701756,3644.391291
8873,3300.056187,3646.276505
8874,3300.150385,3646.026258
8875,3301.538572,3654.343844
8876,3302.270464,3646.852086
8877,3303.574620,3646.766903
8878,3303.574620,3647.157813
8879,3303.574620,3647.773325
8880,3303.908197,3647.164268
8881,3304.026811,3647.170421
8882,3304.353416,3647.481784
8883,3304.353416,3649.163910
8884,3304.353416,3649.745120
8885,3304.353416,3656.693305
8886,3307.213593,3649.345474
8887,3307.213593,3650.423404
8888,3307.213593,3650.285372
8889,3308.023380,3652.412632
8890,3309.769128,3650.986547
8891,3309.769128,3651.654016
8892,3309.769128,3653.307813
8893,3309.769128,3655.148675
8894,3309.769128,3654.456667
8895,3309.769128,3656.151247
8896,3311.018520,3655.812474
8897,3311.018520,3655.474384
8898,3311.310545,3656.852465
8899,3311.993552,3656.955379
8900,3311.993552,3661.518534
8901,3311.993552,3656.731310
8902,3312.717905,3658.140964
8903,3313.104442,3657.610743
8904,3313.104442,3656.994708
8905,3313.117835,3657.045493
8906,3313.117835,3657.829457
8907,3317.516741,3658.426202
8908,3317.516741,3660.477582
8909,3317.516741,3661.029699
8910,3318.020724,3659.353650
8911,3318.020724,3660.880452
8912,3318.020724,3660.586764
8913,3318.035680,3660.635850
8914,3318.035680,3661.075350
8915,3318.036154,3661.569154
8916,3318.036154,3661.258308
8917,3318.949941,3662.577166
8918,3320.580615,3661.902877
8919,3320.580615,3670.735633
8920,3320.580615,3662.253833
8921,3320.580615,3663.568024
8922,3320.580615,3666.239592
8923,3322.544262,3663.200541
8924,3322.544262,3663.287179
8925,3322.544262,3664.638843
8926,3322.544262,3664.265618
8927,3322.707077,3664.308465
8928,3322.707077,3664.960633
8929,3323.280738,3666.676234
8930,3323.346583,3668.533362
8931,3324.027884,3666.469361
8932,3324.711993,3666.887430
8933,3324.711993,3667.310269
8934,3325.522372,3666.977779
8935,3327.025229,3667.122342
8936,3327.025229,3667.866756
8937,3327.025229,3667.731459
8938,3327.126248,3668.370659
8939,3327.126248,3668.534031
8940,3327.126248,3670.837407
8941,3327.126248,3669.177324
8942,3327.126248,3669.713351
8943,3327.126248,3669.569280
8944,3327.146062,3670.899210
8945,3327.146062,3671.476065
8946,3327.411950,3672.185646
8947,3327.411950,3670.969254
8948,3327.840032,3671.518418
8949,3327.939062,3671.639807
8950,3327.939062,3672.060593
8951,3327.939062,3672.201795
8952,3328.746473,3672.812116
8953,3328.752974,3672.322834
8954,3329.716466,3674.336885
8955,3330.327929,3673.375512
8956,3330.327929,3673.405870
8957,3330.648876,3672.904344
8958,3330.670659,3673.622808
8959,3330.670659,3674.160283
8960,3330.877128,3675.505188
8961,3330.877128,3674.260011
8962,3330.877128,3674.752905
8963,3330.877128,3676.617357
8964,3331.794559,3675.635004
8965,3333.425039,3681.124607
8966,3333.425039,3677.454386
8967,3334.238269,3675.654947
8968,3334.238269,3679.541731
8969,3335.823604,3677.406175
8970,3336.201244,3678.083516
8971,3337.180361,3680.388279
8972,3337.180361,3679.809883
8973,3337.357747,3679.936186
8974,3337.357747,3682.783924
8975,3337.357747,3690.637465
8976,3338.849564,3681.326385
8977,3338.907610,3682.379751
8978,3339.168520,3681.379884
8979,3339.168520,3682.089203
8980,3339.737759,3682.940004
8981,3342.252631,3682.569398
8982,3342.565630,3683.552210
8983,3342.565630,3683.019985
8984,3342.565630,3685.074372
8985,3342.565630,3686.469775
8986,3342.565630,3686.882298
8987,3342.565630,3688.008471
8988,3344.118734,3686.587092
8989,3345.095731,3688.320641
8990,3345.681258,3690.777997
8991,3345.681258,3692.917078
8992,3346.803512,3690.367574
8993,3346.816094,3690.722316
8994,3347.120597,3703.504108
8995,3348.311004,3690.819688
8996,3349.525624,3691.845759
8997,3349.791214,3693.759721
8998,3350.192489,3692.173501
8999,3350.192489,3694.462662
9000,3350.263154,3694.643470
9001,3350.263154,3693.859177
9002,3350.263154,3694.433428
9003,3352.163144,3695.559045
9004,3352.163144,3697.687979
9005,3352.163144,3695.777523
9006,3352.163144,3697.137425
9007,3352.163144,3697.681810
9008,3352.163144,3697.360444
9009,3352.869130,3699.122190
9010,3353.039590,3698.175673
9011,3353.389999,3698.592148
9012,3354.654576,3702.249355
9013,3354.654576,3700.924013
9014,3355.621484,3699.742046
9015,3355.621484,3701.827672
9016,3355.621484,3703.325848
9017,3358.410175,3706.174819
9018,3360.522668,3704.070715
9019,3360.522668,3705.908170
9020,3360.522668,3706.643103
9021,3360.522668,3704.073786
9022,3360.522668,3707.739611
9023,3360.522668,3706.497707
9024,3361.182903,3707.892927
9025,3361.182903,3707.358091
9026,3361.228236,3708.538639
9027,3363.328921,3707.760253
9028,3363.328921,3708.089815
9029,3363.328921,3714.618391
9030,3363.328921,3708.649050
9031,3363.567864,3708.506283
9032,3363.567864,3710.863620
9033,3363.567864,3709.753967
9034,3363.567864,3709.993082
9035,3363.698223,3722.220814
9036,3363.895712,3711.904142
9037,3363.895712,3710.927603
9038,3363.895712,3711.747138
9039,3363.895712,3713.940536
9040,3363.895712,3712.389230
9041,3364.421675,3713.043886
9042,3364.421675,3715.290546
9043,3365.629656,3714.451048
9044,3365.629656,3715.111851
9045,3365.833045,3714.968050
9046,3366.178988,3715.081217
9047,3366.178988,3717.862512
9048,3366.305968,3716.133011
9049,3366.305968,3716.283492
9050,3367.075707,3716.208988
9051,3367.075707,3718.358383
9052,3367.075707,3717.796006
9053,3367.075707,3718.382229
9054,3367.075707,3721.904005
9055,3367.391501,3718.403402
9056,3367.391501,3718.512104
9057,3367.391501,3719.805999
9058,3367.391501,3719.429099
9059,3367.391501,3719.613167
9060,3367.391501,3719.653879
9061,3367.391501,3722.765199
9062,3367.391501,3721.570063
9063,3367.391501,3725.819643
9064,3367.391501,3724.280498
9065,3367.720172,3730.469794
9066,3367.720172,3723.906953
9067,3368.861001,3724.207131
9068,3368.861001,3724.272958
9069,3368.861001,3724.614393
9070,3368.861001,3727.288520
9071,3369.204624,3724.853458
9072,3369.204624,3724.886932
9073,3369.204624,3725.103442
9074,3369.204624,3727.628422
9075,3369.204624,3726.036893
9076,3369.204624,3726.677016
9077,3369.204624,3727.182111
9078,3369.204624,3727.411692
9079,3369.204624,3730.883555
9080,3370.176164,3730.240267
9081,3370.741476,3728.683764
9082,3371.230156,3729.394866
9083,3371.230156,3729.445955
9084,3372.512827,3731.460674
9085,3374.477516,3731.666439
9086,3374.759034,3733.885178
9087,3375.280732,3733.704402
9088,3375.280732,3731.722769
9089,3375.924250,3732.041204
9090,3376.129773,3736.138751
9091,3377.115309,3734.702659
9092,3377.115309,3740.862157
9093,3377.409124,3734.081037
9094,3377.409124,3734.972610
9095,3377.409124,3738.680888
9096,3377.409124,3735.242838
9097,3377.409124,3737.231648
9098,3377.409124,3736.198921
9099,3377.409124,3737.643550
9100,3377.409124,3737.566040
9101,3377.558683,3744.519997
9102,3378.393874,3737.785684
9103,3378.672770,3738.111894
9104,3378.672770,3738.769566
9105,3378.916794,3738.701422
9106,3378.916794,3739.093709
9107,3378.916794,3739.322829
9108,3379.217404,3741.643047
9109,3380.207715,3739.677943
9110,3380.309363,3740.331618
9111,3380.352967,3740.495090
9112,3380.954868,3740.875840
9113,3381.197668,3742.864410
9114,3382.432342,3740.955844
9115,3382.432342,3743.432918
9116,3382.729775,3747.485020
9117,3384.185786,3747.892610
9118,3384.185786,3744.295647
9119,3384.185786,3747.202007
9120,3384.185786,3746.021205
9121,3384.185786,3750.681128
9122,3384.185786,3747.477292
9123,3384.185786,3748.613971
9124,3384.681406,3749.504199
9125,3385.433216,3751.335489
9126,3385.433216,3751.298931
9127,3385.564722,3752.586077
9128,3386.039750,3758.894327
9129,3386.558032,3751.348392
9130,3387.897184,3758.477658
9131,3387.897184,3751.923703
9132,3387.897184,3752.779724
9133,3387.897184,3753.048897
9134,3387.897184,3752.971319
9135,3387.897184,3753.079940
9136,3388.076792,3756.101445
9137,3388.396369,3753.275283
9138,3388.396369,3756.124290
9139,3390.310318,3756.553094
9140,3390.310318,3756.650162
9141,3390.310318,3756.573250
9142,3390.460152,3757.952446
9143,3390.460152,3757.370240
9144,3390.811211,3758.469466
9145,3391.181093,3758.389696
9146,3391.584215,3759.474311
9147,3391.918224,3760.237978
9148,3391.918224,3759.875524
9149,3391.918224,3761.129511
9150,3391.918224,3759.733987
9151,3391.968941,3760.593729
9152,3392.486542,3761.593783
9153,3392.486542,3760.288691
9154,3393.610122,3762.257709
9155,3393.610122,3761.269779
9156,3393.610122,3762.879456
9157,3393.610122,3761.875401
9158,3393.610122,3761.733286
9159,3395.674650,3765.492980
9160,3396.372810,3761.907158
9161,3396.372810,3762.097702
9162,3396.372810,3763.632304
9163,3396.875577,3762.292763
9164,3396.875577,3764.218468
9165,3396.875577,3763.699967
9166,3398.119650,3764.808890
9167,3399.617368,3765.439193
9168,3400.015001,3764.689939
9169,3400.015001,3764.880310
9170,3400.015001,3766.503798
9171,3400.015001,3765.886183
9172,3400.122236,3768.075852
9173,3400.818680,3766.045854
9174,3400.818680,3766.406915
9175,3401.117204,3768.390505
9176,3404.478603,3766.791126
9177,3405.869408,3766.562803
9178,3406.493169,3768.599541
9179,3407.264446,3767.405161
9180,3407.962579,3769.795605
9181,3409.018262,3769.807619
9182,3409.079261,3770.000905
9183,3409.079261,3769.875839
9184,3409.079261,3770.528108
9185,3409.913997,3770.778112
9186,3410.403004,3772.101189
9187,3410.403004,3770.346044
9188,3410.609839,3781.017825
9189,3410.609839,3773.077723
9190,3410.774217,3771.772809
9191,3410.774217,3772.060663
9192,3412.070580,3775.063156
9193,3412.070580,3773.618061
9194,3412.070580,3773.340379
9195,3412.323029,3773.958341
9196,3413.098744,3774.582277
9197,3414.792219,3775.191706
9198,3415.034362,3774.707457
9199,3415.518454,3779.824788
9200,3415.518454,3776.735359
9201,3415.518454,3777.179142
9202,3416.015999,3776.919666
9203,3416.221598,3778.757834
9204,3416.221598,3777.909055
9205,3416.221598,3777.920539
9206,3416.221598,3777.947574
9207,3416.839592,3778.156215
9208,3416.839592,3780.571694
9209,3417.992485,3779.042643
9210,3417.992485,3780.570538
9211,3420.641899,3780.297618
9212,3420.641899,3781.479630
9213,3421.335608,3782.026210
9214,3421.335608,3782.157665
9215,3422.265243,3781.209396
9216,3422.265243,3781.402782
9217,3423.666505,3783.143519
9218,3424.541112,3782.153127
9219,3424.541112,3784.926055
9220,3424.719071,3782.378229
9221,3424.719071,3783.118687
9222,3424.719071,3786.082622
9223,3424.953302,3783.743026
9224,3427.642515,3785.566981
9225,3427.814110,3784.078662
9226,3427.814110,3784.155706
9227,3429.001315,3784.641754
9228,3429.001315,3785.142511
9229,3429.001315,3786.296514
9230,3430.557753,3785.306067
9231,3431.413733,3785.396480
9232,3432.432180,3785.999869
9233,3433.800235,3787.386201
9234,3433.800235,3786.041015
9235,3433.800235,3786.160284
9236,3433.955434,3786.281663
9237,3433.955434,3787.075300
9238,3433.955434,3786.770958
9239,3433.955434,3789.604331
9240,3434.524487,3786.885128
9241,3434.524487,3787.870129
9242,3434.524487,3787.795213
9243,3434.524487,3790.960279
9244,3435.195258,3788.438738
9245,3435.195258,3788.029042
9246,3435.319442,3788.767394
9247,3435.319442,3789.282300
9248,3435.679166,3792.012977
9249,3436.516404,3790.215365
9250,3436.516404,3791.381504
9251,3436.516404,3790.400889
9252,3436.534589,3791.988604
9253,3436.534589,3794.648833
9254,3436.655390,3792.360712
9255,3436.655390,3792.119436
9256,3437.038909,3792.236099
9257,3437.494975,3792.593448
9258,3437.655551,3796.185422
9259,3437.655551,3792.993982
9260,3438.701257,3792.945618
9261,3438.701257,3793.911731
9262,3438.701257,3795.054915
9263,3438.701257,3796.703222
9264,3438.701257,3796.381883
9265,3439.205383,3795.840921
9266,3439.289231,3799.955288
9267,3439.289231,3796.474114
9268,3440.498026,3797.606660
9269,3442.133662,3796.510900
9270,3442.133662,3796.655787
9271,3442.133662,3797.281338
9272,3442.489759,3797.563159
9273,3442.489759,3799.099448
9274,3442.489759,3798.235287
9275,3442.489759,3802.002498
9276,3442.489759,3800.080302
9277,3442.489759,3800.384023
9278,3442.489759,3801.274598
9279,3442.489759,3800.201088
9280,3442.489759,3805.310288
9281,3443.465581,3803.140193
9282,3444.027834,3808.072599
9283,3446.806729,3808.927116
9284,3447.061015,3804.349075
9285,3447.061015,3810.491606
9286,3447.061015,3805.953645
9287,3447.061015,3807.771544
9288,3447.279255,3809.720017
9289,3447.279255,3812.445188
9290,3447.282610,3813.061289
9291,3448.484405,3810.739421
9292,3450.373671,3812.421892
9293,3451.227446,3813.048372
9294,3452.416382,3812.472367
9295,3452.577881,3814.973343
9296,3453.780344,3814.397100
9297,3454.144414,3813.551707
9298,3454.144414,3813.889199
9299,3455.367351,3814.707631
9300,3455.367351,3815.189200
9301,3455.367351,3814.600802
9302,3455.367351,3817.620700
9303,3455.367351,3816.656003
9304,3455.367351,3823.099131
9305,3457.058041,3818.687371
9306,3457.058041,3817.036767
9307,3457.342256,3817.468008
9308,3457.342256,3817.550210
9309,3457.342256,3818.031955
9310,3457.342256,3817.832515
9311,3457.342256,3818.255211
9312,3457.342256,3818.160853
9313,3457.342256,3818.486987
9314,3459.806059,3818.259818
9315,3460.259477,3818.894031
9316,3461.139533,3818.639019
9317,3461.139533,3820.103771
9318,3461.173009,3820.504413
9319,3461.173009,3818.955589
9320,3461.338605,3824.064292
9321,3461.338605,3820.106846
9322,3462.306846,3820.941633
9323,3462.306846,3822.467135
9324,3462.306846,3821.435680
9325,3463.770114,3822.093647
9326,3463.785390,3823.843381
9327,3464.718772,3822.628541
9328,3464.718772,3824.079293
9329,3465.626376,3835.591007
9330,3465.626376,3824.619556
9331,3466.321662,3824.395780
9332,3468.580569,3829.317456
9333,3469.747220,3827.143423
9334,3469.747220,3825.088329
9335,3469.747220,3825.449999
9336,3469.747220,3827.369460
9337,3469.747220,3827.613150
9338,3470.168036,3828.127574
9339,3470.168036,3828.258843
9340,3470.168036,3830.156922
9341,3470.168036,3829.756349
9342,3470.168036,3830.480410
9343,3470.168036,3830.825216
9344,3470.168036,3833.067760
9345,3470.291189,3834.818045
9346,3470.291189,3831.432603
9347,3470.794623,3831.644511
9348,3470.794623,3831.928926
9349,3470.794623,3833.733691
9350,3470.794623,3834.195323
9351,3471.686879,3833.947061
9352,3473.898593,3837.335824
9353,3473.898593,3835.279996
9354,3473.898593,3839.632830
9355,3473.898593,3837.127342
9356,3473.898593,3835.747304
9357,3473.898593,3836.130438
9358,3474.294292,3836.392537
9359,3474.294292,3838.649544
9360,3474.294292,3837.242042
9361,3474.294292,3839.538392
9362,3475.211021,3837.660644
9363,3475.211021,3841.299275
9364,3475.211021,3840.450146
9365,3475.640209,3841.428991
9366,3475.640209,3840.545058
9367,3478.146007,3841.061245
9368,3478.146007,3842.869053
9369,3478.146007,3841.143856
9370,3478.146007,3841.401499
9371,3478.146007,3844.367296
9372,3478.146007,3842.687258
9373,3478.146007,3842.369948
9374,3478.481181,3844.524889
9375,3479.240153,3843.914336
9376,3479.240153,3846.490857
9377,3479.240153,3846.242327
9378,3479.240153,3845.457182
9379,3479.240153,3847.024128
9380,3479.240153,3846.303392
9381,3479.499783,3847.687306
9382,3479.499783,3847.966690
9383,3479.499783,3847.782115
9384,3479.499783,3847.709117
9385,3479.499783,3848.394299
9386,3480.699185,3847.784219
9387,3480.699185,3854.808153
9388,3481.309278,3847.795147
9389,3482.255330,3847.884499
9390,3482.255330,3848.731564
9391,3482.279774,3848.631265
9392,3482.279774,3849.178359
9393,3483.782154,3849.151573
9394,3483.782154,3848.819679
9395,3485.468395,3849.861843
9396,3485.468395,3849.397441
9397,3485.966514,3852.976758
9398,3485.966514,3850.192853
9399,3485.966514,3850.888846
9400,3486.764884,3850.924317
9401,3486.764884,3851.062800
9402,3487.431491,3854.332040
9403,3488.922418,3851.584381
9404,3488.922418,3855.002863
9405,3489.856840,3863.355375
9406,3490.078282,3854.859314
9407,3490.537780,3857.344303
9408,3490.537780,3859.012137
9409,3490.802746,3857.406316
9410,3491.716330,3857.768939
9411,3491.716330,3858.449678
9412,3495.771748,3866.283580
9413,3495.771748,3859.525740
9414,3495.771748,3859.753624
9415,3495.771748,3861.012359
9416,3496.419488,3861.920835
9417,3496.564892,3861.387189
9418,3496.888637,3862.664396
9419,3499.942924,3862.728630
9420,3500.416674,3862.806229
9421,3500.547317,3865.816044
9422,3500.547317,3863.898798
9423,3501.159104,3864.277204
9424,3501.159104,3867.220562
9425,3501.222482,3873.510453
9426,3505.619458,3867.328571
9427,3505.619458,3869.083699
9428,3505.619458,3867.587778
9429,3505.619458,3868.413995
9430,3505.619458,3867.765892
9431,3506.244882,3868.498834
9432,3506.244882,3868.775416
9433,3507.011160,3869.649560
9434,3507.011160,3868.958178
9435,3507.645869,3871.433735
9436,3507.667560,3873.043412
9437,3507.667560,3870.660130
9438,3507.667560,3872.056994
9439,3508.188713,3871.724219
9440,3508.188713,3872.553565
9441,3509.954015,3873.032663
9442,3509.954015,3873.341902
9443,3516.252174,3873.191407
9444,3516.252174,3873.492931
9445,3516.309561,3874.244166
9446,3516.309561,3873.952130
9447,3517.398985,3874.037365
9448,3517.398985,3876.450275
9449,3517.398985,3874.795035
9450,3518.830269,3877.827750
9451,3518.830269,3875.120275
9452,3518.830269,3877.633663
9453,3518.830269,3875.595600
9454,3518.988766,3876.178422
9455,3518.988766,3876.633823
9456,3518.988766,3877.437420
9457,3519.393120,3878.241452
9458,3519.393120,3877.663269
9459,3519.393120,3878.651729
9460,3520.337089,3884.710375
9461,3520.337089,3878.319140
9462,3520.337089,3878.280772
9463,3520.723233,3878.689079
9464,3520.723233,3889.351521
9465,3520.723233,3880.806034
9466,3522.877631,3878.775460
9467,3523.716985,3878.997544
9468,3524.874268,3879.225350
9469,3524.886548,3880.877333
9470,3524.886548,3882.580240
9471,3524.886548,3890.004700
9472,3525.129300,3887.282752
9473,3525.129300,3888.970390
9474,3525.129300,3887.434764
9475,3525.227897,3888.286509
9476,3525.291758,3890.233262
9477,3525.291758,3892.790033
9478,3525.523682,3891.228086
9479,3525.523682,3890.259450
9480,3525.947131,3891.607568
9481,3525.947131,3890.309506
9482,3525.947131,3892.000862
9483,3526.400310,3892.379999
9484,3527.176528,3892.127545
9485,3527.176528,3892.592576
9486,3527.264493,3894.347094
9487,3527.264493,3897.697625
9488,3527.264493,3894.500699
9489,3527.264493,3895.290201
9490,3527.264493,3894.596207
9491,3528.109682,3895.622021
9492,3528.389796,3895.860891
9493,3528.389796,3896.527324
9494,3528.587645,3896.277415
9495,3528.587645,3896.614718
9496,3528.587645,3897.089276
9497,3528.587645,3899.985804
9498,3528.782334,3897.289867
9499,3528.925519,3898.972167
9500,3528.925519,3898.371305
9501,3529.896590,3911.940418
9502,3530.377046,3901.384907
9503,3530.377046,3900.797859
9504,3530.613098,3900.640064
9505,3530.613098,3901.327221
9506,3530.615565,3902.055678
9507,3530.615565,3901.459177
9508,3530.615565,3904.403408
9509,3530.638254,3902.052954
9510,3531.398892,3909.273668
9511,3531.398892,3902.421675
9512,3534.004956,3902.480640
9513,3534.224428,3903.562755
9514,3534.395792,3903.800269
9515,3535.726420,3905.709018
9516,3535.805763,3906.036159
9517,3536.685983,3907.041714
9518,3536.685983,3908.869454
9519,3536.685983,3907.351433
9520,3536.685983,3909.585185
9521,3536.855707,3910.503628
9522,3537.919016,3909.471271
9523,3538.050692,3913.351193
9524,3538.050692,3911.002128
9525,3538.050692,3917.977666
9526,3538.050692,3911.129856
9527,3538.050692,3912.149457
9528,3538.050692,3912.485356
9529,3538.050692,3912.345051
9530,3539.330216,3912.886854
9531,3539.832344,3916.328733
9532,3539.832344,3913.027830
9533,3540.530892,3913.454599
9534,3540.530892,3913.435408
9535,3542.652487,3918.766248
9536,3543.685250,3913.651368
9537,3544.269363,3914.223202
9538,3544.269363,3914.581807
9539,3544.409241,3915.889528
9540,3544.409241,3918.454122
9541,3544.409241,3923.295948
9542,3544.409241,3919.021756
9543,3544.409241,3919.422439
9544,3544.409241,3920.787786
9545,3549.406035,3921.392595
9546,3549.406035,3921.027615
9547,3549.406035,3921.752542
9548,3549.406035,3921.256755
9549,3549.506133,3921.737989
9550,3549.506133,3921.615283
9551,3549.565291,3921.860398
9552,3549.640656,3922.358727
9553,3549.640656,3924.432691
9554,3549.640656,3922.233666
9555,3549.912095,3925.846155
9556,3549.912095,3928.592368
9557,3550.072507,3925.318012
9558,3550.072507,3926.303179
9559,3550.313117,3926.224056
9560,3550.436790,3927.279068
9561,3550.436790,3927.444618
9562,3550.436790,3926.542507
9563,3550.436790,3926.795877
9564,3550.773029,3927.101002
9565,3550.773029,3928.413248
9566,3550.822131,3928.194658
9567,3551.463925,3935.496437
9568,3551.463925,3930.222139
9569,3552.380507,3932.321150
9570,3553.125389,3930.092421
9571,3554.628679,3931.270244
9572,3554.628679,3931.715272
9573,3554.628679,3931.565348
9574,3554.750425,3931.753367
9575,3555.604407,3932.926238
9576,3555.604407,3932.013471
9577,3555.604407,3933.238337
9578,3555.604407,3932.472700
9579,3555.604407,3933.471542
9580,3556.075700,3933.129177
9581,3556.251018,3937.312981
9582,3557.054330,3934.234844
9583,3557.054330,3935.708547
9584,3557.054330,3934.781802
9585,3557.815880,3934.809296
9586,3557.815880,3935.074261
9587,3557.815880,3935.524831
9588,3558.109924,3940.692225
9589,3558.109924,3936.926604
9590,3558.109924,3942.735756
9591,3558.421421,3938.420056
9592,3558.450930,3937.625206
9593,3558.450930,3939.401008
9594,3558.693246,3938.503728
9595,3558.960189,3939.695353
9596,3560.017357,3939.745683
9597,3561.020429,3940.490726
9598,3561.490812,3940.196733
9599,3563.136488,3940.950107
9600,3563.136488,3940.773862
9601,3564.349300,3944.915052
9602,3565.208369,3941.672397
9603,3566.730008,3941.008636
9604,3566.730008,3942.892366
9605,3566.730008,3942.579305
9606,3570.605536,3943.348758
9607,3570.605536,3946.399642
9608,3570.605536,3944.552982
9609,3570.605536,3945.664922
9610,3570.605536,3946.445034
9611,3572.417640,3954.607691
9612,3572.945579,3945.738255
9613,3573.637829,3947.004135
9614,3573.637829,3948.815217
9615,3573.637829,3947.610816
9616,3573.756214,3948.750436
9617,3574.630512,3950.836746
9618,3574.630512,3950.799788
9619,3574.630512,3949.508781
9620,3574.630512,3950.204104
9621,3574.630512,3951.572462
9622,3574.630512,3950.905402
9623,3574.727610,3952.610405
9624,3574.872333,3951.136355
9625,3574.984718,3951.241302
9626,3574.984718,3952.642280
9627,3574.984718,3952.704129
9628,3578.425931,3952.784953
9629,3578.425931,3955.492720
9630,3578.425931,3954.307540
9631,3578.690760,3953.787831
9632,3579.729152,3954.155191
9633,3579.729152,3955.826056
9634,3579.729152,3956.808025
9635,3579.729152,3956.791078
9636,3579.729152,3956.385468
9637,3582.159413,3960.201758
9638,3582.487109,3957.225843
9639,3582.487109,3969.400997
9640,3582.487109,3958.384526
9641,3583.109525,3957.247690
9642,3583.321216,3957.316858
9643,3584.696765,3959.859540
9644,3584.696765,3963.649886
9645,3586.922833,3960.219020
9646,3586.922833,3963.531299
9647,3586.922833,3963.472048
9648,3588.851482,3964.161216
9649,3589.105463,3964.076322
9650,3589.105463,3963.679081
9651,3589.111653,3976.401779
9652,3589.786368,3969.820802
9653,3590.102620,3964.431277
9654,3590.757425,3965.102254
9655,3590.757425,3965.807276
9656,3590.757425,3965.886150
9657,3591.046797,3966.308528
9658,3591.723452,3966.830294
9659,3592.317942,3967.012606
9660,3592.755202,3967.389158
9661,3592.755202,3972.304363
9662,3592.755202,3975.250795
9663,3592.755202,3971.979813
9664,3592.786819,3972.493875
9665,3592.823014,3972.842914
9666,3592.823014,3976.061718
9667,3592.923599,3973.533896
9668,3593.264416,3973.683493
9669,3593.264416,3975.169112
9670,3593.264416,3975.257713
9671,3593.264416,3980.669890
9672,3593.264416,3975.891794
9673,3594.686291,3977.114344
9674,3595.203079,3977.220362
9675,3595.203079,3976.976995
9676,3595.257624,3977.098384
9677,3595.862604,3979.082144
9678,3595.862604,3977.217529
9679,3596.529202,3977.475031
9680,3596.870982,3978.456741
9681,3599.034585,3979.178302
9682,3599.034585,3979.642750
9683,3599.034585,3981.808719
9684,3599.482231,3979.779809
9685,3599.482231,3981.052479
9686,3599.482231,3980.440736
9687,3599.602786,3981.740441
9688,3599.785800,3983.544572
9689,3600.330404,3983.071115
9690,3601.245490,3981.821236
9691,3601.245490,3986.127423
9692,3601.575124,3982.614460
9693,3601.575124,3984.337255
9694,3601.993025,3985.485019
9695,3601.993025,3984.373496
9696,3601.993025,3985.562765
9697,3601.993025,3986.016757
9698,3602.219267,3991.563333
9699,3603.591802,3987.042700
9700,3603.732044,3992.266158
9701,3603.825983,3988.277488
9702,3604.035132,3987.659463
9703,3605.260186,3988.396060
9704,3605.311132,3989.523785
9705,3605.960957,3991.428017
9706,3605.960957,3989.980540
9707,3606.812907,3991.807851
9708,3606.812907,3992.581101
9709,3606.814283,3997.189526
9710,3606.814283,3999.303015
9711,3608.736401,3992.644184
9712,3608.736401,3994.980984
9713,3610.063162,3995.274330
9714,3610.362530,3995.284922
9715,3610.362530,3995.870960
9716,3612.164570,3995.572683
9717,3612.164570,3997.177653
9718,3613.168648,4001.452480
9719,3613.168648,3997.615203
9720,3613.538488,3997.820201
9721,3613.674076,3997.783207
9722,3613.869301,3998.958074
9723,3614.092805,3997.964935
9724,3614.973387,3998.259155
9725,3615.759698,4000.502922
9726,3617.852156,4000.912339
9727,3617.852156,3999.944399
9728,3617.852156,4000.533938
9729,3617.852156,4001.546764
9730,3618.011206,4002.278505
9731,3619.415020,4001.362005
9732,3619.415020,4001.869911
9733,3619.415020,4002.306314
9734,3619.942493,4002.772678
9735,3619.942493,4002.427786
9736,3620.556168,4004.311857
9737,3620.556168,4004.671146
9738,3620.556168,4003.764985
9739,3620.728974,4005.410907
9740,3620.728974,4003.882674
9741,3621.807210,4003.892709
9742,3621.807210,4004.264015
9743,3621.807210,4005.005235
9744,3622.202680,4006.737596
9745,3622.202680,4006.395081
9746,3623.328327,4005.948749
9747,3624.436300,4007.205469
9748,3626.450931,4010.931559
9749,3627.880634,4008.188712
9750,3629.521069,4007.964321
9751,3629.521069,4008.000501
9752,3629.521069,4008.643790
9753,3630.144594,4008.250557
9754,3630.144594,4012.821253
9755,3630.565794,4009.180895
9756,3630.804312,4012.956191
9757,3631.610758,4009.828104
9758,3631.610758,4012.810942
9759,3631.610758,4012.815354
9760,3632.048390,4013.588878
9761,3632.048390,4013.462592
9762,3632.048390,4014.576049
9763,3632.048390,4022.353565
9764,3633.003672,4013.819916
9765,3633.003672,4014.096783
9766,3633.803002,4013.904668
9767,3633.803002,4014.213841
9768,3633.803002,4015.505709
9769,3633.803002,4015.148450
9770,3634.710778,4014.778074
9771,3636.532205,4020.307610
9772,3636.532205,4015.891351
9773,3637.826745,4018.108600
9774,3637.826745,4017.085835
9775,3637.957269,4018.448309
9776,3640.616273,4019.474455
9777,3641.366177,4020.470876
9778,3642.183557,4022.859772
9779,3642.316684,4021.807188
9780,3642.316684,4020.949150
9781,3642.543987,4021.717738
9782,3642.543987,4025.112815
9783,3642.591319,4022.317624
9784,3642.591319,4029.102884
9785,3642.750762,4024.582106
9786,3643.374541,4023.446215
9787,3643.374541,4025.489694
9788,3643.627072,4028.901974
9789,3645.567534,4026.676424
9790,3645.567534,4025.841557
9791,3645.670770,4026.300302
9792,3646.062030,4027.108375
9793,3646.062030,4028.476214
9794,3646.337785,4027.953909
9795,3646.337785,4027.988102
9796,3646.811121,4029.432821
9797,3646.811121,4029.722551
9798,3646.811121,4029.575459
9799,3646.811121,4034.871839
9800,3646.811121,4029.490849
9801,3646.811121,4032.137292
9802,3646.811121,4030.914662
9803,3646.811121,4030.598664
9804,3646.811121,4031.031386
9805,3646.981030,4032.122908
9806,3647.424896,4032.754185
9807,3647.539949,4033.156685
9808,3647.539949,4035.385771
9809,3647.758953,4035.257590
9810,3647.988942,4035.320450
9811,3647.988942,4036.104719
9812,3647.988942,4035.776072
9813,3648.895809,4039.103872
9814,3648.895809,4035.618380
9815,3648.895809,4036.036709
9816,3648.930170,4035.862970
9817,3649.951255,4037.134464
9818,3650.514245,4044.945087
9819,3650.514245,4036.804783
9820,3651.083966,4040.920883
9821,3651.083966,4037.772098
9822,3651.083966,4040.348415
9823,3651.083966,4043.172151
9824,3651.083966,4040.430178
9825,3651.083966,4040.886729
9826,3651.083966,4041.181490
9827,3651.440802,4047.871542
9828,3651.870735,4042.596966
9829,3651.870735,4046.204770
9830,3652.020043,4045.221161
9831,3652.099073,4045.083036
9832,3652.984447,4045.220175
9833,3653.552498,4051.135514
9834,3653.552498,4045.533028
9835,3654.492558,4048.028254
9836,3654.492558,4046.649763
9837,3655.138662,4047.524690
9838,3655.544186,4048.760757
9839,3655.845525,4052.619257
9840,3656.475104,4050.324671
9841,3656.475104,4050.078072
9842,3656.475104,4051.359986
9843,3656.475104,4050.357159
9844,3657.367511,4051.988455
9845,3657.367511,4051.241710
9846,3659.104772,4052.865711
9847,3659.104772,4054.420087
9848,3659.601250,4052.190169
9849,3659.601250,4055.986539
9850,3659.601250,4052.630258
9851,3659.601250,4057.482457
9852,3661.718105,4053.329805
9853,3661.718105,4055.221212
9854,3662.147782,4055.385308
9855,3662.147782,4056.362939
9856,3662.147782,4055.528019
9857,3662.533207,4055.721427
9858,3662.533207,4056.228058
9859,3662.533207,4061.331280
9860,3662.533207,4057.157748
9861,3663.332293,4056.874390
9862,3663.332293,4056.897559
9863,3663.332293,4057.101354
9864,3663.332293,4057.946769
9865,3663.417705,4057.592257
9866,3664.409041,4058.383348
9867,3664.435830,4058.699275
9868,3665.599863,4058.017722
9869,3665.816254,4062.756617
9870,3665.816254,4060.144685
9871,3665.816254,4059.277299
9872,3665.816254,4061.242138
9873,3665.826476,4064.858727
9874,3665.826476,4061.285647
9875,3665.826476,4062.032191
9876,3666.459667,4064.127660
9877,3667.016711,4063.832087
9878,3667.016711,4063.972227
9879,3667.495574,4065.859559
9880,3668.178557,4064.462385
9881,3669.363273,4068.213587
9882,3669.363273,4066.393395
9883,3669.560618,4070.283153
9884,3669.560618,4066.643544
9885,3669.560618,4067.147380
9886,3669.560618,4066.853301
9887,3669.560618,4067.323755
9888,3669.560618,4068.943773
9889,3671.343650,4069.337110
9890,3671.552420,4070.286434
9891,3671.552420,4069.196246
9892,3671.552420,4070.340355
9893,3671.552420,4070.102522
9894,3671.888783,4070.218401
9895,3671.888783,4072.736725
9896,3671.888783,4071.062157
9897,3672.014529,4071.019888
9898,3672.014529,4070.776721
9899,3672.430589,4072.600154
9900,3672.572636,4073.479259
9901,3672.572636,4076.119929
9902,3672.670431,4073.360724
9903,3672.835806,4074.270205
9904,3672.835806,4073.877066
9905,3672.835806,4076.678102
9906,3672.835806,4074.200992
9907,3673.323246,4075.342235
9908,3673.323246,4074.271617
9909,3673.323246,4075.356835
9910,3673.835301,4076.097317
9911,3674.959367,4075.671619
9912,3675.691227,4079.386626
9913,3675.691227,4077.581546
9914,3678.813256,4079.656020
9915,3678.813256,4089.853679
9916,3678.813256,4079.432772
9917,3678.813256,4081.321503
9918,3679.176679,4079.617977
9919,3679.176679,4080.676083
9920,3679.535616,4080.768487
9921,3679.595497,4082.017417
9922,3679.595497,4087.386802
9923,3679.953595,4083.803819
9924,3681.542552,4083.378793
9925,3681.542552,4083.488766
9926,3681.542552,4083.568248
9927,3682.114068,4087.811618
9928,3683.122598,4084.811538
9929,3683.700690,4086.284676
9930,3683.981020,4087.806972
9931,3684.202074,4088.629920
9932,3684.202074,4090.345568
9933,3684.202074,4089.387123
9934,3686.518577,4091.267317
9935,3686.521134,4089.745994
9936,3687.363574,4089.813344
9937,3687.363574,4091.343931
9938,3687.964548,4090.695251
9939,3687.964548,4091.596458
9940,3689.553874,4093.092871
9941,3691.205373,4095.206677
9942,3691.335513,4093.793369
9943,3691.335513,4091.679151
9944,3691.335513,4091.854260
9945,3691.335513,4091.978569
9946,3691.335513,4092.717086
9947,3691.335513,4093.276637
9948,3691.335513,4096.293352
9949,3691.641163,4093.288273
9950,3691.641163,4093.292183
9951,3692.698411,4093.888340
9952,3692.698411,4093.935066
9953,3692.698411,4094.372520
9954,3693.482265,4094.508993
9955,3693.637763,4094.956644
9956,3693.637763,4095.518595
9957,3693.712613,4096.280546
9958,3693.729627,4095.519399
9959,3693.760136,4095.828596
9960,3693.760136,4099.192991
9961,3693.760136,4097.730993
9962,3694.217754,4096.574564
9963,3695.123370,4099.010368
9964,3695.781546,4097.708604
9965,3696.554212,4099.368757
9966,3696.554212,4098.726688
9967,3697.444527,4099.708531
9968,3699.105662,4103.941589
9969,3700.125387,4108.681677
9970,3700.125387,4100.065785
9971,3700.798280,4099.927697
9972,3701.417476,4100.653312
9973,3701.417476,4100.644377
9974,3701.417476,4101.842554
9975,3701.417476,4102.354522
9976,3701.417476,4105.821202
9977,3701.658518,4103.871233
9978,3701.658518,4106.219729
9979,3701.658518,4105.466288
9980,3701.860103,4110.060001
9981,3701.949739,4106.981348
9982,3703.370988,4108.325036
9983,3703.370988,4107.166033
9984,3703.370988,4107.428308
9985,3703.452242,4108.175336
9986,3703.857900,4109.537533
9987,3703.857900,4109.655465
9988,3704.649118,4108.694003
9989,3704.649118,4109.098087
9990,3704.649118,4117.069004
9991,3704.729024,4109.564413
9992,3705.337259,4111.191870
9993,3705.677885,4113.675515
9994,3705.677885,4112.581067
9995,3705.677885,4112.870407
9996,3705.677885,4116.717002
9997,3705.677885,4114.674349
9998,3706.254406,4117.277975
9999,3706.721950,4115.351516
10000,3706.721950,4115.597409
10001,3706.721950,4116.427123
10002,3707.484920,4118.455208
10003,3707.484920,4124.961302
10004,3707.484920,4119.787342
10005,3707.484920,4117.954880
10006,3707.484920,4119.233651
10007,3707.655948,4118.610618
10008,3708.327535,4118.779273
10009,3708.536404,4119.813520
10010,3708.674191,4119.619621
10011,3708.894091,4120.206632
10012,3709.215266,4122.563365
10013,3710.625076,4122.423269
10014,3716.392090,4120.581090
10015,3716.392090,4122.835100
10016,3717.200037,4122.989623
10017,3719.331753,4124.475582
10018,3719.491243,4123.611279
10019,3720.275952,4123.102180
10020,3720.275952,4124.753747
10021,3720.366171,4124.610814
10022,3720.730303,4127.403754
10023,3720.730303,4126.455438
10024,3720.730303,4124.821190
10025,3721.077563,4127.038661
10026,3721.253552,4127.492476
10027,3721.428721,4126.549684
10028,3721.428721,4129.082153
10029,3722.285116,4128.108571
10030,3723.489764,4130.465409
10031,3723.489764,4130.479152
10032,3723.489764,4129.024733
10033,3723.489764,4131.532734
10034,3723.489764,4130.784710
10035,3723.489764,4133.482565
10036,3723.607325,4133.750281
10037,3723.607325,4130.849726
10038,3724.394064,4130.866953
10039,3724.795011,4132.453667
10040,3726.309747,4131.786154
10041,3726.309747,4132.327252
10042,3726.362562,4132.632321
10043,3727.897030,4133.260275
10044,3727.897030,4133.677038
10045,3727.897030,4133.906880
10046,3727.897030,4139.019299
10047,3727.897030,4134.065645
10048,3727.897030,4135.549279
10049,3728.205521,4135.289800
10050,3728.603961,4135.237758
10051,3728.603961,4135.289613
10052,3728.983224,4135.371401
10053,3729.073245,4136.377201
10054,3729.073245,4135.393618
10055,3729.281608,4135.727481
10056,3729.281608,4135.751178
10057,3729.281608,4137.200046
10058,3729.343119,4138.524006
10059,3729.978172,4141.363490
10060,3729.978172,4137.991985
10061,3730.699290,4139.233367
10062,3730.699290,4140.385953
10063,3731.199557,4143.279617
10064,3731.199557,4139.712194
10065,3731.432765,4140.114768
10066,3731.753669,4140.634287
10067,3731.753669,4141.945315
10068,3731.836344,4143.558537
10069,3732.392749,4141.975394
10070,3732.392749,4143.506105
10071,3734.790184,4146.164509
10072,3734.790184,4143.728954
10073,3734.790184,4145.877537
10074,3734.790184,4144.095733
10075,3734.790184,4148.053829
10076,3734.790184,4146.274052
10077,3734.790184,4146.916559
10078,3735.965886,4146.943355
10079,3736.099233,4151.849799
10080,3736.834572,4148.050697
10081,3737.733473,4147.585921
10082,3738.604934,4148.151029
10083,3738.604934,4149.013840
10084,3738.632805,4150.323489
10085,3738.796881,4149.116374
10086,3738.796881,4150.127284
10087,3739.095187,4149.587319
10088,3739.095187,4149.610714
10089,3740.339175,4149.907350
10090,3740.339175,4154.983560
10091,3740.339175,4152.320621
10092,3740.368621,4154.568870
10093,3740.901513,4151.967279
10094,3741.037153,4152.022043
10095,3741.037153,4152.601238
10096,3741.037153,4155.006458
10097,3742.794388,4152.810529
10098,3743.491064,4153.129899
10099,3744.704484,4154.170382
10100,3744.971334,4155.058380
10101,3746.096591,4154.972720
10102,3746.583230,4156.841450
10103,3746.825756,4155.391741
10104,3747.084161,4158.896381
10105,3747.084161,4156.049898
10106,3747.084161,4156.241511
10107,3747.997523,4157.357730
10108,3747.997523,4156.733897
10109,3749.324438,4157.456130
10110,3750.529840,4157.406505
10111,3750.934356,4158.544198
10112,3751.766849,4157.793962
10113,3751.766849,4163.523626
10114,3752.125842,4157.932457
10115,3753.174764,4159.104111
10116,3753.679785,4158.609756
10117,3753.679785,4160.320527
10118,3753.679785,4159.127917
10119,3753.679785,4161.259348
10120,3753.679785,4159.182618
10121,3754.372067,4168.315952
10122,3754.372067,4162.131778
10123,3755.648478,4164.694482
10124,3755.648478,4162.149844
10125,3755.648478,4164.072914
10126,3755.648478,4164.533486
10127,3755.648478,4164.163514
10128,3755.770134,4164.241864
10129,3755.770134,4167.917068
10130,3755.915597,4164.634766
10131,3755.915597,4165.114215
10132,3755.915597,4165.984611
10133,3756.862916,4167.778965
10134,3756.862916,4170.189210
10135,3756.862916,4168.680479
10136,3757.852181,4169.267774
10137,3758.467591,4172.062494
10138,3758.919785,4168.695202
10139,3759.053438,4170.427190
10140,3759.053438,4169.576930
10141,3759.501538,4170.019320
10142,3759.958386,4171.526636
10143,3761.966625,4173.998232
10144,3762.155027,4170.698051
10145,3762.155027,4172.345221
10146,3762.856142,4172.173210
10147,3762.856142,4175.079749
10148,3763.439148,4172.552602
10149,3763.663614,4172.383774
10150,3763.774365,4172.521537
10151,3763.774365,4172.538294
10152,3763.774365,4174.214506
10153,3764.478898,4173.043938
10154,3765.394457,4173.192510
10155,3765.415809,4173.530840
10156,3765.536855,4174.551571
10157,3768.660226,4176.708725
10158,3768.858328,4174.357176
10159,3768.917903,4174.687170
10160,3768.917903,4176.032492
10161,3769.359100,4175.441984
10162,3769.359100,4175.553849
10163,3770.022978,4176.588072
10164,3770.768679,4178.711866
10165,3771.212857,4176.645356
10166,3771.284586,4179.836326
10167,3771.284586,4177.619858
10168,3771.284586,4183.625581
10169,3771.620456,4179.165503
10170,3772.365607,4179.311202
10171,3772.662080,4181.462768
10172,3773.010018,4182.287624
10173,3773.163340,4186.282448
10174,3773.319774,4182.186900
10175,3774.993467,4182.475560
10176,3775.157468,4182.709515
10177,3775.157468,4182.646764
10178,3775.157468,4182.795330
10179,3775.157468,4193.809587
10180,3775.334709,4182.827438
10181,3775.718033,4183.073947
10182,3776.181009,4183.512403
10183,3776.406496,4184.357405
10184,3776.406496,4189.466096
10185,3778.181916,4184.668686
10186,3778.181916,4185.006670
10187,3779.515810,4185.267230
10188,3781.357789,4185.380224
10189,3781.357789,4185.543058
10190,3781.357789,4186.311967
10191,3781.357789,4192.467002
10192,3781.357789,4187.167587
10193,3781.509187,4188.394018
10194,3782.794801,4189.201965
10195,3782.874547,4189.298962
10196,3782.874547,4190.503235
10197,3782.874547,4195.333648
10198,3783.187530,4192.689663
10199,3784.301793,4193.402866
10200,3784.509283,4195.023028
10201,3784.509283,4195.105810
10202,3784.509283,4193.913868
10203,3786.291538,4195.005358
10204,3787.001014,4200.138617
10205,3787.001014,4195.472505
10206,3787.001014,4197.233594
10207,3787.246300,4201.372512
10208,3787.698737,4195.729249
10209,3788.880042,4196.305390
10210,3790.407280,4198.706473
10211,3790.708788,4199.868274
10212,3791.803332,4200.826101
10213,3791.803332,4199.960453
10214,3791.803332,4201.684235
10215,3791.904431,4202.925150
10216,3794.436281,4201.305606
10217,3795.959669,4201.731973
10218,3796.518430,4202.666230
10219,3798.561155,4203.951624
10220,3798.609232,4202.710279
10221,3798.609232,4205.132206
10222,3801.015949,4204.186561
10223,3801.015949,4211.626825
10224,3801.015949,4206.249957
10225,3801.015949,4207.323942
10226,3801.015949,4209.310600
10227,3801.015949,4208.472042
10228,3802.083146,4207.897963
10229,3802.297775,4210.828208
10230,3802.305264,4209.513710
10231,3802.374792,4210.018249
10232,3802.858451,4209.830963
10233,3802.858451,4212.077016
10234,3804.044352,4212.145651
10235,3804.114265,4211.379780
10236,3804.114265,4212.996716
10237,3804.308765,4212.999709
10238,3804.872648,4214.935423
10239,3804.872648,4215.749916
10240,3805.874564,4213.145013
10241,3806.312642,4213.092749
10242,3806.312642,4215.213271
10243,3806.584580,4215.098820
10244,3806.584580,4215.927937
10245,3807.860433,4217.765491
10246,3807.860433,4220.221439
10247,3809.196970,4217.766647
10248,3809.196970,4218.707736
10249,3809.196970,4217.891359
10250,3809.622742,4224.050890
10251,3809.622742,4218.285328
10252,3810.184223,4218.563532
10253,3810.184223,4219.686295
10254,3810.184223,4219.424902
10255,3810.547747,4221.274551
10256,3810.881450,4220.382930
10257,3811.506052,4221.499267
10258,3811.815852,4220.888726
10259,3811.815852,4220.955672
10260,3811.815852,4221.464583
10261,3811.855417,4223.341855
10262,3811.855417,4221.552784
10263,3812.074653,4221.833793
10264,3812.074653,4221.889482
10265,3812.074653,4221.860733
10266,3812.934651,4222.265697
10267,3812.934651,4225.293835
10268,3813.733395,4227.327591
10269,3813.733395,4223.922117
10270,3813.733395,4224.135321
10271,3813.733395,4231.627842
10272,3813.782547,4228.570385
10273,3814.540171,4227.521869
10274,3815.018563,4229.318259
10275,3815.569131,4227.925897
10276,3815.569131,4227.930295
10277,3815.569131,4228.004334
10278,3815.569131,4228.574325
10279,3816.781635,4228.598576
10280,3818.293540,4229.131364
10281,3818.293540,4231.387262
10282,3818.293540,4229.266609
10283,3818.381159,4229.449953
10284,3818.381159,4238.151679
10285,3818.381159,4230.138376
10286,3818.449461,4230.624688
10287,3818.449461,4231.147069
10288,3818.449461,4232.029110
10289,3818.979675,4231.563715
10290,3818.979675,4231.573552
10291,3818.979675,4231.839347
10292,3819.013894,4232.304423
10293,3820.141129,4232.114336
10294,3820.141129,4232.631489
10295,3820.568867,4232.714012
10296,3820.568867,4232.559135
10297,3820.568867,4233.372552
10298,3820.568867,4232.741426
10299,3820.568867,4238.314618
10300,3821.004383,4232.774095
10301,3821.004383,4233.558946
10302,3821.004383,4238.229691
10303,3821.004383,4234.999728
10304,3821.004383,4235.631366
10305,3822.130796,4236.329270
10306,3822.676395,4236.555683
10307,3822.676395,4238.946922
10308,3822.676395,4242.010101
10309,3822.676395,4238.410528
10310,3823.939416,4241.991121
10311,3823.939416,4241.530599
10312,3823.954618,4239.984196
10313,3823.954618,4242.459039
10314,3824.187989,4241.650240
10315,3825.421005,4242.745122
10316,3825.544319,4245.754002
10317,3826.606511,4242.403799
10318,3826.606511,4243.762547
10319,3826.678105,4243.941794
10320,3826.678105,4246.692316
10321,3826.678105,4246.442467
10322,3826.678105,4245.551648
10323,3826.678105,4246.190131
10324,3826.774546,4248.078357
10325,3826.774546,4246.234136
10326,3826.774546,4246.277437
10327,3826.774546,4247.750076
10328,3826.774546,4248.410291
10329,3826.909792,4247.130005
10330,3827.328323,4249.985552
10331,3827.806186,4248.933681
10332,3827.806186,4250.064966
10333,3827.944420,4251.630328
10334,3828.464453,4248.995164
10335,3829.659673,4249.748647
10336,3831.280852,4250.150046
10337,3831.280852,4251.809681
10338,3831.280852,4252.323776
10339,3831.821325,4250.719170
10340,3831.821325,4250.824315
10341,3835.816993,4251.299537
10342,3835.816993,4251.789894
10343,3836.487731,4251.776480
10344,3836.487731,4253.933087
10345,3836.830428,4252.868382
10346,3836.995972,4252.073281
10347,3836.995972,4252.797158
10348,3838.920007,4252.721624
10349,3838.920007,4253.005552
10350,3838.920007,4253.792761
10351,3838.927622,4252.908484
10352,3839.442250,4254.131130
10353,3840.297285,4253.523944
10354,3840.313343,4254.329622
10355,3840.690837,4260.832445
10356,3840.690837,4254.567112
10357,3840.690837,4254.249366
10358,3840.690837,4254.736789
10359,3840.690837,4256.467795
10360,3840.690837,4255.132394
10361,3841.763917,4255.690011
10362,3842.393580,4259.090979
10363,3842.393580,4255.796420
10364,3842.551312,4257.651497
10365,3842.738617,4256.725266
10366,3842.738617,4258.134162
10367,3843.924432,4259.733614
10368,3845.271363,4259.323050
10369,3845.271363,4259.680519
10370,3847.297866,4261.670054
10371,3847.498192,4260.020850
10372,3847.668201,4259.744882
10373,3847.668201,4260.079540
10374,3850.201715,4265.715630
10375,3850.201715,4260.201981
10376,3850.414758,4260.829248
10377,3850.414758,4261.276208
10378,3850.414758,4272.211154
10379,3850.808344,4261.517405
10380,3850.808344,4261.709214
10381,3850.895187,4262.218519
10382,3852.361519,4262.317361
10383,3852.845583,4262.367433
10384,3853.744941,4263.706407
10385,3853.744941,4263.418965
10386,3855.551708,4264.480743
10387,3855.551708,4263.975070
10388,3856.157319,4264.457317
10389,3856.157319,4264.474502
10390,3856.157319,4265.904786
10391,3856.588009,4264.947806
10392,3856.588009,4266.249157
10393,3857.029841,4266.539269
10394,3857.412369,4266.104666
10395,3858.028519,4266.323845
10396,3858.028519,4268.021581
10397,3858.124894,4266.431928
10398,3858.383481,4266.675219
10399,3858.383481,4266.596010
10400,3858.943119,4268.423279
10401,3860.121305,4267.004827
10402,3860.227609,4269.758486
10403,3860.227609,4269.119083
10404,3860.998230,4272.479760
10405,3860.998230,4270.193493
10406,3860.998230,4273.374838
10407,3861.655846,4272.094713
10408,3861.655846,4272.947944
10409,3863.225351,4272.672536
10410,3863.225351,4276.676628
10411,3863.278113,4273.156628
10412,3864.102536,4274.624151
10413,3864.102536,4273.165540
10414,3864.102536,4278.122378
10415,3864.268445,4273.604478
10416,3866.522517,4274.776459
10417,3866.531326,4275.751915
10418,3866.531326,4274.901106
10419,3866.790938,4278.886627
10420,3866.790938,4280.858355
10421,3867.912194,4277.834440
10422,3867.912194,4278.061061
10423,3867.912194,4278.844561
10424,3867.921822,4278.196374
10425,3867.921822,4280.335485
10426,3868.710468,4280.155934
10427,3868.710468,4278.955295
10428,3868.710468,4280.444981
10429,3868.710468,4280.745596
10430,3868.710468,4283.459111
10431,3869.341367,4280.868719
10432,3869.341367,4281.245782
10433,3869.341367,4281.161891
10434,3869.753386,4281.316383
10435,3869.753386,4283.063412
10436,3870.332045,4281.729538
10437,3870.499013,4281.955599
10438,3870.499013,4282.752102
10439,3871.653473,4283.453556
10440,3871.939160,4284.750469
10441,3871.939160,4283.411246
10442,3872.572190,4283.580240
10443,3872.610555,4283.840573
10444,3873.092378,4284.882219
10445,3874.200502,4287.685160
10446,3874.200502,4284.541074
10447,3874.200502,4285.283169
10448,3874.410289,4288.514339
10449,3876.831663,4290.201073
10450,3877.436153,4285.388342
10451,3877.817055,4285.564634
10452,3878.458378,4285.650122
10453,3879.632399,4286.265719
10454,3880.483513,4286.891885
10455,3881.218933,4288.377609
10456,3881.218933,4288.201826
10457,3881.218933,4289.968787
10458,3881.317866,4288.764988
10459,3881.586595,4294.880503
10460,3881.586595,4288.853581
10461,3881.586595,4290.128932
10462,3881.586595,4294.324519
10463,3881.586595,4290.553032
10464,3881.586595,4292.448194
10465,3882.859441,4291.130090
10466,3883.550725,4291.815364
10467,3884.121238,4292.352831
10468,3884.121238,4292.742265
10469,3884.121238,4293.571714
10470,3884.121238,4293.486699
10471,3884.121238,4296.112839
10472,3884.121238,4297.837399
10473,3884.121238,4294.588055
10474,3884.567746,4295.560887
10475,3884.861413,4295.691466
10476,3885.479702,4296.141697
10477,3885.479702,4296.220077
10478,3885.479702,4297.166163
10479,3885.687178,4297.070718
10480,3885.687178,4301.249934
10481,3885.687178,4302.058877
10482,3885.983340,4297.719277
10483,3885.983340,4297.818704
10484,3886.239690,4298.237108
10485,3886.239690,4306.152114
10486,3888.515031,4298.759871
10487,3888.515031,4299.618793
10488,3888.515031,4300.915269
10489,3888.515031,4301.433027
10490,3888.515031,4304.991844
10491,3888.515031,4302.044411
10492,3888.515031,4303.489550
10493,3888.515031,4302.319733
10494,3890.869619,4302.376668
10495,3890.869619,4303.297642
10496,3890.869619,4303.418011
10497,3891.062011,4303.929931
10498,3891.324606,4303.767265
10499,3892.740341,4304.428913
10500,3892.745742,4304.119798
10501,3892.745742,4305.744778
10502,3892.745742,4305.233937
10503,3893.382621,4305.021692
10504,3893.395065,4308.503099
10505,3894.739558,4305.490663
10506,3894.739558,4305.491499
10507,3894.842171,4305.723860
10508,3894.984259,4307.429776
10509,3895.605967,4305.923991
10510,3896.062074,4306.975764
10511,3896.290584,4314.142549
10512,3896.290584,4307.151656
10513,3896.290584,4309.161749
10514,3896.290584,4308.036594
10515,3896.290584,4309.651115
10516,3897.382899,4309.253544
10517,3899.279749,4309.219899
10518,3899.279749,4309.410935
10519,3899.456927,4309.933372
10520,3899.456927,4309.554594
10521,3899.665447,4314.892233
10522,3899.665447,4309.786168
10523,3899.825313,4309.823848
10524,3901.627592,4310.272306
10525,3901.627592,4315.953524
10526,3901.724812,4311.199052
10527,3903.373018,4312.963784
10528,3903.373018,4314.252983
10529,3904.163906,4315.042356
10530,3904.163906,4316.385934
10531,3904.206971,4317.527305
10532,3904.263486,4316.601865
10533,3906.985393,4324.527893
10534,3906.985393,4317.934943
10535,3907.920957,4317.528082
10536,3908.904772,4317.853908
10537,3908.950710,4317.530024
10538,3909.585892,4323.401245
10539,3909.585892,4320.959427
10540,3909.585892,4317.956846
10541,3909.585892,4318.486838
10542,3909.585892,4319.736896
10543,3909.585892,4321.843919
10544,3909.825820,4322.456329
10545,3909.825820,4322.092563
10546,3909.888922,4322.522457
10547,3909.888922,4323.250872
10548,3911.043163,4324.327471
10549,3911.043163,4324.543383
10550,3911.043163,4324.631714
10551,3911.429721,4324.432087
10552,3914.313890,4328.010542
10553,3914.313890,4326.079015
10554,3914.651800,4327.210983
10555,3914.651800,4329.296674
10556,3914.651800,4328.937559
10557,3914.651800,4329.275438
10558,3914.651800,4329.960040
10559,3915.164113,4330.838753
10560,3916.106488,4330.972725
10561,3916.399971,4330.661589
10562,3916.713936,4330.259833
10563,3916.713936,4330.863712
10564,3917.328513,4336.397490
10565,3917.328513,4332.964558
10566,3918.321764,4332.490315
10567,3918.663993,4332.452530
10568,3918.663993,4333.656448
10569,3918.670202,4332.822732
10570,3918.670202,4332.926521
10571,3918.726273,4333.741947
10572,3918.726273,4334.161708
10573,3920.085454,4335.239880
10574,3920.085454,4334.032366
10575,3920.085454,4334.133713
10576,3920.215211,4335.086983
10577,3921.219234,4337.549173
10578,3922.272273,4335.519328
10579,3923.607297,4337.259502
10580,3923.607297,4336.176999
10581,3924.881784,4336.817151
10582,3924.881784,4337.727916
10583,3924.881784,4337.147572
10584,3924.881784,4338.018613
10585,3924.881784,4338.906139
10586,3926.176276,4341.338752
10587,3926.176276,4340.731226
10588,3926.235527,4338.354356
10589,3927.173186,4338.777923
10590,3927.460997,4339.188190
10591,3927.460997,4339.851497
10592,3929.644749,4339.479299
10593,3929.810958,4341.529440
10594,3929.810958,4343.986129
10595,3930.231489,4347.832847
10596,3930.231489,4341.644792
10597,3930.641948,4342.538223
10598,3930.641948,4345.105904
10599,3933.964084,4342.856058
10600,3934.601670,4344.076421
10601,3935.032067,4345.486741
10602,3935.032067,4345.472319
10603,3935.798758,4347.156963
10604,3935.898099,4350.241609
10605,3935.898099,4346.460226
10606,3935.985735,4346.580943
10607,3936.554906,4346.782250
10608,3936.582979,4347.757036
10609,3936.699029,4351.481286
10610,3936.699029,4353.972918
10611,3936.827559,4348.214480
10612,3936.827559,4349.060285
10613,3936.827559,4351.814831
10614,3936.827559,4352.520819
10615,3937.039147,4352.511103
10616,3937.039147,4352.893009
10617,3937.039147,4356.807516
10618,3937.039147,4353.955939
10619,3937.039147,4353.523732
10620,3937.039147,4354.201620
10621,3937.401886,4355.751981
10622,3937.997085,4355.632977
10623,3937.997085,4355.827940
10624,3937.997085,4356.593155
10625,3938.119674,4355.968165
10626,3938.119674,4356.757496
10627,3938.119674,4356.682415
10628,3938.119674,4356.609834
10629,3938.119674,4356.902575
10630,3938.119674,4359.753430
10631,3938.119674,4360.734600
10632,3938.119674,4358.921434
10633,3939.243554,4356.946758
10634,3939.243554,4357.099709
10635,3939.243554,4357.897422
10636,3939.466048,4358.494542
10637,3939.466048,4359.266147
10638,3939.466048,4359.592153
10639,3939.466048,4359.426787
10640,3940.968355,4359.850367
10641,3941.608142,4361.523268
10642,3941.608142,4361.565834
10643,3941.608142,4362.384204
10644,3941.692827,4362.614816
10645,3942.471835,4366.848598
10646,3942.606636,4361.601022
10647,3942.606636,4362.146744
10648,3944.143168,4362.342543
10649,3944.143168,4362.606142
10650,3944.143168,4363.466725
10651,3944.733263,4362.922282
10652,3944.733263,4363.625647
10653,3944.733263,4363.208885
10654,3945.231706,4363.415535
10655,3945.231706,4363.559302
10656,3945.676061,4363.547068
10657,3945.676061,4363.656943
10658,3945.676061,4364.318249
10659,3946.687944,4365.261333
10660,3947.110527,4364.371847
10661,3947.344972,4365.352000
10662,3947.344972,4365.481532
10663,3947.443562,4371.972203
10664,3948.789054,4366.168796
10665,3948.975989,4365.488907
10666,3948.975989,4366.364053
10667,3949.275174,4366.269657
10668,3949.620261,4368.148144
10669,3949.620261,4367.265240
10670,3951.061148,4367.480436
10671,3951.519226,4370.694943
10672,3951.519226,4368.010432
10673,3951.519226,4368.028977
10674,3952.596275,4370.301005
10675,3952.652411,4368.625411
10676,3952.652411,4369.360318
10677,3953.044034,4370.303625
10678,3953.044034,4387.707859
10679,3953.044034,4370.803766
10680,3953.044034,4371.471596
10681,3954.256228,4372.524566
10682,3954.256228,4372.729277
10683,3954.587644,4375.351683
10684,3954.587644,4373.510074
10685,3954.587644,4374.331684
10686,3954.668207,4376.840756
10687,3954.818449,4375.317584
10688,3954.818449,4376.488726
10689,3955.085176,4375.602568
10690,3955.271606,4376.529122
10691,3955.271606,4377.341940
10692,3955.271606,4380.566725
10693,3955.271606,4377.585307
10694,3955.271606,4377.360243
10695,3955.661572,4379.235687
10696,3955.661572,4377.878729
10697,3956.051087,4378.155650
10698,3956.051087,4381.684677
10699,3956.051087,4380.329141
10700,3956.051087,4381.308764
10701,3956.051087,4381.103341
10702,3956.693995,4381.460450
10703,3956.725993,4381.509509
10704,3957.288430,4384.183441
10705,3958.920954,4383.413140
10706,3958.920954,4382.148239
10707,3959.849759,4383.025293
10708,3959.849759,4383.570838
10709,3959.849759,4383.955276
10710,3959.849759,4384.066923
10711,3959.849759,4385.680295
10712,3959.849759,4385.788788
10713,3960.771483,4386.222575
10714,3960.771483,4385.937403
10715,3960.948319,4388.426711
10716,3960.948319,4386.200580
10717,3960.948319,4389.106796
10718,3960.948319,4387.876781
10719,3961.865779,4389.198493
10720,3961.865779,4388.998395
10721,3961.865779,4391.199289
10722,3961.865779,4389.454665
10723,3961.929491,4390.138987
10724,3963.151159,4390.563460
10725,3963.542298,4389.571783
10726,3964.448828,4389.775061
10727,3964.681105,4390.371880
10728,3964.681105,4392.517801
10729,3964.681105,4397.378176
10730,3964.681105,4391.078720
10731,3964.681105,4391.962664
10732,3965.671521,4393.130566
10733,3965.671521,4395.759328
10734,3965.671521,4394.135732
10735,3966.021915,4393.593983
10736,3966.579118,4393.993637
10737,3967.720211,4395.662133
10738,3967.720211,4394.198839
10739,3968.280674,4397.328802
10740,3968.280674,4397.588096
10741,3968.480942,4396.613976
10742,3968.594262,4403.193530
10743,3968.850146,4398.153129
10744,3969.388090,4400.035609
10745,3969.388090,4398.097682
10746,3969.714529,4399.248089
10747,3969.714529,4399.070917
10748,3969.714529,4399.317241
10749,3969.714529,4400.239661
10750,3969.898404,4399.318243
10751,3970.790167,4404.325741
10752,3970.790167,4400.174335
10753,3970.790167,4401.897097
10754,3971.032793,4400.344764
10755,3971.330347,4401.151689
10756,3973.247449,4402.233207
10757,3973.247449,4408.322171
10758,3973.247449,4402.911358
10759,3973.247449,4403.672364
10760,3973.247449,4403.897682
10761,3973.247449,4404.212682
10762,3973.247449,4406.745072
10763,3974.038062,4406.126130
10764,3974.038062,4405.606346
10765,3974.038062,4408.294475
10766,3975.449900,4406.938201
10767,3975.449900,4407.844942
10768,3975.737819,4407.207312
10769,3975.737819,4407.545530
10770,3976.200618,4409.117673
10771,3976.200618,4407.994528
10772,3976.200618,4413.624195
10773,3976.542847,4412.607468
10774,3976.542847,4411.394750
10775,3976.542847,4410.053071
10776,3976.650803,4410.864696
10777,3976.650803,4412.148407
10778,3976.677835,4414.164830
10779,3978.480738,4413.797731
10780,3978.796869,4413.233972
10781,3979.353183,4414.067817
10782,3979.353183,4414.783889
10783,3979.353183,4413.908089
10784,3979.353183,4414.627791
10785,3979.353183,4415.312483
10786,3979.353183,4417.054716
10787,3979.353183,4415.309407
10788,3979.353183,4422.030262
10789,3980.024060,4416.324129
10790,3980.189528,4415.935213
10791,3980.189528,4417.161159
10792,3980.189528,4416.453326
10793,3981.393705,4417.709439
10794,3981.394462,4424.160993
10795,3983.385644,4420.313598
10796,3983.385644,4418.789970
10797,3983.385644,4419.096917
10798,3983.385644,4421.928382
10799,3983.385644,4421.054327
10800,3983.385644,4425.544405
10801,3983.464546,4422.573189
10802,3983.515221,4423.730158
10803,3983.714992,4422.989614
10804,3983.714992,4424.110872
10805,3984.098820,4426.977250
10806,3984.098820,4425.123045
10807,3984.534441,4427.828556
10808,3984.534441,4426.717393
10809,3988.732403,4425.913718
10810,3989.319010,4427.618587
10811,3989.319010,4426.904981
10812,3989.319010,4429.034109
10813,3989.319010,4431.565144
10814,3989.319010,4428.424286
10815,3989.492287,4431.071329
10816,3989.492287,4430.691345
10817,3990.421114,4431.441471
10818,3990.421114,4430.766390
10819,3991.005818,4435.933572
10820,3991.005818,4431.740973
10821,3991.005818,4435.500198
10822,3991.005818,4438.288003
10823,3991.247419,4433.674563
10824,3991.247419,4436.031689
10825,3991.247419,4435.933701
10826,3992.158024,4436.387141
10827,3992.956847,4436.357892
10828,3992.956847,4437.151726
10829,3992.956847,4437.162835
10830,3992.956847,4438.278453
10831,3993.786641,4440.290704
10832,3994.452297,4437.225306
10833,3994.452297,4439.340547
10834,3994.487470,4438.523708
10835,3994.487470,4444.629568
10836,3995.537364,4442.877944
10837,3995.794361,4439.412047
10838,3995.794361,4439.500874
10839,3997.812997,4442.549009
10840,3999.147816,4443.474777
10841,3999.147816,4444.655684
10842,3999.147816,4442.997347
10843,3999.598042,4443.904430
10844,3999.598042,4446.536490
10845,3999.708602,4443.949644
10846,3999.708602,4444.038244
10847,3999.708602,4444.464669
10848,3999.708602,4446.958858
10849,3999.708602,4445.080143
10850,3999.708602,4444.975747
10851,3999.708602,4445.108818
10852,3999.708602,4447.674847
10853,3999.966466,4445.233928
10854,3999.966466,4445.728680
10855,4000.082875,4445.799754
10856,4000.082875,4446.042351
10857,4000.090147,4446.160429
10858,4000.090147,4447.174194
10859,4000.708908,4447.691102
10860,4000.708908,4447.657538
10861,4000.708908,4447.938428
10862,4000.789641,4448.237643
10863,4000.789641,4449.199860
10864,4000.789641,4449.432813
10865,4000.789641,4448.122343
10866,4000.789641,4449.941931
10867,4000.789641,4449.675422
10868,4001.197750,4453.104320
10869,4002.371353,4450.362915
10870,4002.371353,4449.814475
10871,4002.371353,4451.431056
10872,4003.657177,4450.907809
10873,4003.795358,4456.687071
10874,4004.116423,4451.355516
10875,4004.116423,4452.001913
10876,4004.363427,4453.412690
10877,4005.985330,4453.011606
10878,4005.985330,4453.137617
10879,4005.985330,4453.565363
10880,4005.985330,4453.760163
10881,4008.122571,4455.472037
10882,4008.763046,4454.168330
10883,4009.128801,4453.902936
10884,4009.580631,4454.904100
10885,4009.580631,4455.412105
10886,4010.794408,4458.438359
10887,4011.852887,4456.926737
10888,4011.852887,4458.298282
10889,4012.098362,4456.852361
10890,4012.721737,4462.197875
10891,4012.721737,4457.400764
10892,4012.721737,4462.922164
10893,4013.520551,4459.073405
10894,4013.573232,4459.900064
10895,4013.573232,4459.401468
10896,4013.573232,4459.537136
10897,4013.700826,4459.849055
10898,4013.700826,4460.675356
10899,4014.175751,4459.966717
10900,4014.654808,4462.218355
10901,4015.729533,4461.228620
10902,4015.729533,4461.232679
10903,4015.729533,4461.539666
10904,4015.729533,4462.295744
10905,4015.729533,4465.490451
10906,4016.865858,4462.560228
10907,4016.865858,4462.487933
10908,4016.865858,4463.344399
10909,4016.887543,4462.647304
10910,4016.887543,4463.100298
10911,4016.887543,4465.453912
10912,4016.887543,4463.388926
10913,4018.429317,4467.007284
10914,4018.429317,4465.753347
10915,4018.429317,4468.430384
10916,4018.429317,4466.102047
10917,4018.429317,4466.948618
10918,4018.429317,4468.101093
10919,4018.712829,4470.566528
10920,4019.011910,4468.381485
10921,4019.656217,4471.532889
10922,4020.095377,4469.886717
10923,4021.266981,4469.721140
10924,4021.266981,4471.941256
10925,4021.601019,4470.323343
10926,4021.625082,4470.442772
10927,4022.589907,4471.140901
10928,4022.699972,4473.982556
10929,4022.699972,4476.888422
10930,4023.114159,4472.134027
10931,4023.114159,4472.538328
10932,4023.242270,4475.461675
10933,4023.242270,4474.185653
10934,4023.296901,4474.486370
10935,4023.296901,4474.392360
10936,4028.034327,4475.470333
10937,4028.034327,4474.666353
10938,4028.034327,4476.050106
10939,4028.572806,4477.975372
10940,4028.572806,4484.436412
10941,4029.977568,4476.970064
10942,4030.965273,4477.814303
10943,4030.965273,4478.542352
10944,4032.253918,4479.281549
10945,4032.253918,4480.424542
10946,4032.253918,4479.940106
10947,4032.795991,4480.121957
10948,4032.795991,4481.106348
10949,4032.795991,4484.007951
10950,4032.795991,4487.147337
10951,4033.075629,4481.535606
10952,4033.702679,4482.252364
10953,4033.702679,4482.435615
10954,4033.702679,4483.399635
10955,4034.165978,4483.435477
10956,4034.165978,4486.243460
10957,4034.165978,4484.307660
10958,4034.255326,4484.746167
10959,4034.255326,4485.741075
10960,4034.255326,4486.512285
10961,4035.433488,4486.394104
10962,4036.342780,4486.911050
10963,4036.342780,4491.957640
10964,4037.571455,4488.334714
10965,4037.571455,4487.732563
10966,4037.571455,4490.546946
10967,4038.075772,4489.624420
10968,4038.180273,4488.968040
10969,4038.505293,4489.055254
10970,4038.970579,4491.768043
10971,4038.970579,4489.990240
10972,4039.119082,4490.073189
10973,4039.729921,4490.918083
10974,4039.729921,4505.465526
10975,4039.729921,4492.007469
10976,4039.729921,4491.955289
10977,4039.729921,4493.011130
10978,4039.729921,4495.989192
10979,4039.729921,4493.626832
10980,4039.764467,4495.555944
10981,4039.764467,4495.398816
10982,4040.117011,4495.912792
10983,4041.364711,4495.948906
10984,4042.765556,4496.622035
10985,4042.765556,4496.494173
10986,4042.765556,4496.509356
10987,4042.796142,4498.361711
10988,4043.460631,4498.193318
10989,4044.156655,4499.536683
10990,4045.733281,4500.473777
10991,4045.943486,4499.066085
10992,4045.943486,4502.607372
10993,4047.374307,4499.610571
10994,4047.374307,4500.173459
10995,4048.106701,4501.865699
10996,4048.106701,4502.303742
10997,4048.106701,4503.423887
10998,4048.106701,4503.467385
10999,4048.296527,4503.033941
11000,4048.296527,4505.896423
11001,4048.900371,4504.925796
11002,4051.146089,4504.013180
11003,4051.709350,4504.218330
11004,4051.709350,4504.533188
11005,4051.709350,4510.345861
11006,4051.709350,4505.318122
11007,4051.957880,4505.990842
11008,4052.094268,4507.021021
11009,4052.094268,4506.213556
11010,4052.094268,4506.137623
11011,4052.797651,4509.849019
11012,4053.918608,4508.764805
11013,4054.034036,4508.884586
11014,4054.034036,4513.191503
11015,4057.648057,4510.869107
11016,4057.648057,4510.556294
11017,4057.936802,4511.058452
11018,4057.936802,4511.084076
11019,4058.703276,4511.628040
11020,4058.703276,4523.516780
11021,4059.938881,4511.912657
11022,4060.425334,4513.504418
11023,4060.486567,4512.823474
11024,4063.032037,4513.523128
11025,4063.032037,4515.578679
11026,4063.401692,4513.931304
11027,4063.401692,4515.251282
11028,4063.401692,4514.158506
11029,4063.439741,4520.816917
11030,4063.804525,4515.825914
11031,4063.962783,4519.218224
11032,4063.962783,4516.095505
11033,4063.962783,4516.341057
11034,4065.592835,4516.802652
11035,4066.388393,4517.548165
11036,4067.298486,4518.503634
11037,4068.176344,4520.618483
11038,4068.292514,4521.434132
11039,4068.746098,4520.794539
11040,4069.062715,4520.874329
11041,4069.686039,4522.963618
11042,4069.905390,4521.475055
11043,4069.976904,4522.798496
11044,4069.976904,4521.682225
11045,4069.976904,4522.869406
11046,4069.976904,4527.798421
11047,4069.976904,4524.910911
11048,4069.976904,4529.731147
11049,4070.191325,4524.548924
11050,4070.191325,4526.003518
11051,4070.191325,4525.499387
11052,4070.201911,4525.615634
11053,4070.201911,4526.722879
11054,4070.201911,4527.269164
11055,4070.201911,4527.090091
11056,4070.201911,4528.402511
11057,4070.956040,4527.389922
11058,4071.953939,4527.889714
11059,4071.953939,4529.298866
11060,4072.551702,4529.181400
11061,4073.316766,4528.721769
11062,4073.989640,4530.819676
11063,4073.989640,4529.720456
11064,4073.989640,4529.530444
11065,4074.028777,4531.680003
11066,4074.948404,4530.775721
11067,4076.747935,4531.911459
11068,4077.002853,4532.476045
11069,4078.065248,4531.097875
11070,4078.065248,4531.770384
11071,4080.395812,4532.382781
11072,4080.395812,4532.001379
11073,4080.421317,4533.490312
11074,4080.421317,4533.237874
11075,4080.421317,4534.629311
11076,4080.442931,4538.146990
11077,4081.598064,4533.648030
11078,4081.598064,4533.696197
11079,4081.598064,4534.777223
11080,4081.598064,4538.844412
11081,4081.598064,4534.781716
11082,4081.598064,4534.940035
11083,4083.795719,4534.907487
11084,4083.795719,4536.361094
11085,4083.894533,4538.306430
11086,4084.166498,4537.402902
11087,4084.166498,4537.807888
11088,4084.166498,4540.523364
11089,4084.299902,4538.835419
11090,4084.299902,4538.758850
11091,4084.299902,4541.190624
11092,4084.723998,4540.409502
11093,4084.723998,4543.616238
11094,4085.788360,4541.509149
11095,4085.917286,4544.382541
11096,4086.073447,4541.614736
11097,4086.073447,4544.043125
11098,4086.170890,4541.671846
11099,4086.170890,4543.128218
11100,4086.394129,4543.149548
11101,4086.600906,4544.515873
11102,4086.600906,4545.205629
11103,4086.718201,4544.955854
11104,4087.900798,4546.131382
11105,4087.900798,4545.869387
11106,4089.077904,4548.767032
11107,4091.181888,4547.522967
11108,4091.181888,4546.417377
11109,4091.181888,4546.593062
11110,4091.181888,4547.138643
11111,4091.858744,4547.090854
11112,4092.026211,4548.880837
11113,4092.026211,4547.946550
11114,4093.217015,4550.790163
11115,4093.217015,4550.053225
11116,4093.217015,4550.991384
11117,4093.703216,4549.782522
11118,4093.703216,4550.090529
11119,4093.703216,4553.031482
11120,4093.703216,4550.372126
11121,4093.703216,4552.703968
11122,4093.981685,4550.824896
11123,4094.565883,4553.465178
11124,4094.565883,4553.064439
11125,4094.565883,4552.710094
11126,4094.737613,4553.634068
11127,4094.737613,4553.134384
11128,4094.737613,4553.429346
11129,4094.737613,4553.250352
11130,4094.737613,4554.705586
11131,4094.737613,4555.083442
11132,4098.008421,4553.783235
11133,4100.174538,4553.654459
11134,4100.182399,4555.225352
11135,4100.182399,4555.535976
11136,4100.182399,4555.354572
11137,4100.182399,4555.953417
11138,4100.690624,4557.524907
11139,4100.690624,4555.590514
11140,4101.964127,4565.060991
11141,4101.964127,4555.771953
11142,4101.964127,4556.880812
11143,4102.602694,4558.635197
11144,4102.602694,4557.461018
11145,4102.602694,4558.000651
11146,4102.602694,4558.021132
11147,4102.602694,4558.005825
11148,4102.871425,4559.957377
11149,4103.195523,4558.356555
11150,4103.370713,4561.759401
11151,4103.702344,4560.282121
11152,4103.702344,4560.065002
11153,4104.727955,4560.198016
11154,4104.727955,4560.215452
11155,4104.727955,4560.617253
11156,4104.727955,4566.285242
11157,4104.727955,4563.266144
11158,4104.727955,4563.659372
11159,4104.991420,4563.315641
11160,4105.226941,4565.001165
11161,4105.226941,4565.329299
11162,4105.226941,4565.891858
11163,4105.226941,4568.059943
11164,4107.415609,4572.568487
11165,4107.415609,4566.516413
11166,4107.415609,4567.489211
11167,4108.727947,4567.193013
11168,4109.897741,4568.997447
11169,4110.719483,4568.406657
11170,4110.942857,4569.230358
11171,4110.942857,4572.801345
11172,4111.197454,4570.303534
11173,4111.197454,4570.345301
11174,4111.403918,4570.429040
11175,4111.403918,4570.918972
11176,4111.403918,4570.431535
11177,4111.441065,4570.919476
11178,4111.441065,4574.588074
11179,4111.441065,4572.583039
11180,4113.084758,4573.183369
11181,4113.140324,4572.635762
11182,4113.140324,4575.374351
11183,4113.140324,4573.237204
11184,4113.140324,4573.404876
11185,4113.140324,4573.722362
11186,4113.140324,4574.594618
11187,4113.140324,4575.226239
11188,4113.140324,4578.902292
11189,4113.140324,4577.945001
11190,4113.140324,4576.099020
11191,4113.140324,4575.682000
11192,4114.309916,4576.383588
11193,4116.401170,4580.729417
11194,4117.087634,4576.541345
11195,4117.087634,4577.649753
11196,4118.959785,4580.229105
11197,4118.959785,4578.480248
11198,4120.419653,4579.319656
11199,4120.419653,4587.940396
11200,4120.419653,4580.834544
11201,4120.419653,4582.559500
11202,4120.431348,4587.339973
11203,4120.606744,4585.003521
11204,4120.867807,4582.789654
11205,4121.984081,4583.765123
11206,4121.984081,4585.282595
11207,4122.263165,4585.650296
11208,4122.901060,4585.881195
11209,4122.901060,4586.197624
11210,4123.699073,4586.121206
11211,4123.699073,4587.209526
11212,4123.699073,4586.480937
11213,4123.699073,4587.114983
11214,4123.699073,4588.990747
11215,4123.699073,4587.803473
11216,4123.824369,4590.317882
11217,4123.824369,4588.047488
11218,4124.455836,4588.288221
11219,4124.455836,4590.192945
11220,4124.455836,4588.674954
11221,4124.455836,4589.649049
11222,4124.455836,4590.135363
11223,4124.455836,4594.601417
11224,4125.177295,4590.495432
11225,4125.290991,4590.734029
11226,4126.053316,4590.705085
11227,4126.339993,4592.921395
11228,4129.080668,4591.176614
11229,4129.080668,4591.365725
11230,4129.080668,4592.089372
11231,4129.423409,4592.011986
11232,4129.423409,4593.390173
11233,4129.423409,4594.634901
11234,4129.967516,4592.948677
11235,4129.967516,4596.067334
11236,4129.967516,4593.757009
11237,4129.967516,4594.261915
11238,4130.557771,4595.039831
11239,4131.180713,4594.676269
11240,4131.697814,4594.700719
11241,4131.697814,4597.022349
11242,4131.697814,4595.256980
11243,4131.697814,4595.085413
11244,4132.353217,4596.958780
11245,4132.353217,4595.415540
11246,4132.353217,4597.501488
11247,4132.353217,4596.760292
11248,4132.353217,4598.815509
11249,4132.956459,4598.082400
11250,4132.956459,4600.202985
11251,4135.877645,4597.901601
11252,4135.877645,4600.052650
11253,4136.425822,4599.559360
11254,4136.610753,4599.792078
11255,4137.582106,4600.953118
11256,4137.582106,4600.271049
11257,4137.582106,4600.591357
11258,4137.582106,4604.213824
11259,4137.726148,4601.558553
11260,4137.726148,4601.674813
11261,4138.047599,4601.624657
11262,4138.047599,4601.560038
11263,4138.317949,4602.756128
11264,4138.317949,4602.567380
11265,4138.428266,4603.794467
11266,4138.428266,4602.772602
11267,4138.428266,4603.331568
11268,4138.428266,4604.667690
11269,4140.177202,4604.308367
11270,4140.876019,4603.836964
11271,4140.876019,4604.514614
11272,4141.191172,4605.362256
11273,4141.191172,4605.571504
11274,4142.228169,4605.174984
11275,4142.228169,4605.204774
11276,4142.269869,4605.890450
11277,4142.508331,4606.197417
11278,4142.508331,4606.271029
11279,4143.125569,4608.218083
11280,4144.778802,4605.946566
11281,4146.369098,4605.999113
11282,4146.369098,4606.048402
11283,4146.778619,4609.099661
11284,4147.169661,4606.229451
11285,4149.932047,4607.435758
11286,4150.697936,4613.869129
11287,4150.697936,4607.552854
11288,4150.946592,4610.515954
11289,4150.946592,4609.256178
11290,4151.000677,4609.140110
11291,4151.000677,4611.000660
11292,4151.000677,4609.717295
11293,4151.000677,4609.817377
11294,4151.000677,4611.545692
11295,4151.619199,4610.556947
11296,4152.183686,4611.029406
11297,4152.497521,4612.337453
11298,4152.850828,4611.897246
11299,4152.850828,4616.268108
11300,4152.850828,4612.616413
11301,4153.021513,4612.814168
11302,4153.238246,4613.261047
11303,4153.238246,4614.035935
11304,4153.952408,4614.102690
11305,4154.265242,4624.967878
11306,4154.935146,4618.201981
11307,4154.935146,4614.159556
11308,4156.567545,4615.810371
11309,4156.567545,4617.411745
11310,4156.667115,4617.145646
11311,4157.103771,4618.658270
11312,4157.146632,4617.902116
11313,4157.538217,4618.885773
11314,4157.538217,4619.189753
11315,4157.538217,4621.116933
11316,4158.149470,4619.720616
11317,4158.149470,4619.411928
11318,4159.092884,4619.763133
11319,4159.119310,4620.441735
11320,4159.119310,4620.963033
11321,4159.119310,4620.468506
11322,4159.169215,4621.771271
11323,4159.169215,4633.228887
11324,4159.413876,4621.744346
11325,4160.087718,4624.360531
11326,4160.087718,4622.153729
11327,4160.087718,4622.495256
11328,4160.757101,4622.726526
11329,4160.757101,4623.452634
11330,4160.757101,4623.584712
11331,4163.128771,4624.209155
11332,4163.171921,4624.420794
11333,4165.283958,4624.908277
11334,4165.482579,4625.148173
11335,4165.482579,4627.513058
11336,4166.417368,4625.447016
11337,4166.575530,4626.809847
11338,4166.881842,4626.365614
11339,4166.881842,4628.696860
11340,4166.903952,4627.579001
11341,4166.903952,4627.745858
11342,4166.903952,4630.005393
11343,4166.903952,4628.014462
11344,4167.635489,4628.566663
11345,4167.635489,4630.379103
11346,4167.770238,4632.631419
11347,4168.421101,4631.726044
11348,4168.730361,4631.820416
11349,4169.065948,4631.775200
11350,4171.328058,4633.150389
11351,4171.328058,4635.422879
11352,4171.328058,4636.155857
11353,4171.328058,4633.600805
11354,4172.787240,4635.858307
11355,4172.787240,4635.040459
11356,4172.842499,4636.917219
11357,4172.871847,4635.770710
11358,4172.871847,4636.207277
11359,4173.275551,4637.956458
11360,4174.004195,4636.485022
11361,4174.004195,4636.696318
11362,4175.014745,4638.931036
11363,4175.331306,4638.098182
11364,4175.331306,4638.112795
11365,4176.177932,4639.981612
11366,4177.643083,4638.901877
11367,4177.720053,4641.870917
11368,4178.527338,4639.214371
11369,4178.527338,4642.160881
11370,4179.037722,4639.875751
11371,4179.090591,4640.333980
11372,4179.239283,4642.523271
11373,4179.239283,4642.385385
11374,4179.376815,4645.260934
11375,4179.376815,4643.631545
11376,4180.462588,4643.254932
11377,4180.462588,4646.255024
11378,4180.462588,4645.963554
11379,4180.586922,4645.165862
11380,4180.586922,4648.101096
11381,4182.004316,4646.914934
11382,4182.004316,4646.182737
11383,4182.004316,4648.564349
11384,4182.580283,4648.827269
11385,4183.418184,4646.939308
11386,4183.418184,4647.904771
11387,4183.418184,4648.234271
11388,4183.418184,4654.867636
11389,4184.193136,4648.761872
11390,4184.193136,4650.627762
11391,4184.193136,4648.878878
11392,4184.212068,4654.086129
11393,4185.226094,4649.447731
11394,4186.269710,4651.383929
11395,4186.770365,4652.705472
11396,4186.945268,4655.798771
11397,4186.990876,4655.761058
11398,4186.990876,4655.384859
11399,4186.990876,4655.737617
11400,4189.031724,4658.611985
11401,4189.417552,4658.908175
11402,4189.417552,4655.855490
11403,4189.417552,4656.540827
11404,4189.417552,4658.408078
11405,4189.446691,4656.563099
11406,4189.446691,4658.493321
11407,4189.446691,4659.644303
11408,4189.602539,4662.953307
11409,4189.602539,4663.213927
11410,4190.198375,4661.629685
11411,4190.498289,4660.130202
11412,4190.675250,4661.255861
11413,4190.675250,4663.859346
11414,4190.675250,4664.056312
11415,4190.698395,4663.526365
11416,4190.698395,4664.312437
11417,4190.698395,4664.285034
11418,4191.943575,4664.117274
11419,4193.125335,4665.468788
11420,4194.118668,4668.252954
11421,4194.749217,4665.571048
11422,4194.810096,4668.144538
11423,4194.813648,4666.915278
11424,4194.930619,4665.950982
11425,4194.930619,4666.042624
11426,4195.032142,4668.561266
11427,4195.032142,4669.300961
11428,4195.032142,4669.934660
11429,4195.970156,4668.581384
11430,4196.031929,4668.826078
11431,4196.031929,4670.774871
11432,4196.031929,4670.363749
11433,4196.590944,4674.112936
11434,4197.039794,4670.722213
11435,4197.214245,4671.849330
11436,4197.903865,4679.562607
11437,4198.312120,4671.788113
11438,4198.312120,4674.619592
11439,4198.312120,4672.507747
11440,4198.312120,4674.289626
11441,4199.027897,4676.417143
11442,4199.027897,4674.441790
11443,4200.210313,4674.762619
11444,4200.823231,4674.695690
11445,4201.196864,4676.231567
11446,4201.196864,4674.795892
11447,4202.602978,4675.268867
11448,4202.602978,4675.375094
11449,4202.602978,4675.529131
11450,4202.809739,4676.569960
11451,4204.491318,4677.170042
11452,4204.491318,4679.497594
11453,4204.900912,4677.965168
11454,4204.900912,4677.388263
11455,4205.456062,4678.590870
11456,4205.456062,4678.544243
11457,4205.456062,4678.554651
11458,4205.456062,4682.636096
11459,4206.623011,4679.956539
11460,4208.043068,4680.143546
11461,4208.965121,4681.793775
11462,4208.965121,4686.341849
11463,4210.491442,4680.408984
11464,4210.491442,4681.755592
11465,4210.491442,4683.996357
11466,4210.491442,4686.356881
11467,4210.491442,4682.689370
11468,4210.491442,4684.586068
11469,4210.491442,4684.050117
11470,4210.491442,4687.550276
11471,4210.491442,4686.965121
11472,4210.629566,4687.468418
11473,4210.629566,4693.029719
11474,4211.128719,4687.255240
11475,4211.128719,4687.401349
11476,4211.128719,4687.686744
11477,4211.369254,4688.043185
11478,4211.369254,4687.961649
11479,4211.369254,4690.253549
11480,4211.997097,4688.788978
11481,4211.997097,4689.294548
11482,4211.997097,4690.463996
11483,4211.997097,4689.307440
11484,4213.030101,4690.633643
11485,4214.166032,4690.277235
11486,4214.166032,4690.338190
11487,4214.699190,4691.107970
11488,4214.699190,4693.106161
11489,4214.699190,4690.821457
11490,4216.536452,4693.640908
11491,4218.340380,4692.000624
11492,4219.058623,4692.169028
11493,4219.157470,4692.196288
11494,4219.157470,4693.016037
11495,4221.081736,4693.300052
11496,4221.081736,4697.983082
11497,4221.081736,4696.774707
11498,4221.081736,4693.791977
11499,4221.485573,4693.865873
11500,4221.485573,4695.136697
11501,4221.485573,4695.966016
11502,4225.876553,4695.525871
11503,4225.876553,4696.063216
11504,4225.876553,4696.909046
11505,4225.944246,4696.466628
11506,4226.059041,4696.913034
11507,4226.059041,4702.859724
11508,4226.059041,4697.103047
11509,4226.100814,4700.379657
11510,4226.100814,4697.707658
11511,4226.100814,4698.073910
11512,4226.221945,4700.769259
11513,4226.594227,4702.957727
11514,4226.594227,4701.501266
11515,4226.966043,4700.808292
11516,4226.966043,4703.681065
11517,4226.966043,4701.827920
11518,4226.966043,4701.977254
11519,4226.966043,4702.264791
11520,4226.966043,4702.288386
11521,4227.343207,4702.541047
11522,4227.343207,4702.894733
11523,4228.155998,4702.964869
11524,4228.585808,4703.500374
11525,4228.585808,4706.692237
11526,4228.585808,4704.061522
11527,4228.735211,4704.110699
11528,4229.930030,4703.949143
11529,4229.930030,4706.745113
11530,4230.804358,4704.584507
11531,4230.804358,4704.216595
11532,4230.804358,4704.597403
11533,4230.804358,4704.805428
11534,4231.273721,4706.171971
11535,4231.505123,4705.949888
11536,4231.505123,4708.094747
11537,4232.624656,4706.423862
11538,4233.876580,4708.244301
11539,4235.445305,4707.599097
11540,4235.445305,4708.071243
11541,4235.445305,4708.779543
11542,4236.691145,4709.630843
11543,4236.691145,4711.922116
11544,4236.691145,4710.933399
11545,4236.848797,4711.996815
11546,4237.847011,4710.952800
11547,4237.847011,4711.046844
11548,4237.847011,4716.113614
11549,4237.847011,4711.492129
11550,4237.847011,4713.242994
11551,4237.936508,4713.821816
11552,4237.936508,4712.912556
11553,4237.936508,4714.334149
11554,4237.936508,4713.463803
11555,4237.936508,4713.730376
11556,4237.936508,4713.746002
11557,4237.936508,4714.474922
11558,4238.188527,4714.751429
11559,4238.569755,4715.375546
11560,4238.569755,4715.606797
11561,4239.061553,4716.677211
11562,4239.061553,4716.394921
11563,4239.061553,4716.102785
11564,4239.061553,4716.185713
11565,4239.782494,4720.599882
11566,4239.807396,4716.434589
11567,4240.119228,4716.944749
11568,4240.119228,4717.197672
11569,4240.119228,4717.680651
11570,4240.119228,4717.300551
11571,4240.119228,4717.681134
11572,4240.407924,4717.327102
11573,4241.309849,4718.659918
11574,4241.309849,4721.622744
11575,4241.309849,4718.444492
11576,4241.309849,4718.757079
11577,4241.309849,4719.156334
11578,4241.309849,4722.837098
11579,4243.960379,4721.516668
11580,4244.818581,4728.482401
11581,4245.737706,4722.789534
11582,4246.582674,4724.327428
11583,4247.086002,4724.307974
11584,4247.086002,4724.689069
11585,4247.086002,4725.085510
11586,4247.086002,4731.196857
11587,4247.532164,4725.583439
11588,4247.906691,4727.443724
11589,4248.098920,4726.141589
11590,4248.129939,4726.949993
11591,4248.301050,4727.263563
11592,4248.301050,4727.808924
11593,4248.301050,4728.911697
11594,4248.301050,4728.216399
11595,4249.460482,4728.774253
11596,4249.514931,4734.642689
11597,4250.594538,4728.977783
11598,4250.594538,4730.444369
11599,4250.594538,4729.680591
11600,4250.594538,4730.091208
11601,4250.690368,4731.527297
11602,4250.690368,4730.447204
11603,4252.442709,4732.187038
11604,4252.632705,4733.529431
11605,4253.983344,4732.220589
11606,4254.423573,4733.714249
11607,4256.482603,4732.388511
11608,4256.482603,4734.011188
11609,4256.846652,4739.252734
11610,4257.277259,4734.567611
11611,4257.277259,4734.262659
11612,4257.277259,4735.170204
11613,4257.428864,4735.240244
11614,4257.428864,4736.183028
11615,4257.584864,4737.144217
11616,4257.584864,4736.401348
11617,4257.584864,4738.221398
11618,4257.700496,4739.234851
11619,4257.700496,4737.909806
11620,4258.624742,4738.069818
11621,4259.866642,4738.412197
11622,4261.296912,4739.708272
11623,4261.296912,4738.791094
11624,4263.139907,4739.584627
11625,4263.381738,4739.461557
11626,4263.409545,4739.537308
11627,4264.399033,4739.966277
11628,4264.695091,4748.046332
11629,4265.522274,4740.759741
11630,4265.522274,4739.860345
11631,4265.522274,4739.980176
11632,4265.882566,4740.367223
11633,4265.882566,4742.377820
11634,4267.462955,4746.299865
11635,4267.557232,4741.674580
11636,4267.557232,4741.677133
11637,4267.557232,4742.196615
11638,4269.105929,4742.955562
11639,4269.105929,4743.240002
11640,4269.105929,4743.735461
11641,4269.105929,4751.394641
11642,4269.125131,4743.806471
11643,4269.125131,4745.784950
11644,4269.542429,4746.965902
11645,4269.542429,4746.758521
11646,4270.361737,4746.975358
11647,4270.361737,4748.233381
11648,4270.688399,4747.204497
11649,4270.688399,4749.289255
11650,4271.404001,4752.593881
11651,4272.344149,4749.558587
11652,4272.646376,4749.406774
11653,4272.963045,4749.936587
11654,4273.192813,4750.797011
11655,4273.192813,4750.366199
11656,4273.192813,4750.739933
11657,4273.192813,4754.097876
11658,4273.192813,4754.149766
11659,4273.192813,4751.549045
11660,4273.192813,4754.854648
11661,4273.192813,4754.259387
11662,4273.704794,4759.465167
11663,4273.710849,4757.093348
11664,4273.812553,4757.182735
11665,4273.812553,4761.053587
11666,4273.812553,4759.990445
11667,4273.826564,4761.364659
11668,4273.826564,4759.750618
11669,4273.826564,4759.784164
11670,4273.872141,4762.084021
11671,4273.872141,4761.256919
11672,4274.830841,4761.080207
11673,4275.439795,4761.627436
11674,4275.562172,4761.691355
11675,4275.826626,4761.988052
11676,4275.826626,4768.465842
11677,4275.826626,4762.016462
11678,4275.826626,4774.816482
11679,4275.826626,4763.279431
11680,4275.938008,4765.748122
11681,4275.938008,4765.037905
11682,4277.210737,4765.776438
11683,4277.287640,4766.875785
11684,4277.287640,4766.645808
11685,4277.287640,4767.974403
11686,4277.287640,4769.413456
11687,4277.570673,4768.074413
11688,4277.570673,4768.619281
11689,4277.570673,4771.199771
11690,4277.570673,4771.394218
11691,4277.570673,4772.148854
11692,4277.570673,4771.448330
11693,4277.570673,4771.589310
11694,4278.625846,4771.566112
11695,4278.625846,4772.218519
11696,4278.625846,4771.996598
11697,4279.394883,4772.145751
11698,4279.736970,4773.186530
11699,4279.736970,4772.331695
11700,4279.736970,4772.361870
11701,4279.736970,4773.051571
11702,4279.756021,4773.294508
11703,4280.859219,4773.092462
11704,4280.859219,4775.363816
11705,4281.708561,4773.770785
11706,4281.708561,4774.243190
11707,4281.708561,4776.749203
11708,4281.708561,4776.893147
11709,4282.412181,4777.976655
11710,4283.325761,4775.557643
11711,4283.325761,4779.384864
11712,4283.465006,4777.086823
11713,4284.639101,4777.986312
11714,4284.639101,4777.764714
11715,4284.639101,4778.945805
11716,4284.675130,4779.848008
11717,4286.282689,4779.358565
11718,4286.938142,4779.833451
11719,4287.039934,4781.978005
11720,4287.039934,4780.813039
11721,4287.039934,4779.911583
11722,4287.039934,4781.349022
11723,4287.039934,4781.230417
11724,4287.560008,4781.576438
11725,4288.541888,4781.235656
11726,4288.541888,4783.634707
11727,4291.123306,4785.214695
11728,4291.123306,4782.734798
11729,4291.123306,4804.571547
11730,4292.280423,4782.814811
11731,4292.509728,4783.006033
11732,4292.509728,4784.287066
11733,4292.509728,4783.813234
11734,4292.509728,4784.006309
11735,4293.014503,4785.027919
11736,4293.014503,4788.151842
11737,4293.014503,4786.023481
11738,4293.014503,4786.513954
11739,4293.828745,4786.359068
11740,4294.953177,4786.463630
11741,4294.953177,4786.836200
11742,4294.953177,4787.029700
11743,4295.269099,4787.791058
11744,4295.586384,4790.921958
11745,4296.307426,4787.863922
11746,4296.307426,4788.591507
11747,4296.307426,4790.997425
11748,4296.776391,4788.702121
11749,4296.954521,4788.998410
11750,4296.954521,4790.475516
11751,4297.390458,4790.924183
11752,4297.545430,4798.768099
11753,4299.239774,4791.232330
11754,4299.375062,4792.011871
11755,4299.474059,4792.895546
11756,4300.611202,4792.570400
11757,4301.351327,4793.046209
11758,4301.351327,4792.900126
11759,4301.830362,4793.656746
11760,4301.830362,4794.646947
11761,4301.830362,4794.201142
11762,4302.350516,4794.944601
11763,4302.350516,4794.921870
11764,4302.350516,4795.591140
11765,4302.350516,4795.983377
11766,4302.350516,4797.045453
11767,4302.563851,4800.603944
11768,4303.620838,4797.093027
11769,4303.620838,4797.654069
11770,4303.620838,4799.570453
11771,4303.821344,4800.539465
11772,4303.840448,4801.898597
11773,4304.004418,4804.995587
11774,4304.152080,4800.723035
11775,4304.637969,4801.083689
11776,4306.276650,4804.498176
11777,4306.276650,4802.296568
11778,4306.481647,4803.960383
11779,4306.751840,4808.775434
11780,4306.751840,4806.565917
11781,4306.751840,4806.947026
11782,4306.751840,4809.464440
11783,4306.751840,4806.581195
11784,4306.751840,4807.759679
11785,4306.751840,4809.374957
11786,4307.852641,4809.157375
11787,4308.778171,4811.467947
11788,4308.778171,4809.218079
11789,4308.778171,4810.325074
11790,4308.865076,4815.039737
11791,4310.525064,4810.027934
11792,4310.525064,4810.171728
11793,4310.525064,4817.562050
11794,4310.525064,4810.363887
11795,4310.775529,4810.658391
11796,4311.241729,4810.712905
11797,4312.744015,4811.732267
11798,4312.744015,4811.929570
11799,4313.310498,4812.813616
11800,4313.399679,4812.867160
11801,4313.399679,4813.393906
11802,4313.399679,4813.436079
11803,4313.399679,4813.402278
11804,4314.529347,4813.729274
11805,4314.529347,4813.843281
11806,4314.529347,4813.889176
11807,4315.181532,4814.274096
11808,4315.181532,4814.535503
11809,4315.181532,4814.340926
11810,4315.467738,4815.073555
11811,4315.467738,4814.911927
11812,4315.467738,4815.251963
11813,4315.777817,4817.072078
11814,4316.529828,4819.544606
11815,4316.529828,4816.063837
11816,4316.529828,4816.161852
11817,4316.529828,4817.868560
11818,4317.200162,4818.469456
11819,4317.438274,4818.247067
11820,4317.853152,4819.427559
11821,4319.057844,4818.636910
11822,4319.428101,4819.126476
11823,4319.428101,4821.546862
11824,4320.151288,4825.529048
11825,4320.420068,4822.695679
11826,4320.550321,4822.031521
11827,4320.550321,4822.554686
11828,4320.550321,4824.515643
11829,4321.497150,4826.714498
11830,4321.497150,4823.102863
11831,4322.130302,4824.047773
11832,4323.458360,4824.709484
11833,4323.850071,4824.531804
11834,4323.850071,4824.899919
11835,4323.867059,4826.567825
11836,4323.867059,4825.000763
11837,4323.867059,4828.246123
11838,4323.867059,4827.185259
11839,4324.431743,4827.922509
11840,4325.900576,4829.562645
11841,4326.776674,4827.217201
11842,4327.361975,4828.175696
11843,4327.361975,4828.057204
11844,4327.361975,4828.713877
11845,4327.908813,4830.785669
11846,4328.805716,4831.301230
11847,4328.805716,4830.719337
11848,4328.805716,4831.499690
11849,4328.982868,4831.046527
11850,4328.982868,4831.583837
11851,4328.982868,4831.816797
11852,4330.521351,4833.897600
11853,4330.844613,4838.634966
11854,4330.908051,4833.199499
11855,4331.254748,4832.029448
11856,4331.506604,4837.320050
11857,4333.034180,4838.211092
11858,4333.034180,4834.837806
11859,4333.480881,4835.214442
11860,4333.480881,4835.782165
11861,4337.705211,4837.985445
11862,4337.705211,4837.775861
11863,4339.073653,4838.391690
11864,4339.073653,4839.682123
11865,4339.202488,4838.428882
11866,4339.463911,4838.506883
11867,4340.641647,4841.571668
11868,4340.816169,4838.609642
11869,4340.816169,4838.843068
11870,4341.005585,4844.321614
11871,4341.666862,4838.909428
11872,4341.666862,4839.764912
11873,4341.666862,4841.010818
11874,4342.159399,4839.925596
11875,4342.159399,4840.430085
11876,4342.159399,4840.844778
11877,4342.369927,4849.740773
11878,4342.369927,4841.962216
11879,4342.369927,4841.574622
11880,4343.033381,4848.708146
11881,4343.033381,4842.912876
11882,4343.033381,4843.226883
11883,4343.033381,4846.946805
11884,4343.931324,4846.783507
11885,4343.931324,4855.010288
11886,4344.501244,4847.149455
11887,4344.501244,4850.956977
11888,4344.501244,4851.211567
11889,4344.501244,4851.753769
11890,4344.501244,4851.350662
11891,4344.501244,4852.056213
11892,4344.501244,4853.777316
11893,4344.799184,4851.932776
11894,4345.402110,4854.551470
11895,4345.553540,4853.087732
11896,4345.553540,4856.461992
11897,4345.553540,4854.033769
11898,4345.553540,4854.968861
11899,4345.553540,4857.709594
11900,4345.553540,4856.098144
11901,4346.503264,4855.089774
11902,4347.167084,4856.403857
11903,4347.501573,4856.455917
11904,4347.888165,4856.665460
11905,4347.888165,4856.501951
11906,4347.888165,4856.586760
11907,4347.888165,4858.300443
11908,4348.524451,4857.393676
11909,4348.524451,4865.972267
11910,4348.524451,4859.482067
11911,4348.524451,4859.484979
11912,4351.445261,4859.943112
11913,4352.305492,4859.788581
11914,4353.152744,4861.108796
11915,4353.152744,4860.806167
11916,4353.499129,4860.469195
11917,4353.499129,4861.470610
11918,4353.856607,4861.441871
11919,4354.079438,4862.062205
11920,4354.079438,4863.393376
11921,4354.356445,4861.933987
11922,4354.356445,4861.962208
11923,4355.458392,4864.691661
11924,4355.458392,4863.443440
11925,4355.458392,4866.219717
11926,4355.556014,4865.332240
11927,4355.620435,4864.817851
11928,4355.620435,4864.872915
11929,4356.317434,4865.144309
11930,4357.594881,4866.660964
11931,4358.402745,4866.402308
11932,4358.662166,4868.568057
11933,4358.861448,4867.072750
11934,4359.017480,4866.980659
11935,4359.017480,4867.663013
11936,4359.017480,4869.687576
11937,4359.550125,4874.545487
11938,4360.100052,4867.690451
11939,4360.640619,4869.662554
11940,4360.807849,4875.310458
11941,4361.534913,4871.207994
11942,4362.971637,4871.856731
11943,4362.971637,4872.594330
11944,4363.384312,4872.095550
11945,4364.186562,4872.421679
11946,4364.332809,4874.158080
11947,4364.332809,4876.816932
11948,4364.332809,4874.880907
11949,4364.387784,4879.725642
11950,4366.614707,4875.402931
11951,4366.640900,4876.648322
11952,4367.762332,4876.440224
11953,4367.762332,4877.406471
11954,4367.872864,4879.374720
11955,4371.995683,4879.869394
11956,4373.796988,4877.823676
11957,4373.796988,4878.205370
11958,4374.078843,4878.495590
11959,4374.270832,4880.048467
11960,4374.270832,4883.889632
11961,4374.270832,4880.300129
11962,4375.629310,4881.233957
11963,4375.629310,4880.220285
11964,4376.179912,4880.751726
11965,4376.179912,4883.369891
11966,4376.179912,4881.792227
11967,4376.179912,4884.253114
11968,4376.391667,4883.764011
11969,4376.391667,4885.251588
11970,4376.582719,4884.226081
11971,4378.908425,4885.817440
11972,4378.908425,4885.762023
11973,4378.908425,4886.033865
11974,4378.908425,4888.220627
11975,4378.908425,4886.208496
11976,4378.908425,4886.676077
11977,4378.957003,4888.976192
11978,4378.957003,4887.016648
11979,4379.465140,4888.650992
11980,4379.465140,4888.030561
11981,4380.745480,4890.552591
11982,4380.810393,4888.940023
11983,4381.155636,4890.675480
11984,4381.997169,4890.072366
11985,4382.472379,4889.543655
11986,4382.472379,4891.849215
11987,4382.472379,4891.559848
11988,4383.965248,4892.444485
11989,4385.881502,4891.444392
11990,4385.881502,4893.768853
11991,4386.667164,4892.834905
11992,4387.059511,4892.492300
11993,4387.059511,4893.277830
11994,4388.563211,4893.031347
11995,4388.563211,4893.901303
11996,4388.563211,4895.288664
11997,4391.527747,4894.540144
11998,4391.527747,4897.834537
11999,4392.008044,4895.754335
12000,4392.008044,4894.720360
12001,4392.008044,4896.957812
12002,4392.008044,4895.598816
12003,4392.008044,4896.291544
12004,4392.973041,4897.522067
12005,4393.877540,4897.163447
12006,4393.877540,4897.323183
12007,4393.877540,4897.203016
12008,4394.477422,4898.308002
12009,4395.124330,4897.757078
12010,4395.371320,4902.348702
12011,4395.504170,4898.151714
12012,4395.504170,4898.330296
12013,4395.504170,4899.758068
12014,4395.504170,4898.531568
12015,4395.644540,4906.146589
12016,4395.750331,4900.659001
12017,4396.564107,4902.558076
12018,4396.564107,4901.598268
12019,4396.926296,4902.914974
12020,4397.234408,4904.642260
12021,4397.234408,4906.027513
12022,4397.514389,4903.040281
12023,4397.514389,4904.432767
12024,4398.175386,4910.549813
12025,4398.175386,4906.240969
12026,4398.175386,4907.420021
12027,4398.175386,4906.414618
12028,4398.175386,4914.934186
12029,4398.175386,4906.904270
12030,4398.421096,4914.022141
12031,4398.421096,4907.681090
12032,4400.323027,4908.473882
12033,4400.323027,4909.229212
12034,4400.323027,4911.396056
12035,4400.323027,4912.986978
12036,4400.323027,4911.721588
12037,4401.690653,4911.776546
12038,4401.690653,4911.827241
12039,4401.690653,4912.860949
12040,4401.691282,4918.374069
12041,4402.027775,4917.468668
12042,4402.027775,4914.209479
12043,4402.558343,4917.368626
12044,4404.019788,4916.189276
12045,4404.019788,4918.687011
12046,4404.123143,4921.625804
12047,4405.346964,4920.065058
12048,4405.346964,4920.403908
12049,4405.346964,4919.783958
12050,4405.346964,4926.143631
12051,4405.650607,4921.624100
12052,4405.650607,4920.966930
12053,4406.988089,4923.037833
12054,4406.988089,4922.838924
12055,4406.988089,4922.806990
12056,4406.988089,4933.316218
12057,4406.988089,4926.844379
12058,4406.988089,4924.704566
12059,4406.988089,4926.241923
12060,4406.988089,4931.996315
12061,4409.903962,4926.867305
12062,4410.943381,4927.770301
12063,4411.283806,4927.025360
12064,4411.283806,4927.227073
12065,4411.283806,4927.259661
12066,4411.283806,4930.448126
12067,4411.283806,4928.461152
12068,4411.939950,4929.512333
12069,4412.103081,4931.993466
12070,4413.446542,4934.288184
12071,4413.446542,4936.708837
12072,4413.446542,4936.268786
12073,4413.446542,4934.157552
12074,4414.110192,4936.343551
12075,4414.110192,4934.496982
12076,4414.110192,4935.195785
12077,4414.110192,4937.212136
12078,4414.110192,4938.866149
12079,4414.110192,4937.936834
12080,4414.110192,4937.009778
12081,4415.492930,4945.377742
12082,4415.933763,4937.496066
12083,4415.933763,4938.542654
12084,4416.421694,4942.431549
12085,4417.469620,4939.247594
12086,4417.469620,4941.793736
12087,4417.469620,4939.834957
12088,4418.002865,4940.074912
12089,4418.146958,4942.504855
12090,4418.146958,4947.926774
12091,4418.146958,4945.432625
12092,4418.288404,4943.557993
12093,4418.288404,4944.122169
12094,4418.288404,4945.631879
12095,4418.288404,4945.812468
12096,4418.288404,4945.574294
12097,4418.288404,4951.856313
12098,4418.288404,4949.388527
12099,4418.440521,4948.682602
12100,4418.440521,4954.384140
12101,4419.247289,4949.257397
12102,4419.247289,4951.557761
12103,4419.312884,4949.898709
12104,4419.312884,4950.069072
12105,4421.325596,4951.268684
12106,4421.959113,4953.707169
12107,4421.959113,4951.930997
12108,4422.051864,4952.009647
12109,4422.463257,4952.006320
12110,4422.463257,4957.002615
12111,4422.639845,4952.966282
12112,4422.639845,4955.844710
12113,4422.639845,4954.118257
12114,4422.716537,4955.107388
12115,4422.716537,4954.761504
12116,4424.165588,4958.222720
12117,4424.592160,4956.440604
12118,4424.592160,4961.286803
12119,4424.650700,4957.877237
12120,4425.856569,4957.699039
12121,4425.856569,4958.488762
12122,4425.856569,4958.000065
12123,4425.856569,4958.159604
12124,4426.073947,4958.475177
12125,4426.961593,4960.930795
12126,4426.961593,4961.343139
12127,4426.961593,4960.446682
12128,4427.061471,4963.779866
12129,4427.061471,4961.073426
12130,4427.061471,4962.020512
12131,4427.061471,4964.505177
12132,4427.061471,4964.562775
12133,4427.061471,4964.884893
12134,4427.061471,4967.535738
12135,4427.769521,4965.087843
12136,4428.740501,4964.738021
12137,4429.565546,4965.068734
12138,4429.565546,4970.019603
12139,4429.813423,4966.241144
12140,4431.474543,4967.088497
12141,4433.272838,4966.665801
12142,4434.974625,4966.946533
12143,4434.974625,4966.961033
12144,4434.974625,4967.497877
12145,4436.523211,4970.338880
12146,4437.326096,4969.027094
12147,4437.326096,4967.919882
12148,4437.326096,4971.048072
12149,4437.326096,4969.190021
12150,4438.480440,4970.319103
12151,4438.480440,4975.597865
12152,4438.585520,4970.668577
12153,4438.585520,4971.687070
12154,4438.585520,4971.253563
12155,4438.585520,4974.597000
12156,4438.585520,4971.895754
12157,4438.881825,4975.789266
12158,4439.224831,4972.622371
12159,4439.224831,4975.571125
12160,4440.844275,4976.056049
12161,4440.844275,4976.167053
12162,4440.844275,4976.490089
12163,4441.007390,4975.929199
12164,4441.039029,4976.256480
12165,4441.823108,4979.080953
12166,4442.477520,4976.415077
12167,4442.806617,4976.398206
12168,4442.806617,4978.224282
12169,4443.196644,4977.267943
12170,4443.196644,4977.318896
12171,4444.054970,4978.610474
12172,4445.363878,4979.124110
12173,4445.391958,4980.291336
12174,4445.391958,4979.741432
12175,4445.391958,4979.722069
12176,4445.763611,4979.485327
12177,4446.022740,4981.484852
12178,4446.022740,4984.068633
12179,4446.022740,4980.882488
12180,4446.022740,4980.663936
12181,4448.156520,4981.782577
12182,4448.435991,4981.065312
12183,4448.435991,4981.760663
12184,4449.807364,4981.833447
12185,4449.807364,4983.902735
12186,4450.285291,4987.310444
12187,4450.335882,4984.338354
12188,4450.335882,4984.220780
12189,4450.600573,4987.848714
12190,4450.600573,4984.225537
12191,4450.600573,4984.332706
12192,4451.770476,4985.238157
12193,4452.295360,4985.351762
12194,4452.688425,4985.379886
12195,4453.030540,4986.967082
12196,4454.454360,4985.696822
12197,4454.875474,4987.410696
12198,4454.875474,4987.653363
12199,4456.068523,4990.970213
12200,4456.154582,4988.185975
12201,4456.787929,4993.021583
12202,4456.862637,4989.229006
12203,4457.448014,4988.198657
12204,4457.623095,4988.543538
12205,4457.623095,4989.000533
12206,4457.804851,4990.867045
12207,4457.804851,4990.295954
12208,4459.192844,4997.886766
12209,4459.192844,4991.261456
12210,4459.346338,4993.080777
12211,4459.346338,4991.729169
12212,4460.032566,4991.816748
12213,4461.319482,4993.318962
12214,4461.835263,4993.122232
12215,4461.835263,4994.594430
12216,4463.579639,4993.901929
12217,4464.748201,4994.419011
12218,4465.773736,4996.215947
12219,4466.320391,4994.949417
12220,4466.405718,4995.657424
12221,4466.405718,4995.766277
12222,4467.286058,4995.935276
12223,4467.286058,4997.146044
12224,4468.116629,5001.363756
12225,4468.150316,4996.881290
12226,4468.696681,5000.839154
12227,4468.696681,4997.163952
12228,4468.696681,4997.982512
12229,4468.696681,4998.482376
12230,4468.696681,5000.126552
12231,4468.696681,5001.253641
12232,4468.696681,5004.508668
12233,4468.862757,5000.886092
12234,4468.862757,5001.989191
12235,4469.892114,5001.457298
12236,4470.992043,5005.907034
12237,4471.040282,5001.797823
12238,4471.767982,5006.384412
12239,4471.767982,5011.090176
12240,4471.813515,5004.823053
12241,4471.813515,5006.261493
12242,4471.851093,5006.942962
12243,4471.851093,5007.113898
12244,4473.301976,5007.798873
12245,4473.301976,5012.003633
12246,4473.301976,5007.191824
12247,4473.335907,5007.363302
12248,4473.355115,5008.995900
12249,4473.479120,5009.433484
12250,4473.479120,5009.455812
12251,4473.479120,5011.708363
12252,4473.479120,5011.089881
12253,4473.479120,5012.893992
12254,4473.479120,5012.004380
12255,4473.479120,5011.822965
12256,4473.479120,5012.636325
12257,4473.956641,5015.837669
12258,4474.636386,5014.330441
12259,4474.636386,5013.784112
12260,4474.636386,5014.950255
12261,4474.636386,5015.071102
12262,4474.636386,5018.597609
12263,4474.636386,5015.078515
12264,4474.636386,5015.558366
12265,4474.636700,5015.245550
12266,4474.636700,5015.420314
12267,4476.406869,5018.304176
12268,4477.806253,5017.140034
12269,4477.946387,5017.720374
12270,4477.946387,5018.605453
12271,4477.946387,5018.532882
12272,4477.946387,5021.296024
12273,4477.946387,5019.290220
12274,4478.582520,5019.528946
12275,4478.682181,5019.244091
12276,4478.682181,5022.207525
12277,4478.682181,5022.360923
12278,4478.682181,5020.833163
12279,4478.765049,5023.247885
12280,4478.957450,5022.109474
12281,4478.957450,5024.026460
12282,4480.213411,5025.042101
12283,4481.997080,5024.750668
12284,4481.997080,5026.907500
12285,4481.997080,5024.245007
12286,4481.997080,5026.532134
12287,4481.997080,5026.524326
12288,4481.997080,5025.056662
12289,4482.605415,5025.139064
12290,4483.065368,5025.436779
12291,4483.093311,5025.838245
12292,4483.093311,5027.170372
12293,4483.093311,5026.581345
12294,4483.194637,5026.862099
12295,4483.194637,5033.910577
12296,4483.960739,5027.495181
12297,4483.960739,5034.452573
12298,4483.960739,5027.266578
12299,4483.960739,5030.688043
12300,4483.960739,5028.267367
12301,4484.783622,5028.517979
12302,4484.783622,5028.834265
12303,4484.783622,5029.340704
12304,4484.783622,5029.369625
12305,4484.783622,5030.587797
12306,4485.336205,5031.085379
12307,4485.336205,5030.769450
12308,4485.336205,5031.979561
12309,4488.401008,5031.570924
12310,4488.955026,5031.606616
12311,4488.955026,5033.277770
12312,4489.491410,5032.648371
12313,4489.491410,5034.067591
12314,4489.491410,5035.637974
12315,4489.491410,5035.157461
12316,4489.527312,5035.814131
12317,4489.596423,5034.550305
12318,4489.667595,5038.320671
12319,4489.723580,5042.213309
12320,4489.948653,5035.982292
12321,4490.412802,5037.227142
12322,4490.412802,5036.799896
12323,4490.629397,5037.604255
12324,4490.629397,5038.086583
12325,4491.146081,5039.334029
12326,4491.146081,5039.801597
12327,4491.146081,5040.437736
12328,4491.202717,5039.807711
12329,4491.378682,5040.619730
12330,4491.378682,5040.975436
12331,4491.378682,5041.377634
12332,4491.378682,5041.804304
12333,4491.788765,5041.458269
12334,4492.027913,5042.280417
12335,4495.290430,5041.507418
12336,4495.290430,5043.422360
12337,4495.290430,5044.985444
12338,4495.378558,5043.956798
12339,4495.378558,5044.399814
12340,4495.378558,5043.531763
12341,4495.378558,5044.234837
12342,4495.378558,5046.901505
12343,4495.839207,5047.388442
12344,4495.839207,5048.266618
12345,4495.839207,5045.817918
12346,4495.839207,5046.730564
12347,4495.846669,5047.663358
12348,4495.846669,5049.451012
12349,4496.944774,5049.779098
12350,4496.944774,5048.346873
12351,4497.548426,5049.668375
12352,4497.548426,5050.561233
12353,4498.409928,5049.703454
12354,4498.997730,5057.988826
12355,4499.047043,5062.356028
12356,4499.115344,5049.811602
12357,4499.115344,5053.068531
12358,4500.582237,5051.069258
12359,4500.582237,5054.017700
12360,4500.582237,5053.576812
12361,4500.591782,5053.910464
12362,4500.623796,5054.129192
12363,4501.034355,5055.898730
12364,4501.034355,5054.434289
12365,4503.214326,5054.472685
12366,4503.276064,5054.578183
12367,4503.347769,5054.869301
12368,4503.468691,5054.919353
12369,4504.383500,5056.371840
12370,4504.383500,5055.969524
12371,4504.708637,5057.497512
12372,4505.143047,5058.297614
12373,4505.143047,5058.864010
12374,4505.704736,5063.723543
12375,4505.704736,5059.492422
12376,4505.704736,5061.577223
12377,4507.117401,5062.256321
12378,4507.222192,5062.262686
12379,4508.334905,5064.676567
12380,4508.334905,5063.125060
12381,4508.334905,5062.909143
12382,4508.334905,5063.890809
12383,4508.334905,5067.192902
12384,4508.334905,5065.051698
12385,4509.796795,5064.065628
12386,4509.796795,5064.678884
12387,4509.796795,5065.426961
12388,4509.796795,5069.505935
12389,4509.796795,5065.264782
12390,4511.493836,5066.164388
12391,4511.548130,5065.476894
12392,4511.548130,5065.631771
12393,4511.548130,5066.324981
12394,4511.548130,5068.257707
12395,4511.548130,5067.722656
12396,4511.548130,5067.667971
12397,4511.902591,5068.974173
12398,4513.549101,5068.287591
12399,4513.549101,5070.994377
12400,4514.209641,5071.304102
12401,4514.745687,5074.072282
12402,4515.166025,5073.803530
12403,4515.283355,5071.288765
12404,4515.283355,5071.834435
12405,4515.283355,5072.329349
12406,4515.674263,5072.675740
12407,4515.674263,5073.371431
12408,4515.674263,5077.083682
12409,4517.354986,5073.383134
12410,4517.354986,5074.392850
12411,4517.354986,5075.622078
12412,4517.354986,5078.754634
12413,4517.354986,5075.085385
12414,4517.354986,5077.597277
12415,4517.354986,5079.694208
12416,4517.354986,5081.697945
12417,4517.354986,5078.010659
12418,4517.354986,5078.892144
12419,4517.354986,5079.319832
12420,4517.354986,5081.431281
12421,4517.354986,5079.533106
12422,4517.354986,5080.523558
12423,4517.647734,5083.535273
12424,4517.647734,5081.002127
12425,4517.647734,5081.411342
12426,4518.456476,5081.465552
12427,4518.764663,5081.853477
12428,4518.764663,5081.641060
12429,4519.257830,5082.073917
12430,4519.257830,5083.582093
12431,4519.257830,5082.040323
12432,4519.257830,5083.015795
12433,4519.257830,5082.277900
12434,4519.282059,5082.861056
12435,4520.323446,5084.427712
12436,4523.013890,5084.414877
12437,4523.098791,5092.451603
12438,4523.098791,5084.890973
12439,4523.098791,5084.926801
12440,4523.695212,5087.171545
12441,4525.131783,5089.505553
12442,4525.302631,5086.566390
12443,4525.412423,5087.090722
12444,4525.412423,5087.821803
12445,4526.576298,5088.285438
12446,4526.960369,5088.041411
12447,4526.960369,5088.708862
12448,4528.409758,5088.657039
12449,4528.409758,5091.969395
12450,4528.409758,5088.929502
12451,4528.409758,5090.128505
12452,4528.409758,5093.331251
12453,4528.911946,5090.673908
12454,4528.911946,5091.523036
12455,4531.245354,5092.098989
12456,4531.460670,5095.099511
12457,4531.460670,5092.695935
12458,4531.460670,5092.532894
12459,4531.742642,5096.319399
12460,4531.742642,5092.939206
12461,4534.425015,5093.689979
12462,4534.425015,5095.200685
12463,4534.769369,5095.489314
12464,4535.697301,5095.114867
12465,4535.697301,5095.946128
12466,4535.697301,5095.960777
12467,4536.778617,5095.676092
12468,4536.778617,5096.460553
12469,4536.778617,5097.024552
12470,4536.778617,5097.923416
12471,4537.019995,5098.814538
12472,4537.319744,5096.577903
12473,4537.319744,5097.706180
12474,4537.743282,5098.217660
12475,4537.892760,5098.534212
12476,4538.103095,5102.211217
12477,4538.290592,5100.794404
12478,4538.420925,5100.014222
12479,4539.570317,5102.049530
12480,4539.570317,5100.696271
12481,4539.967720,5101.691869
12482,4540.225377,5101.052411
12483,4540.225377,5103.228172
12484,4541.289381,5101.883081
12485,4542.489255,5102.029084
12486,4543.379288,5102.577383
12487,4543.907200,5102.791443
12488,4543.907200,5103.181046
12489,4546.188924,5106.619236
12490,4546.188924,5103.452325
12491,4547.119379,5110.937026
12492,4547.119379,5103.557491
12493,4547.465438,5105.705892
12494,4547.465438,5103.978735
12495,4547.465438,5105.544909
12496,4548.220213,5106.682848
12497,4548.220213,5106.156713
12498,4549.165182,5108.670407
12499,4549.165182,5107.663309
12500,4549.165344,5106.990253
12501,4549.165344,5108.181934
12502,4549.165344,5107.667308
12503,4549.345091,5107.701844
12504,4549.345091,5108.944693
12505,4549.345091,5110.026743
12506,4549.345091,5109.302743
12507,4549.611933,5109.738824
12508,4549.611933,5113.904271
12509,4549.611933,5111.541287
12510,4549.611933,5111.197411
12511,4549.613658,5111.523342
12512,4549.613658,5112.793416
12513,4550.277049,5111.627874
12514,4550.277049,5113.575943
12515,4550.277049,5115.678449
12516,4550.277049,5113.712286
12517,4550.277049,5113.597943
12518,4550.743655,5115.162482
12519,4550.743655,5114.334314
12520,4550.980508,5114.381775
12521,4550.980508,5115.002864
12522,4550.980508,5114.972118
12523,4551.691526,5115.260284
12524,4552.393514,5115.150714
12525,4552.582929,5115.831908
12526,4552.792815,5117.649546
12527,4553.377810,5116.211281
12528,4553.377810,5116.571372
12529,4553.377810,5116.175932
12530,4553.377810,5116.852565
12531,4553.377810,5116.638764
12532,4554.029920,5117.042303
12533,4554.063646,5120.234050
12534,4554.063646,5117.163242
12535,4554.063646,5117.818796
12536,4554.386255,5120.232494
12537,4554.386255,5117.689253
12538,4554.386255,5117.821461
12539,4555.261928,5118.775610
12540,4556.645790,5118.210362
12541,4556.645790,5118.554910
12542,4556.645790,5119.721589
12543,4556.952790,5122.313518
12544,4556.952790,5120.284936
12545,4556.952790,5120.896687
12546,4557.324395,5128.451658
12547,4557.324395,5120.415421
12548,4558.027586,5121.119268
12549,4558.027586,5121.182167
12550,4559.444224,5122.215188
12551,4559.444224,5122.264310
12552,4559.560412,5124.548763
12553,4559.769393,5127.240611
12554,4560.686147,5126.937152
12555,4560.686147,5124.728664
12556,4560.686147,5126.556277
12557,4560.686147,5128.044460
12558,4560.686147,5129.254307
12559,4562.720811,5127.488086
12560,4562.720811,5128.341577
12561,4562.720811,5128.068882
12562,4563.484803,5128.158780
12563,4563.991832,5131.522472
12564,4563.991832,5128.888654
12565,4564.465819,5131.736279
12566,4565.355054,5129.575617
12567,4566.904734,5130.150609
12568,4567.136432,5130.100796
12569,4567.136432,5130.568857
12570,4567.434199,5130.975907
12571,4567.434199,5131.440755
12572,4567.434199,5134.997319
12573,4567.434199,5132.081442
12574,4567.434199,5132.065558
12575,4569.119159,5132.049796
12576,4569.119159,5137.501411
12577,4569.119159,5133.802063
12578,4570.249503,5132.172934
12579,4570.331929,5133.521181
12580,4570.331929,5135.845550
12581,4573.400639,5137.620895
12582,4573.400639,5135.056328
12583,4573.400639,5136.875952
12584,4573.400639,5137.212730
12585,4573.495291,5138.515314
12586,4573.495291,5137.338348
12587,4573.495291,5137.970677
12588,4573.495291,5138.340716
12589,4573.621995,5139.025769
12590,4573.621995,5139.791086
12591,4574.588475,5143.266457
12592,4574.668401,5139.460998
12593,4574.668401,5139.087521
12594,4577.736253,5139.949897
12595,4578.400036,5141.703480
12596,4579.991119,5142.103706
12597,4579.991119,5141.005771
12598,4579.991119,5141.030546
12599,4579.991119,5145.860571
12600,4579.991119,5146.439929
12601,4579.991119,5142.814768
12602,4579.991119,5143.108500
12603,4579.991119,5145.688750
12604,4580.825290,5143.787634
12605,4580.825290,5144.751761
12606,4580.825290,5146.410127
12607,4581.719090,5146.089974
12608,4581.719090,5146.336600
12609,4582.616643,5146.095191
12610,4582.616643,5146.205245
12611,4582.616643,5150.265484
12612,4583.508003,5146.632272
12613,4583.988310,5148.986888
12614,4584.281702,5151.745128
12615,4584.319527,5147.188178
12616,4584.321331,5147.593523
12617,4584.321331,5149.057342
12618,4584.531628,5152.318784
12619,4584.531628,5149.982589
12620,4584.531628,5153.483011
12621,4584.531628,5151.969070
12622,4585.504795,5153.322157
12623,4586.198787,5152.366827
12624,4586.222653,5152.588106
12625,4586.222653,5152.977639
12626,4586.319869,5153.594732
12627,4586.319869,5155.927837
12628,4586.319869,5158.494519
12629,4586.580789,5153.866963
12630,4586.669805,5154.427851
12631,4586.669805,5153.932329
12632,4586.691760,5156.123180
12633,4586.785756,5154.561141
12634,4587.098968,5154.895433
12635,4587.098968,5155.535495
12636,4587.911108,5156.437756
12637,4588.780493,5156.979655
12638,4590.071034,5156.518060
12639,4590.071034,5160.331959
12640,4592.884018,5156.909731
12641,4592.884018,5156.992388
12642,4593.196964,5158.386063
12643,4593.414389,5157.869965
12644,4593.637084,5157.975047
12645,4595.029628,5159.540837
12646,4595.471281,5158.538853
12647,4595.471281,5160.419183
12648,4595.471281,5159.990884
12649,4595.471281,5160.869025
12650,4595.471281,5160.844573
12651,4595.700092,5161.467355
12652,4596.409675,5166.778149
12653,4596.639373,5161.620745
12654,4596.949466,5162.107159
12655,4596.949466,5165.173511
12656,4597.240560,5162.827492
12657,4597.399771,5163.032013
12658,4597.954844,5162.963104
12659,4598.283458,5163.676893
12660,4598.283458,5163.040425
12661,4598.283458,5164.556200
12662,4598.983692,5167.151656
12663,4598.983692,5164.827984
12664,4599.021562,5167.912669
12665,4599.021562,5165.862385
12666,4600.787446,5170.548599
12667,4601.111051,5168.307780
12668,4601.189024,5173.042039
12669,4601.706460,5169.547501
12670,4601.706460,5174.463307
12671,4601.706460,5172.042074
12672,4601.937547,5175.581509
12673,4602.419079,5174.340579
12674,4602.419079,5173.369132
12675,4603.273786,5176.761095
12676,4603.273786,5174.411260
12677,4603.273786,5174.697779
12678,4603.854956,5175.804042
12679,4604.540710,5175.034982
12680,4604.590032,5175.140240
12681,4604.590032,5175.793117
12682,4604.590032,5178.807402
12683,4605.261200,5176.735028
12684,4605.805223,5176.825641
12685,4606.821276,5176.949250
12686,4607.961914,5179.351947
12687,4607.961914,5179.431751
12688,4608.030461,5181.026187
12689,4608.059199,5184.969448
12690,4608.638501,5182.149726
12691,4609.313859,5182.470617
12692,4609.609997,5181.678654
12693,4609.956950,5181.884307
12694,4610.486228,5183.014672
12695,4610.486228,5182.498643
12696,4610.950148,5184.770038
12697,4611.256577,5184.818959
12698,4611.256577,5183.527102
12699,4611.256577,5183.732833
12700,4612.116215,5184.114923
12701,4613.933668,5185.685924
12702,4616.103282,5185.220444
12703,4616.103282,5185.644314
12704,4616.103282,5187.115698
12705,4616.103282,5185.443482
12706,4616.103282,5193.017828
12707,4616.103282,5186.461433
12708,4616.103282,5186.524971
12709,4616.103282,5187.703105
12710,4616.103282,5187.074016
12711,4616.351759,5188.116790
12712,4618.801040,5193.988716
12713,4618.910283,5188.208041
12714,4618.910283,5188.208395
12715,4618.910283,5188.404810
12716,4618.910283,5189.664998
12717,4619.049843,5188.461735
12718,4619.599311,5189.676053
12719,4619.769112,5190.683829
12720,4620.604661,5191.584145
12721,4623.306249,5191.094979
12722,4623.306249,5191.413335
12723,4625.778884,5193.129602
12724,4626.935266,5193.141725
12725,4626.935266,5193.971060
12726,4628.012680,5193.336557
12727,4628.012680,5194.045867
12728,4628.012680,5193.441627
12729,4628.012680,5194.333166
12730,4628.304397,5198.363125
12731,4630.450768,5194.074916
12732,4630.450768,5194.681387
12733,4630.951853,5194.709501
12734,4630.951853,5194.658368
12735,4630.951853,5195.295511
12736,4630.951853,5195.055471
12737,4630.951853,5195.783252
12738,4631.268856,5196.475592
12739,4631.460528,5196.750927
12740,4631.460528,5203.104475
12741,4632.619904,5198.783232
12742,4632.619904,5198.801728
12743,4632.619904,5200.259043
12744,4632.619904,5200.113280
12745,4632.836606,5199.278859
12746,4633.712471,5199.478639
12747,4634.751942,5199.635747
12748,4634.751942,5200.860366
12749,4634.751942,5204.071783
12750,4634.751942,5201.782259
12751,4634.751942,5201.330684
12752,4635.255771,5202.383648
12753,4635.255771,5203.268889
12754,4635.601999,5203.173182
12755,4635.601999,5203.112047
12756,4635.601999,5205.244062
12757,4635.601999,5204.073486
12758,4635.601999,5205.850518
12759,4635.842482,5206.033515
12760,4635.842482,5204.578498
12761,4636.453957,5205.393333
12762,4636.453957,5208.712129
12763,4636.650417,5205.624328
12764,4636.781063,5207.412814
12765,4636.781063,5207.051471
12766,4637.613636,5206.455924
12767,4638.052347,5207.558909
12768,4638.052347,5212.383900
12769,4638.172705,5209.594265
12770,4638.361999,5209.560999
12771,4638.361999,5209.340524
12772,4639.194778,5209.471167
12773,4639.194778,5211.158648
12774,4639.237643,5210.230367
12775,4639.237643,5209.948423
12776,4639.412713,5210.191702
12777,4639.412713,5213.004239
12778,4639.412713,5210.976629
12779,4639.915657,5211.033377
12780,4640.130233,5212.975420
12781,4643.149573,5215.456631
12782,4643.149573,5215.375121
12783,4643.457060,5213.779355
12784,4645.881235,5214.685409
12785,4646.048217,5216.929652
12786,4646.048217,5214.751739
12787,4646.048217,5214.868101
12788,4646.986745,5215.109990
12789,4648.790772,5215.657118
12790,4648.969292,5218.833000
12791,4649.227160,5216.803971
12792,4649.227160,5215.829562
12793,4649.227160,5217.841040
12794,4649.227160,5220.599204
12795,4649.227160,5217.630147
12796,4649.227160,5219.411754
12797,4649.227160,5218.084917
12798,4649.227160,5218.463143
12799,4649.227160,5218.833570
12800,4649.275477,5222.930949
12801,4649.663619,5219.899093
12802,4649.663619,5220.134256
12803,4650.155283,5221.052895
12804,4650.155283,5220.209556
12805,4652.128464,5220.543021
12806,4652.128464,5220.820592
12807,4652.128464,5221.142750
12808,4652.346102,5221.726348
12809,4653.707118,5221.431616
12810,4654.279772,5227.798110
12811,4654.315115,5222.542987
12812,4654.315115,5225.959246
12813,4654.315115,5225.501560
12814,4654.315115,5226.171362
12815,4654.315115,5225.550334
12816,4655.406140,5227.182692
12817,4655.730891,5226.949222
12818,4656.852281,5228.713737
12819,4657.564669,5228.528521
12820,4658.267266,5227.567421
12821,4658.267266,5229.599214
12822,4659.185521,5229.150949
12823,4661.652212,5229.462749
12824,4661.652212,5230.837192
12825,4661.652212,5231.356658
12826,4661.730399,5229.745112
12827,4662.357690,5230.745960
12828,4662.357690,5229.994027
12829,4662.399606,5231.631774
12830,4662.989848,5231.051810
12831,4662.989848,5233.390490
12832,4662.989848,5231.324929
12833,4663.960671,5231.511959
12834,4665.350860,5233.566419
12835,4665.999420,5232.299374
12836,4665.999420,5237.435039
12837,4665.999420,5235.768535
12838,4665.999420,5233.739372
12839,4666.418251,5235.872838
12840,4666.418251,5238.169927
12841,4666.418251,5237.217804
12842,4666.418251,5235.907549
12843,4666.582205,5238.297004
12844,4666.730237,5238.817746
12845,4666.730237,5237.733219
12846,4666.730237,5239.324861
12847,4666.730237,5242.043229
12848,4667.048417,5238.787442
12849,4667.946896,5242.229373
12850,4667.946896,5240.583211
12851,4667.946896,5240.170986
12852,4667.946896,5242.188414
12853,4667.946896,5242.668037
12854,4668.047204,5242.122599
12855,4668.047204,5243.790789
12856,4668.047204,5243.887615
12857,4670.737374,5247.683780
12858,4670.737374,5242.942986
12859,4670.737374,5243.582176
12860,4671.567187,5244.359747
12861,4671.567187,5246.661410
12862,4671.567187,5246.609639
12863,4671.567187,5244.367664
12864,4671.567187,5246.445146
12865,4671.920687,5247.069734
12866,4671.920687,5247.275025
12867,4671.920687,5259.047376
12868,4671.920687,5247.433887
12869,4672.146514,5249.378228
12870,4673.358815,5247.792885
12871,4674.135089,5248.638605
12872,4674.627909,5251.239859
12873,4674.627909,5248.998317
12874,4674.627909,5249.810113
12875,4674.627909,5250.994686
12876,4674.627909,5249.810162
12877,4674.627909,5251.612881
12878,4676.084930,5252.439643
12879,4676.347218,5251.932504
12880,4679.421484,5252.238692
12881,4679.421484,5251.975861
12882,4680.171253,5253.705692
12883,4680.171253,5254.964194
12884,4680.171253,5252.941244
12885,4680.171253,5253.825128
12886,4680.171253,5253.707597
12887,4680.217480,5254.126283
12888,4680.217480,5254.737117
12889,4680.217480,5255.608078
12890,4680.217480,5256.890953
12891,4680.217480,5256.031905
12892,4680.217480,5256.892104
12893,4680.287086,5258.421045
12894,4680.287086,5257.297600
12895,4680.495808,5259.539557
12896,4680.495808,5258.386058
12897,4680.495808,5260.457476
12898,4680.495808,5261.540218
12899,4680.829569,5260.996893
12900,4680.829569,5259.730287
12901,4680.829569,5261.053464
12902,4680.829569,5261.864693
12903,4680.829569,5261.001844
12904,4680.829569,5262.504519
12905,4681.719958,5262.513739
12906,4681.719958,5261.892958
12907,4682.369735,5262.154491
12908,4682.919020,5262.755412
12909,4682.919020,5266.780966
12910,4682.919020,5269.563239
12911,4683.470056,5263.404514
12912,4683.618259,5265.225621
12913,4683.618259,5263.641746
12914,4684.305809,5263.690854
12915,4685.659655,5263.881864
12916,4685.659655,5264.971767
12917,4685.659655,5266.632035
12918,4685.875024,5266.916333
12919,4687.144794,5267.449954
12920,4687.392292,5267.393597
12921,4687.392292,5268.600457
12922,4688.645711,5269.309183
12923,4689.033734,5269.336545
12924,4689.033734,5269.230937
12925,4689.215487,5273.311996
12926,4691.636898,5269.920254
12927,4693.438233,5270.763475
12928,4693.620025,5270.200485
12929,4694.253747,5270.817955
12930,4694.950058,5272.913997
12931,4694.950058,5273.625913
12932,4695.198579,5273.446838
12933,4695.603182,5276.650298
12934,4695.603182,5282.935282
12935,4695.603182,5274.156454
12936,4696.227464,5273.655240
12937,4696.227464,5273.726961
12938,4697.215131,5273.830248
12939,4697.215131,5275.690215
12940,4697.215131,5274.275069
12941,4697.215131,5275.860637
12942,4697.938890,5276.962182
12943,4697.938890,5277.628997
12944,4697.938890,5277.031160
12945,4697.938890,5277.403828
12946,4698.116807,5278.668860
12947,4698.122785,5278.610906
12948,4698.155465,5278.227813
12949,4698.415261,5281.310886
12950,4698.518253,5279.276289
12951,4698.518253,5281.086354
12952,4698.518253,5282.950818
12953,4698.750866,5283.004288
12954,4698.750866,5284.367717
12955,4700.394035,5295.503683
12956,4700.394035,5284.285755
12957,4700.596451,5285.050044
12958,4700.596451,5284.826101
12959,4700.596451,5284.691349
12960,4700.596451,5285.489889
12961,4700.660306,5285.380917
12962,4700.660306,5287.406182
12963,4700.660306,5289.297173
12964,4702.200898,5288.084668
12965,4703.077466,5287.433347
12966,4703.077466,5291.196485
12967,4703.077466,5288.441870
12968,4703.510595,5288.625143
12969,4703.510595,5288.812369
12970,4703.510595,5289.879753
12971,4703.510595,5289.642616
12972,4703.510595,5291.694697
12973,4703.510595,5290.108062
12974,4704.064925,5290.458749
12975,4704.064925,5291.104475
12976,4704.064925,5291.926158
12977,4704.330020,5292.423748
12978,4704.330020,5292.508647
12979,4705.149350,5293.084762
12980,4705.149350,5295.021479
12981,4705.149350,5292.681447
12982,4705.149350,5295.132193
12983,4705.149350,5294.411182
12984,4705.378360,5296.545460
12985,4705.378360,5296.755982
12986,4706.212697,5296.014981
12987,4706.392243,5298.199735
12988,4706.392243,5296.059082
12989,4706.392243,5296.223766
12990,4706.554735,5297.189961
12991,4706.554735,5299.353302
12992,4706.585820,5296.898987
12993,4706.585820,5298.951992
12994,4706.806959,5300.164856
12995,4707.553855,5301.724546
12996,4707.553855,5299.421404
12997,4708.506600,5301.300223
12998,4708.645500,5300.602741
12999,4708.747247,5302.585087
13000,4708.747247,5303.805862
13001,4708.747247,5301.320953
13002,4708.747247,5302.036112
13003,4710.558532,5307.464716
13004,4710.558532,5303.657009
13005,4710.558532,5303.258833
13006,4710.750555,5306.191153
13007,4712.179881,5303.991727
13008,4712.179881,5310.536947
13009,4712.531124,5304.091337
13010,4712.531124,5304.155664
13011,4713.339553,5305.928417
13012,4713.339553,5308.266399
13013,4713.339553,5306.969210
13014,4713.868300,5307.454851
13015,4715.019243,5308.621945
13016,4715.019243,5310.763828
13017,4716.125698,5308.922511
13018,4717.111741,5308.653158
13019,4717.699489,5309.615808
13020,4717.699489,5311.907088
13021,4717.699489,5310.741483
13022,4719.807329,5314.319193
13023,4720.257861,5310.866932
13024,4720.411482,5311.807647
13025,4721.650189,5311.443451
13026,4722.327613,5311.659447
13027,4722.406303,5312.211101
13028,4722.406303,5313.960289
13029,4722.406303,5312.499229
13030,4722.567941,5312.906903
13031,4722.789002,5312.574208
13032,4722.789002,5313.969761
13033,4724.048562,5313.064160
13034,4725.836679,5313.308088
13035,4727.133025,5314.068795
13036,4727.242160,5317.589918
13037,4727.946601,5316.231286
13038,4728.661646,5314.334380
13039,4728.661646,5314.754005
13040,4729.841066,5318.703829
13041,4729.841066,5318.167668
13042,4729.893191,5317.699898
13043,4730.758879,5318.880031
13044,4730.758879,5320.393712
13045,4730.758879,5319.534246
13046,4730.934984,5320.367995
13047,4730.934984,5324.042477
13048,4730.934984,5324.484650
13049,4731.383383,5320.725760
13050,4732.185140,5325.445858
13051,4732.360570,5321.431534
13052,4732.360570,5322.456919
13053,4733.294367,5322.803678
13054,4733.294367,5323.008023
13055,4733.464426,5323.013486
13056,4734.574116,5324.640645
13057,4738.891111,5325.154210
13058,4738.891111,5325.512197
13059,4738.891111,5325.347737
13060,4738.891111,5325.696091
13061,4738.891111,5327.083124
13062,4740.282744,5327.383467
13063,4740.947076,5329.904310
13064,4741.113207,5326.957049
13065,4741.113207,5328.252215
13066,4741.250221,5327.197907
13067,4741.421242,5329.721353
13068,4741.421242,5327.544364
13069,4741.680026,5328.590033
13070,4742.123389,5334.602391
13071,4745.455922,5332.153352
13072,4745.455922,5329.975203
13073,4745.455922,5338.715556
13074,4745.455922,5330.654188
13075,4745.455922,5330.851161
13076,4745.455922,5331.909457
13077,4745.455922,5333.184034
13078,4745.764302,5335.788030
13079,4746.220930,5333.477955
13080,4747.425000,5333.888200
13081,4747.530666,5337.734582
13082,4748.549005,5334.936590
13083,4748.549005,5336.590098
13084,4748.549005,5340.373480
13085,4748.849889,5337.149870
13086,4748.849889,5338.861131
13087,4748.930539,5337.885730
13088,4748.930539,5338.895683
13089,4748.931342,5339.489451
13090,4749.330747,5342.683665
13091,4749.330747,5339.039521
13092,4750.767289,5340.747723
13093,4751.489034,5339.860542
13094,4754.107352,5340.887226
13095,4754.344379,5341.517331
13096,4756.042839,5342.261148
13097,4756.042839,5342.769175
13098,4756.042839,5341.780366
13099,4756.236140,5342.218272
13100,4756.674687,5343.301982
13101,4759.919073,5342.365766
13102,4760.591346,5343.882575
13103,4761.194382,5345.729088
13104,4761.582315,5343.931632
13105,4761.689707,5345.412273
13106,4764.540809,5344.540800
13107,4764.540809,5353.956476
13108,4765.655511,5344.717769
13109,4765.655511,5345.083605
13110,4765.857840,5345.390947
13111,4765.992653,5345.643887
13112,4765.992653,5349.698209
13113,4765.992653,5348.751649
13114,4766.295879,5348.148833
13115,4766.683194,5352.319629
13116,4767.308955,5349.013357
13117,4767.308955,5351.378601
13118,4767.595608,5350.011868
13119,4767.595608,5354.192344
13120,4767.595608,5352.970006
13121,4767.613612,5354.381595
13122,4768.679347,5353.112468
13123,4768.874142,5355.394740
13124,4768.874142,5356.018972
13125,4769.831476,5355.342810
13126,4769.831476,5354.404030
13127,4771.551039,5361.174865
13128,4771.551039,5355.919246
13129,4771.730381,5357.282016
13130,4771.963981,5357.593166
13131,4771.963981,5357.246511
13132,4772.110386,5358.004850
13133,4772.933200,5357.293914
13134,4773.159987,5358.023268
13135,4774.864934,5357.828840
13136,4775.674232,5358.593731
13137,4776.177855,5368.507503
13138,4776.239966,5359.800126
13139,4776.294251,5359.277362
13140,4776.871665,5359.326716
13141,4776.871665,5359.407019
13142,4776.871665,5361.089939
13143,4776.871665,5360.161245
13144,4776.871665,5362.015792
13145,4777.504368,5363.048805
13146,4777.525711,5370.318656
13147,4777.525711,5362.099394
13148,4777.645652,5362.670628
13149,4777.645652,5362.831725
13150,4777.730863,5365.576448
13151,4777.944958,5364.905659
13152,4777.944958,5365.396921
13153,4777.944958,5371.093480
13154,4778.085870,5366.734852
13155,4778.085870,5367.100466
13156,4779.445927,5367.472955
13157,4779.787444,5368.038469
13158,4779.787444,5368.118510
13159,4779.787444,5368.345454
13160,4779.787444,5368.931635
13161,4780.285539,5371.662399
13162,4780.945041,5369.629853
13163,4780.945041,5370.062600
13164,4780.945041,5373.220961
13165,4780.945041,5372.301762
13166,4780.945041,5371.986675
13167,4780.945041,5380.486009
13168,4780.945041,5372.372310
13169,4780.945041,5372.802241
13170,4780.945041,5372.885071
13171,4781.612196,5376.962110
13172,4782.337298,5373.547667
13173,4782.337298,5373.243529
13174,4782.337298,5375.145559
13175,4782.411143,5374.831517
13176,4782.411143,5378.035089
13177,4782.910587,5375.159882
13178,4783.668438,5375.500063
13179,4784.892680,5375.851621
13180,4784.892680,5377.078580
13181,4784.892680,5378.052560
13182,4784.963380,5379.079395
13183,4784.963380,5380.785242
13184,4785.140246,5379.333024
13185,4785.176595,5380.801675
13186,4785.385307,5381.663956
13187,4785.618253,5383.845153
13188,4786.242981,5381.059764
13189,4787.223167,5381.842239
13190,4788.443784,5381.303099
13191,4788.443784,5383.606979
13192,4788.443784,5387.844653
13193,4788.443784,5383.504586
13194,4788.443784,5383.852652
13195,4788.443784,5388.276842
13196,4789.028701,5384.324106
13197,4789.028701,5384.054299
13198,4789.028701,5384.713106
13199,4789.144014,5388.946467
13200,4789.205085,5384.764964
13201,4789.855166,5386.862669
13202,4789.855166,5388.725454
13203,4789.855166,5388.919548
13204,4790.414968,5388.414943
13205,4790.605478,5389.120894
13206,4790.924234,5388.734260
13207,4790.924234,5391.058735
13208,4792.382348,5394.788364
13209,4792.382348,5390.685326
13210,4792.382348,5391.222578
13211,4792.708867,5395.051518
13212,4793.724295,5391.870388
13213,4793.902482,5394.508929
13214,4793.902482,5393.595837
13215,4793.902482,5393.828311
13216,4794.506225,5394.454756
13217,4794.506225,5394.593275
13218,4795.024554,5395.121394
13219,4795.147956,5397.424152
13220,4795.666672,5397.141326
13221,4795.666672,5398.814920
13222,4795.666672,5400.058961
13223,4796.024609,5402.349588
13224,4796.024609,5397.899457
13225,4796.070596,5397.949041
13226,4797.098847,5398.414400
13227,4797.098847,5400.724782
13228,4797.098847,5400.180306
13229,4797.815078,5400.477623
13230,4797.815078,5404.764528
13231,4797.815078,5400.686342
13232,4798.043119,5401.856302
13233,4798.743879,5400.806351
13234,4798.743879,5403.489005
13235,4798.820392,5402.386884
13236,4798.820392,5405.968127
13237,4799.531955,5404.561717
13238,4799.531955,5405.643480
13239,4799.531955,5404.940426
13240,4799.531955,5416.189939
13241,4799.531955,5405.640522
13242,4799.531955,5407.231640
13243,4801.124564,5405.657450
13244,4801.287277,5406.700040
13245,4801.615442,5411.132237
13246,4801.905205,5410.857149
13247,4801.905205,5413.006843
13248,4802.561515,5410.899956
13249,4802.561515,5414.145171
13250,4802.735261,5411.678211
13251,4802.865414,5416.976253
13252,4802.865414,5413.742296
13253,4802.865414,5415.259476
13254,4802.865414,5414.677125
13255,4802.865414,5415.508392
13256,4802.972443,5416.716652
13257,4803.723504,5415.959043
13258,4804.735468,5416.279521
13259,4805.277449,5419.134694
13260,4805.277449,5416.771834
13261,4805.328270,5418.940745
13262,4806.430623,5417.404609
13263,4807.890641,5417.231431
13264,4807.890641,5417.555680
13265,4809.150132,5420.410904
13266,4809.150132,5417.893835
13267,4809.150132,5418.762024
13268,4810.074029,5431.115524
13269,4810.074029,5420.284960
13270,4810.098997,5419.253305
13271,4810.156605,5419.379291
13272,4811.028914,5423.080833
13273,4811.030292,5420.891392
13274,4811.030292,5422.467372
13275,4811.672878,5423.015227
13276,4811.672878,5422.528059
13277,4812.871573,5424.498627
13278,4813.127293,5423.677903
13279,4813.127293,5424.279153
13280,4813.127293,5425.767018
13281,4813.157323,5425.920854
13282,4813.683208,5424.892298
13283,4814.135874,5425.099682
13284,4814.478591,5426.915783
13285,4814.478591,5426.015162
13286,4814.478591,5428.259685
13287,4814.478591,5426.771373
13288,4814.478591,5427.107303
13289,4814.478591,5427.557097
13290,4816.720092,5428.682635
13291,4816.720092,5428.941418
13292,4818.188675,5435.657829
13293,4818.188675,5429.636934
13294,4819.106087,5429.184744
13295,4819.493043,5429.245912
13296,4819.493043,5430.166368
13297,4822.579689,5429.676127
13298,4822.579689,5430.339846
13299,4823.416152,5430.180026
13300,4823.416152,5431.442640
13301,4823.773062,5430.709432
13302,4823.773062,5432.597134
13303,4823.773062,5435.286684
13304,4823.773062,5431.777798
13305,4823.773062,5432.705298
13306,4823.773062,5432.728216
13307,4824.274914,5433.852090
13308,4824.559731,5433.073305
13309,4824.559731,5434.413116
13310,4824.559731,5435.144709
13311,4824.601686,5438.130532
13312,4825.448550,5435.680396
13313,4825.448550,5436.282637
13314,4827.249534,5439.269219
13315,4827.994976,5435.734768
13316,4827.994976,5436.839701
13317,4827.994976,5439.309464
13318,4827.994976,5438.697273
13319,4828.093834,5438.385705
13320,4829.018758,5438.708345
13321,4829.018758,5439.396346
13322,4831.288282,5439.858423
13323,4831.288282,5440.028416
13324,4832.647853,5440.119694
13325,4832.647853,5440.559844
13326,4832.647853,5440.158233
13327,4833.007756,5441.702563
13328,4833.102847,5442.559898
13329,4833.102847,5440.758059
13330,4833.102847,5442.660474
13331,4836.377909,5441.373314
13332,4836.377909,5442.910717
13333,4836.377909,5443.357106
13334,4836.377909,5454.708312
13335,4836.377909,5442.743726
13336,4836.377909,5442.868269
13337,4836.377909,5443.863912
13338,4836.377909,5443.315667
13339,4836.900934,5443.347925
13340,4838.500579,5447.667768
13341,4838.918898,5443.671188
13342,4838.918898,5448.976073
13343,4838.918898,5445.225155
13344,4839.088991,5446.345347
13345,4839.088991,5446.668685
13346,4839.088991,5446.989649
13347,4839.259210,5447.687991
13348,4839.259210,5455.629034
13349,4839.259210,5450.569231
13350,4839.287397,5458.764300
13351,4839.309776,5450.891757
13352,4840.251710,5451.191238
13353,4840.499350,5452.463741
13354,4840.499350,5453.155078
13355,4841.166888,5453.498878
13356,4841.166888,5453.521881
13357,4841.214275,5453.964671
13358,4841.355172,5454.194759
13359,4841.355172,5454.580971
13360,4841.952057,5456.031759
13361,4842.425054,5459.020098
13362,4842.425054,5457.195131
13363,4842.425054,5457.465370
13364,4842.482206,5458.032049
13365,4843.899630,5458.171686
13366,4843.899630,5459.626869
13367,4844.076374,5460.693337
13368,4844.076374,5461.902707
13369,4844.576590,5459.849755
13370,4845.677773,5459.924758
13371,4845.968727,5460.697966
13372,4845.968727,5460.530624
13373,4845.974110,5461.295419
13374,4846.417322,5461.777005
13375,4846.673089,5466.291875
13376,4846.673089,5461.480782
13377,4846.673089,5462.960646
13378,4847.491784,5462.830376
13379,4847.643875,5468.919385
13380,4849.689972,5466.453356
13381,4849.969499,5463.325284
13382,4849.969499,5464.605851
13383,4850.039983,5465.024318
13384,4852.158388,5465.496409
13385,4853.324209,5466.989411
13386,4854.324189,5470.502101
13387,4854.685783,5467.453170
13388,4854.685783,5467.552391
13389,4855.203538,5467.526482
13390,4855.313666,5469.267123
13391,4855.313666,5468.648223
13392,4855.729033,5470.822729
13393,4855.729033,5471.767661
13394,4857.211762,5469.394345
13395,4857.301263,5471.063143
13396,4857.301263,5474.778723
13397,4857.301263,5471.393349
13398,4857.301263,5472.391317
13399,4859.120159,5471.658015
13400,4859.685684,5473.654464
13401,4860.180872,5476.580963
13402,4860.377773,5473.721116
13403,4860.377773,5477.800661
13404,4860.521897,5474.607063
13405,4862.651727,5475.202744
13406,4862.651727,5475.428214
13407,4862.899016,5475.464112
13408,4864.815477,5477.656641
13409,4865.493237,5476.397265
13410,4865.963843,5477.560989
13411,4865.963843,5477.140231
13412,4865.963843,5480.767878
13413,4866.789919,5478.033365
13414,4866.909989,5479.520764
13415,4866.909989,5478.053952
13416,4866.909989,5478.526651
13417,4866.909989,5478.372718
13418,4867.131298,5479.414629
13419,4868.662844,5478.749577
13420,4868.740259,5479.140425
13421,4869.077879,5480.340867
13422,4869.442706,5482.274706
13423,4870.087891,5483.922997
13424,4870.087891,5481.513094
13425,4870.271832,5485.414568
13426,4870.271832,5482.498936
13427,4870.271832,5483.743823
13428,4870.612588,5482.780272
13429,4870.865353,5485.087743
13430,4871.276578,5485.279515
13431,4871.276578,5485.303666
13432,4871.595147,5485.405217
13433,4871.595147,5486.074504
13434,4871.698478,5490.892243
13435,4871.998628,5487.368751
13436,4872.106612,5485.504807
13437,4872.293494,5487.953618
13438,4872.293494,5488.061494
13439,4872.293494,5489.888410
13440,4872.293494,5492.228556
13441,4873.355151,5488.987608
13442,4873.750398,5489.264866
13443,4873.750398,5494.641022
13444,4874.152065,5489.989649
13445,4874.685390,5490.429745
13446,4875.912862,5491.487484
13447,4875.950975,5494.104194
13448,4875.950975,5492.853356
13449,4875.950975,5492.658454
13450,4875.950975,5492.840007
13451,4876.268234,5499.844495
13452,4877.787155,5493.658057
13453,4877.787155,5494.714843
13454,4878.355244,5498.756496
13455,4878.355244,5494.656128
13456,4878.495757,5496.003247
13457,4878.495757,5494.984943
13458,4878.495757,5495.668067
13459,4878.495757,5495.695072
13460,4879.212857,5496.186312
13461,4879.343680,5497.709152
13462,4879.343680,5496.801987
13463,4879.742441,5496.931600
13464,4880.971742,5497.460579
13465,4881.267490,5499.916977
13466,4881.267490,5498.864793
13467,4882.860498,5499.655217
13468,4882.860498,5501.960263
13469,4882.860498,5502.464331
13470,4882.860498,5500.488277
13471,4882.860498,5500.995312
13472,4882.860498,5500.835960
13473,4883.394319,5502.632067
13474,4884.053195,5502.386054
13475,4884.053195,5504.162988
13476,4884.288706,5503.433585
13477,4884.288706,5504.875588
13478,4884.288706,5512.190929
13479,4884.288706,5504.076050
13480,4884.767406,5505.706475
13481,4885.167718,5504.221193
13482,4885.301629,5505.722816
13483,4885.440526,5505.454257
13484,4886.231327,5506.757140
13485,4887.117297,5505.881959
13486,4887.425646,5506.316924
13487,4887.754817,5509.090841
13488,4887.754817,5510.408368
13489,4891.825101,5511.155466
13490,4891.825101,5509.202109
13491,4891.825101,5510.643654
13492,4891.825101,5515.618503
13493,4892.212901,5511.553967
13494,4892.212901,5512.816548
13495,4892.245043,5512.011108
13496,4892.245043,5512.477159
13497,4892.245043,5517.802726
13498,4892.245043,5512.662576
13499,4893.046853,5513.384489
13500,4893.971671,5513.450401
13501,4896.441300,5513.399186
13502,4896.441300,5513.582065
13503,4896.441300,5514.965671
13504,4897.172130,5514.345396
13505,4897.328044,5515.233181
13506,4897.328044,5518.576939
13507,4897.328044,5517.073342
13508,4897.328044,5518.317300
13509,4897.912651,5518.266263
13510,4897.912651,5518.610956
13511,4898.172909,5518.691794
13512,4898.172909,5519.149865
13513,4898.172909,5531.549676
13514,4898.817979,5519.272330
13515,4899.305292,5520.044402
13516,4899.305292,5519.362380
13517,4899.305292,5520.735952
13518,4899.305292,5522.176429
13519,4899.615812,5520.794658
13520,4900.806043,5524.612281
13521,4903.347998,5521.568275
13522,4903.347998,5521.795033
13523,4903.347998,5522.877209
13524,4903.347998,5523.431626
13525,4903.634321,5523.590184
13526,4906.202410,5526.612631
13527,4907.311402,5524.030303
13528,4907.311402,5524.457972
13529,4907.311402,5525.153603
13530,4908.289194,5524.645189
13531,4908.289194,5526.288535
13532,4908.289194,5525.479161
13533,4908.289194,5527.502543
13534,4908.289194,5528.847149
13535,4908.681635,5527.027693
13536,4908.708694,5528.992190
13537,4908.708694,5529.835540
13538,4908.708694,5528.951341
13539,4911.111656,5531.027196
13540,4913.335723,5531.719107
13541,4913.335723,5530.229505
13542,4913.932962,5531.049273
13543,4914.326071,5535.196057
13544,4914.326071,5531.881176
13545,4914.773001,5535.321711
13546,4915.751568,5536.898531
13547,4915.819905,5532.751261
13548,4916.828592,5532.826172
13549,4916.828592,5535.834561
13550,4918.231004,5535.680867
13551,4918.607069,5535.475513
13552,4918.607069,5537.822099
13553,4918.607069,5537.445121
13554,4919.384993,5537.042160
13555,4919.384993,5537.300442
13556,4919.683755,5537.777389
13557,4919.683755,5538.738476
13558,4919.992729,5540.026846
13559,4920.520353,5538.312880
13560,4920.520353,5542.787053
13561,4922.024155,5539.328380
13562,4922.147903,5538.855377
13563,4922.764606,5541.006388
13564,4923.501514,5539.588224
13565,4924.293408,5539.920764
13566,4924.293408,5541.253811
13567,4924.293408,5541.211651
13568,4924.293408,5541.437519
13569,4924.293408,5542.265747
13570,4926.433414,5541.636630
13571,4926.633202,5543.079571
13572,4926.633202,5542.115696
13573,4926.633202,5543.229074
13574,4926.633202,5542.737991
13575,4926.633202,5546.921742
13576,4926.837029,5547.763291
13577,4926.837029,5543.167994
13578,4926.837029,5544.008185
13579,4929.417895,5543.811927
13580,4929.466657,5545.113142
13581,4929.466657,5546.150275
13582,4929.466657,5547.724130
13583,4929.466657,5546.985636
13584,4929.466657,5547.440252
13585,4929.499833,5548.086951
13586,4930.073804,5547.571103
13587,4930.665455,5549.155597
13588,4930.680585,5548.233619
13589,4930.901685,5549.081837
13590,4931.190600,5548.638384
13591,4931.561432,5548.498574
13592,4931.561432,5548.581773
13593,4932.288095,5554.071909
13594,4932.550240,5550.609749
13595,4933.794841,5554.765742
13596,4935.977668,5551.787475
13597,4937.644270,5550.947467
13598,4937.644270,5551.071517
13599,4938.040336,5551.195523
13600,4938.040336,5552.490976
13601,4939.109003,5552.990496
13602,4939.109003,5553.788740
13603,4941.317507,5555.146830
13604,4941.317507,5554.034157
13605,4941.338302,5555.069157
13606,4941.625267,5554.093361
13607,4941.625267,5554.693370
13608,4945.255660,5555.385845
13609,4945.255660,5554.887427
13610,4945.255660,5555.927925
13611,4945.255660,5556.203503
13612,4945.358484,5556.519708
13613,4945.996561,5556.986063
13614,4946.107703,5556.131709
13615,4946.463449,5557.092040
13616,4946.463449,5557.382222
13617,4946.463449,5560.504006
13618,4946.764572,5559.319154
13619,4948.012321,5564.392225
13620,4948.012321,5558.078771
13621,4948.019353,5559.441614
13622,4948.019353,5560.268142
13623,4949.532217,5560.544096
13624,4950.454399,5562.249180
13625,4951.794933,5561.659662
13626,4953.088109,5561.743977
13627,4953.088109,5562.108386
13628,4953.088109,5562.453968
13629,4953.088109,5562.576144
13630,4957.117220,5563.146478
13631,4957.416185,5562.621252
13632,4958.557786,5570.016075
13633,4958.898263,5562.863406
13634,4959.495136,5563.315498
13635,4962.774291,5565.356887
13636,4962.774291,5564.185653
13637,4964.511383,5564.696897
13638,4964.511383,5566.797826
13639,4964.511383,5565.872665
13640,4964.511383,5566.003744
13641,4964.511383,5567.260606
13642,4965.191283,5567.672817
13643,4965.323343,5569.740872
13644,4965.945122,5568.729513
13645,4966.112143,5568.060054
13646,4966.112143,5568.987307
13647,4967.114217,5568.856290
13648,4967.114217,5570.233928
13649,4967.457139,5573.881674
13650,4967.920493,5570.212930
13651,4967.920493,5575.165080
13652,4967.920493,5571.826778
13653,4967.920493,5571.093777
13654,4967.944471,5574.516340
13655,4967.944471,5573.197635
13656,4967.944471,5574.899382
13657,4967.944471,5573.911762
13658,4967.944471,5576.287590
13659,4968.282178,5580.965347
13660,4968.282178,5575.859595
13661,4969.084779,5576.072641
13662,4969.084779,5582.238932
13663,4969.493329,5577.051039
13664,4970.016690,5580.000713
13665,4970.347275,5583.682840
13666,4970.347275,5581.816713
13667,4970.943799,5582.800575
13668,4972.494757,5582.005168
13669,4973.209235,5582.077321
13670,4973.209235,5582.612838
13671,4974.928088,5582.317113
13672,4975.413886,5590.376482
13673,4975.413886,5583.607968
13674,4975.829164,5584.732938
13675,4975.829164,5583.633282
13676,4976.454283,5583.643589
13677,4976.868670,5584.241492
13678,4977.391919,5585.309240
13679,4978.112748,5585.595370
13680,4978.112748,5584.782204
13681,4978.329215,5584.849619
13682,4978.491682,5586.228433
13683,4979.896071,5586.408773
13684,4979.896071,5585.947727
13685,4980.083426,5586.275284
13686,4980.083426,5586.338889
13687,4980.083426,5586.815663
13688,4980.937966,5588.344262
13689,4980.937966,5590.096583
13690,4980.937966,5588.551942
13691,4983.073255,5591.636948
13692,4983.412928,5588.946992
13693,4983.874379,5589.441709
13694,4983.874379,5590.792316
13695,4983.874379,5590.117329
13696,4984.731549,5592.627701
13697,4984.731549,5593.918681
13698,4986.079544,5592.807020
13699,4988.561922,5595.147710
13700,4988.561922,5592.847099
13701,4988.561922,5593.353083
13702,4988.561922,5604.490681
13703,4989.322781,5596.101495
13704,4989.322781,5595.362746
13705,4990.213333,5596.844140
13706,4990.818215,5595.610915
13707,4990.818215,5597.488880
13708,4990.818215,5596.415342
13709,4990.868089,5600.208057
13710,4990.868089,5600.969942
13711,4991.107155,5600.149929
13712,4991.107155,5600.281045
13713,4991.107155,5600.336522
13714,4991.107155,5600.309849
13715,4991.107155,5607.335324
13716,4993.158158,5602.357442
13717,4993.158158,5601.634641
13718,4993.158158,5603.456070
13719,4993.158158,5604.857775
13720,4993.158158,5604.369480
13721,4993.158158,5605.814507
13722,4994.148116,5606.226334
13723,4995.032157,5605.007728
13724,4995.032157,5605.966598
13725,4995.401032,5606.469496
13726,4995.651601,5607.076170
13727,4997.308481,5607.203755
13728,4997.308481,5607.196464
13729,4997.696440,5608.351444
13730,4997.927472,5608.439423
13731,5000.205886,5610.202038
13732,5000.205886,5615.465778
13733,5000.205886,5610.303214
13734,5000.205886,5609.244979
13735,5000.205886,5610.187866
13736,5000.635171,5612.411983
13737,5001.918152,5616.033411
13738,5001.957989,5611.114476
13739,5001.957989,5613.239433
13740,5003.806405,5614.232962
13741,5003.806405,5614.571952
13742,5004.857315,5614.706355
13743,5004.857315,5614.737076
13744,5004.857315,5615.641804
13745,5005.500355,5615.081607
13746,5005.500355,5615.361816
13747,5005.912593,5616.781357
13748,5006.268478,5617.383736
13749,5007.534680,5618.730300
13750,5007.848532,5621.059495
13751,5007.848532,5618.766390
13752,5008.233486,5618.500332
13753,5008.336181,5618.927442
13754,5009.500928,5618.850606
13755,5009.500928,5621.306962
13756,5010.027173,5618.967947
13757,5010.061482,5622.584166
13758,5010.167772,5620.070241
13759,5011.553414,5620.087524
13760,5011.553414,5622.536883
13761,5013.367504,5621.907175
13762,5013.367504,5622.063042
13763,5013.532292,5632.926849
13764,5013.795167,5622.134550
13765,5013.795167,5623.400719
13766,5013.795167,5623.714087
13767,5014.214145,5625.387766
13768,5014.323654,5625.484417
13769,5014.663943,5624.267452
13770,5014.663943,5625.885073
13771,5014.663943,5625.642978
13772,5014.823801,5626.652816
13773,5014.823801,5627.571344
13774,5014.823801,5627.821123
13775,5014.823801,5628.030754
13776,5015.976865,5627.724026
13777,5015.976865,5628.701188
13778,5016.353612,5628.391258
13779,5019.446172,5630.021040
13780,5019.446172,5629.379284
13781,5019.446172,5631.315130
13782,5019.446172,5633.633364
13783,5020.943068,5630.345146
13784,5021.008479,5630.712154
13785,5021.016185,5631.429303
13786,5022.108202,5636.827588
13787,5022.108202,5632.364660
13788,5022.108202,5632.926621
13789,5022.108202,5633.874899
13790,5023.546747,5635.268780
13791,5023.546747,5638.478222
13792,5023.711662,5634.582852
13793,5025.344022,5634.970361
13794,5025.344022,5635.179052
13795,5025.344022,5635.758527
13796,5025.344022,5636.861017
13797,5025.344022,5637.047654
13798,5026.042634,5650.175127
13799,5026.194667,5636.931312
13800,5026.194667,5638.607883
13801,5027.276077,5638.203679
13802,5027.853607,5638.327765
13803,5030.870328,5638.979697
13804,5032.305329,5640.308671
13805,5032.589668,5639.249646
13806,5034.415042,5639.736647
13807,5034.415042,5640.238515
13808,5034.415042,5639.924218
13809,5034.415042,5640.444933
13810,5034.415042,5641.844266
13811,5034.654686,5645.794230
13812,5034.993600,5641.278291
13813,5034.993600,5643.046780
13814,5035.328983,5642.170315
13815,5035.328983,5644.565569
13816,5035.328983,5643.411004
13817,5035.328983,5643.473047
13818,5035.328983,5643.532306
13819,5035.424901,5644.040030
13820,5036.394586,5644.217185
13821,5036.510064,5644.296055
13822,5036.891389,5644.696493
13823,5036.891389,5645.616439
13824,5036.953997,5645.685322
13825,5036.953997,5646.463263
13826,5037.512309,5646.173669
13827,5037.761277,5648.966019
13828,5038.736891,5647.704801
13829,5039.193494,5647.368612
13830,5040.509441,5650.080731
13831,5040.801719,5649.657723
13832,5040.801719,5650.929169
13833,5040.801719,5649.880790
13834,5040.801719,5650.767948
13835,5040.801719,5654.085573
13836,5043.218977,5652.056191
13837,5043.657717,5650.921712
13838,5043.657717,5651.133369
13839,5043.657717,5652.055739
13840,5044.225073,5652.183245
13841,5044.997968,5652.213174
13842,5045.090631,5652.606972
13843,5046.854122,5652.922499
13844,5046.854122,5652.793703
13845,5046.896066,5656.145553
13846,5047.269835,5655.056219
13847,5047.269835,5653.172384
13848,5047.269835,5655.025056
13849,5047.269835,5661.091926
13850,5047.269835,5655.860028
13851,5047.317706,5656.983886
13852,5047.317706,5656.540086
13853,5047.331300,5656.568578
13854,5047.331300,5657.975298
13855,5048.760719,5656.907969
13856,5048.760719,5657.690736
13857,5048.760719,5658.722287
13858,5048.760719,5660.325707
13859,5048.760719,5659.898653
13860,5048.760719,5658.776370
13861,5049.452378,5660.686733
13862,5049.704391,5660.026472
13863,5050.733585,5661.180743
13864,5050.733585,5665.924272
13865,5050.733585,5661.432170
13866,5050.733585,5661.100609
13867,5051.229385,5668.899830
13868,5051.229385,5661.188258
13869,5051.229385,5662.064275
13870,5052.029263,5663.746144
13871,5052.029263,5662.488996
13872,5052.029263,5663.262377
13873,5052.029263,5664.643935
13874,5052.029263,5664.876710
13875,5052.719238,5665.140004
13876,5052.719238,5665.334027
13877,5052.719238,5666.801957
13878,5052.719238,5666.281819
13879,5052.719238,5670.535619
13880,5052.719238,5667.487060
13881,5052.753713,5667.662421
13882,5052.753713,5668.546835
13883,5052.753713,5668.675145
13884,5052.753713,5668.892276
13885,5052.784040,5670.571651
13886,5053.563419,5670.490336
13887,5054.177152,5669.433248
13888,5054.177152,5676.355057
13889,5054.563488,5670.797709
13890,5054.687019,5671.082950
13891,5054.687019,5670.685400
13892,5054.687019,5671.784936
13893,5054.687019,5674.344621
13894,5054.687019,5672.894619
13895,5055.712807,5671.927721
13896,5056.434205,5672.624510
13897,5056.434205,5672.994473
13898,5056.434205,5682.510560
13899,5056.482163,5673.261144
13900,5056.482163,5673.523218
13901,5056.518189,5676.022238
13902,5056.730998,5676.335613
13903,5057.078087,5676.191967
13904,5057.078087,5678.008820
13905,5057.693131,5676.678609
13906,5058.577067,5680.059946
13907,5061.447138,5678.557426
13908,5061.447138,5680.863902
13909,5061.447138,5678.749334
13910,5061.447138,5679.781000
13911,5062.524906,5680.905688
13912,5062.524906,5684.959127
13913,5062.524906,5685.156620
13914,5062.650527,5681.402207
13915,5063.396891,5682.746698
13916,5063.932357,5685.927331
13917,5066.173089,5683.749315
13918,5067.573383,5687.160656
13919,5067.573383,5689.376110
13920,5067.573383,5687.380038
13921,5069.899587,5688.219544
13922,5071.083126,5688.882848
13923,5071.680598,5688.747571
13924,5071.680598,5693.986507
13925,5073.197462,5689.285526
13926,5073.197462,5689.297435
13927,5074.895092,5689.743784
13928,5074.895092,5693.350887
13929,5074.895092,5691.659999
13930,5074.895092,5692.175870
13931,5074.895092,5692.227698
13932,5074.895092,5692.510097
13933,5074.895092,5692.295501
13934,5074.895092,5698.605748
13935,5076.578899,5692.993057
13936,5076.578899,5694.531944
13937,5077.633745,5696.370953
13938,5077.633745,5698.623903
13939,5077.633745,5695.085244
13940,5077.633745,5695.294817
13941,5077.633745,5695.642579
13942,5078.163180,5696.059680
13943,5078.163180,5696.343562
13944,5079.223985,5696.689200
13945,5079.223985,5696.702332
13946,5079.223985,5697.766524
13947,5080.255226,5698.889650
13948,5081.525553,5697.965336
13949,5081.883861,5698.514072
13950,5081.883861,5700.481121
13951,5082.074354,5700.962169
13952,5082.368532,5701.063952
13953,5082.368532,5703.467268
13954,5082.368532,5700.766997
13955,5083.894774,5702.276567
13956,5083.894774,5702.029865
13957,5083.894774,5708.589378
13958,5084.288796,5707.416326
13959,5084.288796,5703.859064
13960,5084.447594,5704.190461
13961,5084.447594,5704.277718
13962,5087.380954,5704.222824
13963,5087.380954,5704.723718
13964,5087.580329,5704.318208
13965,5088.228419,5704.668378
13966,5088.228419,5704.823688
13967,5088.332825,5704.771198
13968,5088.564109,5706.125825
13969,5088.939375,5706.129931
13970,5089.046102,5708.667902
13971,5089.046102,5707.982512
13972,5089.046102,5707.949370
13973,5089.046102,5709.528950
13974,5089.046102,5708.033445
13975,5089.046102,5709.217801
13976,5089.302918,5716.996626
13977,5089.302918,5712.360929
13978,5089.302918,5710.200290
13979,5092.947063,5711.500253
13980,5094.003550,5710.412082
13981,5095.037810,5710.932700
13982,5095.665540,5714.856423
13983,5096.721515,5713.416708
13984,5097.764608,5713.489198
13985,5097.764608,5716.264587
13986,5098.143677,5715.694956
13987,5099.090997,5715.383373
13988,5099.090997,5715.772985
13989,5099.090997,5716.026018
13990,5099.090997,5715.857754
13991,5100.521734,5716.224112
13992,5101.085978,5720.483686
13993,5101.085978,5716.962570
13994,5101.481174,5716.483754
13995,5104.092830,5718.400418
13996,5104.092830,5717.594173
13997,5104.092830,5718.361391
13998,5104.356453,5718.104342
13999,5105.438081,5718.764352
14000,5106.274608,5724.418750
14001,5108.987440,5718.844032
14002,5108.987440,5719.045155
14003,5108.987440,5719.658251
14004,5108.987440,5719.272803
14005,5108.987440,5720.483109
14006,5108.987440,5725.990991
14007,5109.233027,5721.243152
14008,5109.233027,5720.743707
14009,5109.845411,5720.847422
14010,5109.845411,5722.085551
14011,5110.168293,5722.319562
14012,5111.300073,5722.095804
14013,5111.593883,5726.435168
14014,5111.593883,5725.704419
14015,5112.662517,5728.656521
14016,5112.662517,5725.858035
14017,5113.718600,5728.033858
14018,5113.718600,5728.871940
14019,5113.718600,5727.087497
14020,5113.718600,5728.857127
14021,5113.718600,5728.901664
14022,5113.718600,5729.557656
14023,5114.355267,5731.065034
14024,5114.355267,5730.511650
14025,5114.355267,5731.641719
14026,5114.569269,5732.841296
14027,5114.569269,5735.343226
14028,5114.829121,5731.366245
14029,5114.829121,5734.717907
14030,5114.829121,5732.416374
14031,5116.067423,5732.440555
14032,5116.689111,5733.147501
14033,5116.689111,5737.212537
14034,5118.138568,5733.314201
14035,5118.402312,5733.785551
14036,5118.402312,5733.974964
14037,5118.402312,5734.276491
14038,5118.402312,5736.289305
14039,5120.862982,5738.923946
14040,5120.862982,5741.933279
14041,5120.862982,5736.400938
14042,5120.862982,5736.805807
14043,5120.862982,5737.467370
14044,5120.862982,5747.592539
14045,5121.873480,5738.107780
14046,5121.873480,5738.124014
14047,5121.873480,5740.386503
14048,5122.065168,5741.210038
14049,5122.065168,5740.478267
14050,5122.916226,5742.203798
14051,5123.553625,5742.384618
14052,5123.869342,5742.162673
14053,5125.298451,5742.684449
14054,5126.458551,5742.562539
14055,5127.265357,5742.992081
14056,5127.265357,5743.451675
14057,5127.265357,5745.086611
14058,5127.265357,5744.222301
14059,5127.265357,5743.577957
14060,5127.265357,5744.068740
14061,5127.356968,5744.494866
14062,5127.356968,5746.542221
14063,5127.356968,5745.090291
14064,5127.356968,5750.982590
14065,5127.552651,5746.414827
14066,5127.933615,5746.424486
14067,5127.980318,5746.815843
14068,5127.980318,5746.620455
14069,5127.980318,5747.932743
14070,5127.980318,5747.213225
14071,5128.170380,5747.380470
14072,5128.291492,5749.339910
14073,5128.692022,5751.336661
14074,5128.785325,5748.575458
14075,5128.785325,5753.318505
14076,5128.862859,5749.668255
14077,5128.862859,5749.909378
14078,5130.064920,5750.242552
14079,5130.064920,5750.871103
14080,5130.622029,5751.197677
14081,5130.825895,5755.479081
14082,5131.383530,5751.441777
14083,5131.485468,5752.539070
14084,5131.617818,5752.614251
14085,5131.809278,5753.950347
14086,5131.888338,5753.189258
14087,5131.888338,5755.910732
14088,5131.888338,5753.779188
14089,5131.920683,5755.193261
14090,5131.942896,5754.735054
14091,5134.585851,5759.056405
14092,5135.349309,5758.747568
14093,5135.644788,5758.101759
14094,5135.644788,5756.512688
14095,5135.790531,5756.676662
14096,5136.461209,5757.672185
14097,5136.461209,5758.838168
14098,5136.690404,5762.058248
14099,5136.690404,5759.418624
14100,5138.346237,5759.105137
14101,5138.346237,5761.222662
14102,5138.346237,5760.313489
14103,5138.455071,5759.918787
14104,5139.658618,5761.092455
14105,5139.658618,5763.166771
14106,5139.658618,5761.752518
14107,5139.658618,5765.911493
14108,5139.658618,5764.500997
14109,5139.780714,5762.177558
14110,5139.780714,5765.760889
14111,5139.780714,5763.995963
14112,5139.780714,5765.097717
14113,5139.780714,5768.598780
14114,5139.780714,5765.473562
14115,5139.780714,5767.410199
14116,5140.241795,5768.917646
14117,5140.273217,5766.815471
14118,5141.845372,5768.234465
14119,5142.177036,5767.419183
14120,5142.177036,5767.856991
14121,5142.353142,5768.463221
14122,5142.353142,5768.450188
14123,5142.353142,5771.305700
14124,5142.353142,5768.620349
14125,5143.992153,5770.497571
14126,5144.601680,5769.268683
14127,5146.909391,5770.262176
14128,5146.909391,5770.510621
14129,5146.909391,5770.341068
14130,5148.155053,5772.247275
14131,5148.155053,5772.802106
14132,5148.155053,5773.371023
14133,5148.155053,5771.864765
14134,5148.155053,5775.465775
14135,5148.155053,5774.838536
14136,5149.467747,5773.650065
14137,5149.467747,5777.648420
14138,5149.536306,5775.997326
14139,5151.908025,5776.169818
14140,5152.566513,5780.820517
14141,5152.566513,5776.439490
14142,5155.342267,5779.123759
14143,5155.342267,5776.962969
14144,5155.476828,5777.911635
14145,5155.476828,5778.016039
14146,5156.803329,5777.954660
14147,5156.803329,5780.177286
14148,5156.803329,5780.566015
14149,5156.803329,5789.856624
14150,5156.803329,5781.089452
14151,5157.825444,5781.857867
14152,5157.911203,5783.441647
14153,5158.150392,5785.533891
14154,5158.505493,5781.888847
14155,5158.720743,5782.236754
14156,5158.720743,5783.812447
14157,5159.200947,5788.219493
14158,5159.944104,5784.024662
14159,5159.944104,5784.751659
14160,5159.944104,5785.583248
14161,5160.312168,5787.520556
14162,5163.801690,5785.966952
14163,5164.039080,5786.690295
14164,5164.039080,5787.354271
14165,5164.039080,5788.415753
14166,5164.039080,5788.616580
14167,5164.673934,5789.006120
14168,5164.673934,5788.700460
14169,5164.673934,5788.658579
14170,5164.863025,5790.686586
14171,5164.991413,5789.443846
14172,5164.991413,5790.154651
14173,5164.991413,5789.532132
14174,5164.991413,5789.969371
14175,5164.991413,5790.451792
14176,5165.246063,5790.933989
14177,5165.246063,5794.417329
14178,5165.246063,5793.102682
14179,5166.883759,5791.466851
14180,5166.883759,5790.963869
14181,5167.883322,5791.217963
14182,5168.659438,5792.386847
14183,5168.659438,5791.948299
14184,5168.659438,5794.578420
14185,5168.659438,5792.920362
14186,5169.235719,5795.435856
14187,5170.385326,5800.746661
14188,5170.385326,5796.352646
14189,5170.420303,5795.973612
14190,5170.420303,5796.438354
14191,5170.420303,5798.287537
14192,5171.787287,5801.833627
14193,5171.787287,5797.338299
14194,5172.590314,5797.548692
14195,5173.087591,5799.848357
14196,5173.087591,5798.410447
14197,5173.087591,5801.647869
14198,5173.654690,5799.905187
14199,5173.654690,5801.324443
14200,5173.938695,5801.034867
14201,5175.469323,5801.525936
14202,5175.945195,5802.156716
14203,5177.019939,5806.114489
14204,5178.140927,5804.219963
14205,5178.140927,5802.505094
14206,5178.291800,5802.693979
14207,5178.291800,5805.210738
14208,5178.291800,5802.810687
14209,5178.291800,5804.090757
14210,5178.688215,5806.309787
14211,5178.776519,5806.143108
14212,5179.367444,5809.105205
14213,5180.433212,5808.824171
14214,5181.150799,5808.091923
14215,5181.150799,5806.497402
14216,5181.156578,5807.268920
14217,5181.156578,5808.716769
14218,5181.156578,5810.787817
14219,5181.156578,5810.690343
14220,5182.487566,5809.188253
14221,5182.487566,5813.156442
14222,5182.487566,5815.536491
14223,5182.487566,5812.468927
14224,5182.487566,5811.743861
14225,5184.366924,5811.905120
14226,5185.346842,5813.571336
14227,5185.861185,5812.775405
14228,5186.202177,5815.407105
14229,5187.081732,5816.547297
14230,5187.954829,5816.160835
14231,5187.954829,5816.605018
14232,5188.161580,5816.252456
14233,5188.161580,5817.261135
14234,5188.161580,5825.007897
14235,5188.161580,5818.346992
14236,5188.337439,5818.148519
14237,5188.337439,5817.535955
14238,5188.754782,5822.814436
14239,5188.794740,5818.725588
14240,5188.794740,5823.255895
14241,5188.794740,5818.813970
14242,5188.970557,5820.564156
14243,5189.621539,5821.641604
14244,5189.621539,5822.187120
14245,5190.574482,5823.327856
14246,5190.574482,5823.555270
14247,5190.851252,5825.652131
14248,5191.022046,5823.534027
14249,5191.022046,5823.700063
14250,5191.022046,5824.716701
14251,5191.022046,5824.116883
14252,5191.022046,5824.690387
14253,5191.141472,5825.342779
14254,5191.141472,5828.589869
14255,5191.368475,5825.760855
14256,5191.583996,5825.415186
14257,5191.583996,5826.157310
14258,5193.613714,5826.153726
14259,5193.613714,5826.013596
14260,5194.626487,5831.998345
14261,5194.626487,5831.354026
14262,5194.626487,5831.427994
14263,5194.626487,5829.796925
14264,5195.156110,5829.895219
14265,5195.156110,5831.554065
14266,5195.156110,5833.260679
14267,5195.270925,5832.132249
14268,5195.270925,5833.464027
14269,5195.270925,5833.329488
14270,5195.270925,5832.476225
14271,5196.457325,5833.921640
14272,5196.658263,5834.624468
14273,5196.658263,5836.153917
14274,5196.658263,5834.830954
14275,5196.658263,5835.060834
14276,5196.658263,5839.669624
14277,5196.658263,5836.271040
14278,5196.658263,5835.701517
14279,5196.658263,5836.005753
14280,5197.224869,5836.184442
14281,5197.224869,5838.149291
14282,5199.759918,5836.517551
14283,5199.759918,5837.247717
14284,5199.759918,5837.485412
14285,5199.759918,5837.776877
14286,5199.759918,5838.444985
14287,5199.843833,5840.467537
14288,5199.862193,5839.513132
14289,5200.593237,5838.763490
14290,5201.248129,5841.004350
14291,5202.834997,5841.962133
14292,5202.834997,5842.756599
14293,5203.346082,5841.679642
14294,5204.957592,5842.927028
14295,5204.957592,5841.924322
14296,5204.957592,5843.308134
14297,5205.440668,5846.598873
14298,5205.440668,5844.948710
14299,5205.882408,5843.196352
14300,5205.882408,5843.371298
14301,5205.882408,5844.226546
14302,5207.147642,5844.905426
14303,5207.147642,5847.917501
14304,5207.919974,5845.313926
14305,5207.919974,5845.083566
14306,5208.539472,5847.772917
14307,5208.598016,5846.197582
14308,5208.598016,5848.717133
14309,5208.598016,5854.311957
14310,5208.598016,5848.289715
14311,5208.769144,5849.466599
14312,5208.769144,5849.222459
14313,5209.125236,5849.442343
14314,5209.236562,5850.649736
14315,5209.472947,5850.381892
14316,5213.119695,5851.669499
14317,5213.119695,5855.033420
14318,5213.433691,5855.020141
14319,5214.416544,5852.123999
14320,5214.474561,5853.765194
14321,5214.474561,5856.931390
14322,5214.912545,5854.555470
14323,5215.002016,5861.927246
14324,5215.034298,5856.397811
14325,5217.557000,5855.248276
14326,5219.500237,5855.266131
14327,5219.666788,5855.492176
14328,5219.666788,5855.982349
14329,5222.223134,5856.452629
14330,5222.223134,5856.414623
14331,5222.223134,5858.597076
14332,5222.223134,5858.099831
14333,5222.740388,5857.942671
14334,5223.779962,5859.163263
14335,5223.779962,5864.719100
14336,5225.314699,5859.236768
14337,5227.321144,5859.235267
14338,5227.321144,5859.594370
14339,5227.321144,5860.509057
14340,5227.610242,5860.672087
14341,5227.610242,5862.694361
14342,5229.117673,5862.114431
14343,5229.117673,5866.468055
14344,5230.329600,5862.996492
14345,5230.434115,5863.605486
14346,5230.434115,5863.327442
14347,5230.434115,5864.466217
14348,5230.434115,5866.951861
14349,5230.647708,5867.428051
14350,5230.647708,5865.383572
14351,5231.326158,5865.649573
14352,5231.846689,5866.787837
14353,5231.846689,5876.296693
14354,5232.647673,5869.520131
14355,5233.350553,5870.591790
14356,5235.467787,5867.594856
14357,5235.467787,5867.692887
14358,5235.467787,5868.773945
14359,5236.727809,5871.328524
14360,5236.727809,5870.651149
14361,5237.128671,5871.393072
14362,5237.844610,5871.092592
14363,5238.053925,5871.784486
14364,5238.229183,5872.853624
14365,5238.229183,5873.781320
14366,5238.229183,5872.079805
14367,5238.229183,5872.335094
14368,5238.229183,5875.403151
14369,5239.620210,5873.345465
14370,5239.620210,5873.622880
14371,5239.620210,5875.040424
14372,5239.850868,5876.561024
14373,5240.575860,5875.628371
14374,5240.703146,5875.668486
14375,5240.872727,5877.534128
14376,5240.872727,5875.707117
14377,5240.872727,5875.751319
14378,5242.851130,5877.178353
14379,5242.851130,5878.010220
14380,5242.851130,5880.045964
14381,5242.851130,5877.465613
14382,5242.851130,5877.782124
14383,5244.066423,5881.595068
14384,5244.066423,5881.787751
14385,5244.309152,5880.520015
14386,5245.088849,5886.295454
14387,5245.763720,5886.647665
14388,5245.763720,5883.497858
14389,5246.889005,5882.013038
14390,5247.190800,5883.662517
14391,5247.190800,5885.347090
14392,5247.190800,5884.348666
14393,5247.197501,5885.564762
14394,5247.449874,5885.460981
14395,5247.894079,5885.702693
14396,5247.894079,5886.845785
14397,5247.894079,5887.233953
14398,5247.894079,5888.338232
14399,5247.894079,5887.690859
14400,5247.894079,5889.009200
14401,5248.340094,5887.871663
14402,5248.943149,5890.882798
14403,5248.943149,5888.064136
14404,5248.943149,5890.890907
14405,5249.788816,5890.258756
14406,5249.788816,5889.603635
14407,5251.864873,5889.766392
14408,5251.864873,5891.889876
14409,5251.864873,5891.926035
14410,5251.866285,5891.994500
14411,5251.866285,5891.080895
14412,5252.217379,5891.597802
14413,5253.213957,5891.673078
14414,5253.521745,5892.317372
14415,5254.224987,5891.957160
14416,5254.472776,5893.063214
14417,5255.619132,5892.998317
14418,5255.619132,5892.681240
14419,5255.853333,5895.092645
14420,5255.853333,5901.686317
14421,5255.853333,5894.004807
14422,5256.137409,5900.879573
14423,5257.549597,5894.499480
14424,5257.629657,5895.235491
14425,5259.270678,5895.150782
14426,5261.698809,5895.179641
14427,5261.698809,5896.134807
14428,5262.057531,5895.412707
14429,5262.150080,5896.607150
14430,5262.820089,5896.449260
14431,5262.820089,5898.331686
14432,5263.042398,5897.407804
14433,5263.421678,5903.337339
14434,5263.421678,5898.510490
14435,5263.909050,5903.475874
14436,5263.909050,5901.530967
14437,5264.213419,5903.238435
14438,5264.274190,5904.181065
14439,5265.486655,5905.371313
14440,5265.486655,5903.356755
14441,5265.486655,5905.274963
14442,5269.157573,5905.415787
14443,5269.157573,5904.198985
14444,5269.157573,5904.618169
14445,5269.157573,5912.479654
14446,5269.157573,5905.672407
14447,5269.157573,5907.981331
14448,5269.157573,5905.843453
14449,5269.157573,5905.673147
14450,5269.157573,5906.898810
14451,5269.684832,5906.386946
14452,5269.684832,5911.892303
14453,5269.684832,5907.391545
14454,5270.543783,5907.447956
14455,5270.543783,5907.793739
14456,5272.107093,5908.109351
14457,5273.276305,5908.443545
14458,5273.919820,5910.741916
14459,5273.919820,5917.099831
14460,5275.305448,5911.537440
14461,5275.912742,5912.242669
14462,5275.912742,5912.371381
14463,5276.654421,5913.248147
14464,5276.654421,5922.270640
14465,5276.654421,5913.224128
14466,5276.654421,5915.256120
14467,5276.654421,5913.870551
14468,5276.654421,5915.164478
14469,5276.654421,5915.842338
14470,5278.285165,5922.221669
14471,5278.285165,5918.337824
14472,5280.071993,5922.049915
14473,5280.071993,5919.354079
14474,5280.071993,5919.637314
14475,5280.071993,5919.707698
14476,5280.071993,5920.535225
14477,5280.558211,5923.543825
14478,5280.558211,5924.700272
14479,5280.558211,5926.172725
14480,5280.690366,5924.038857
14481,5281.456367,5924.654923
14482,5281.456367,5924.470077
14483,5281.534608,5928.544390
14484,5281.534608,5926.292267
14485,5281.534608,5928.594110
14486,5281.998677,5928.096039
14487,5281.998677,5926.768387
14488,5281.999754,5926.952194
14489,5281.999754,5929.101724
14490,5281.999754,5931.960050
14491,5282.409880,5928.930526
14492,5283.443317,5928.742182
14493,5283.443317,5939.193139
14494,5283.970705,5930.541261
14495,5283.978562,5929.142212
14496,5283.978562,5930.411576
14497,5284.406879,5931.229996
14498,5284.513283,5931.148996
14499,5284.513283,5932.034071
14500,5284.916907,5932.285040
14501,5285.009900,5933.107703
14502,5285.399905,5932.468528
14503,5285.889442,5935.406303
14504,5285.889442,5932.581696
14505,5285.889442,5934.114076
14506,5285.889442,5934.716699
14507,5286.433737,5934.267606
14508,5286.433737,5934.522799
14509,5286.804676,5938.937812
14510,5286.804676,5938.056077
14511,5286.937104,5935.569571
14512,5286.937104,5936.646734
14513,5287.038362,5938.011053
14514,5287.038362,5939.016053
14515,5287.038362,5938.423854
14516,5287.038362,5941.033592
14517,5287.724007,5939.025278
14518,5287.724007,5939.276481
14519,5287.803703,5940.713360
14520,5288.679755,5940.942190
14521,5289.941290,5939.353126
14522,5289.941290,5941.695755
14523,5290.700341,5942.242882
14524,5290.700341,5945.551737
14525,5290.975253,5941.211339
14526,5291.175851,5941.347331
14527,5291.691091,5943.475940
14528,5291.691091,5942.166421
14529,5291.691091,5942.588584
14530,5291.691091,5942.971974
14531,5291.691091,5942.604011
14532,5292.420118,5948.789276
14533,5292.420118,5946.109039
14534,5292.420118,5944.726583
14535,5293.638427,5951.450860
14536,5293.638427,5949.947257
14537,5294.429866,5946.476375
14538,5295.081739,5946.946065
14539,5295.590550,5947.993593
14540,5296.673829,5949.121124
14541,5297.396525,5949.291110
14542,5297.396525,5950.197561
14543,5297.396525,5949.400731
14544,5297.396525,5949.790962
14545,5298.077946,5952.238987
14546,5298.077946,5950.616124
14547,5298.077946,5950.309403
14548,5298.404928,5950.850172
14549,5298.404928,5950.845886
14550,5298.412876,5951.279705
14551,5298.753267,5951.968695
14552,5298.855261,5951.840143
14553,5298.855261,5952.062833
14554,5299.006216,5952.032796
14555,5299.006216,5952.852569
14556,5299.682854,5957.759895
14557,5300.088992,5953.064783
14558,5300.512008,5952.298420
14559,5300.512008,5952.494930
14560,5300.512008,5952.779300
14561,5300.512008,5952.914387
14562,5300.512008,5953.410482
14563,5300.512008,5953.177013
14564,5300.512008,5956.227744
14565,5300.512008,5955.349775
14566,5300.653452,5953.626725
14567,5300.750134,5957.331038
14568,5301.152610,5957.275958
14569,5301.384710,5961.873822
14570,5301.384710,5959.008981
14571,5302.910764,5957.439879
14572,5302.910764,5958.823485
14573,5302.910764,5958.181128
14574,5302.910764,5962.110469
14575,5303.559324,5959.296889
14576,5304.314622,5959.327660
14577,5304.314622,5960.909976
14578,5305.760592,5961.825837
14579,5305.760592,5963.023664
14580,5305.760592,5963.190855
14581,5305.760592,5962.041610
14582,5306.613862,5964.617037
14583,5308.370114,5965.423400
14584,5308.681550,5963.718626
14585,5309.196982,5964.412084
14586,5309.925388,5964.164285
14587,5309.925388,5967.000230
14588,5312.629833,5966.050352
14589,5313.432679,5968.105979
14590,5313.648590,5969.528469
14591,5313.648590,5966.759504
14592,5313.648590,5967.547251
14593,5313.648590,5969.533488
14594,5313.648590,5968.555560
14595,5313.648590,5968.949638
14596,5314.979556,5970.779599
14597,5314.979556,5969.191681
14598,5315.145656,5969.516425
14599,5316.075914,5970.912476
14600,5316.075914,5975.007890
14601,5316.715881,5969.896343
14602,5316.715881,5972.952568
14603,5316.715881,5974.042266
14604,5319.066403,5973.187769
14605,5319.456318,5975.337858
14606,5319.456318,5975.162377
14607,5319.456318,5974.761754
14608,5321.120369,5975.485286
14609,5321.402231,5975.151005
14610,5322.323995,5975.871621
14611,5322.699056,5975.492487
14612,5322.699056,5975.370484
14613,5322.699056,5976.368677
14614,5322.783052,5976.024333
14615,5322.919332,5975.845847
14616,5322.919332,5987.740878
14617,5324.546051,5978.085895
14618,5324.546051,5976.854160
14619,5324.691964,5977.671333
14620,5325.641151,5978.465665
14621,5325.641151,5980.673483
14622,5326.748370,5978.604261
14623,5327.588507,5978.754920
14624,5328.036652,5981.341026
14625,5328.346549,5978.936803
14626,5328.346549,5982.332556
14627,5328.346549,5981.923342
14628,5328.346549,5982.151400
14629,5328.346549,5982.674643
14630,5328.346549,5985.091612
14631,5328.346549,5982.721392
14632,5328.346549,5983.066981
14633,5328.407372,5984.256805
14634,5328.407372,5983.168371
14635,5328.569640,5984.042591
14636,5328.569640,5991.100140
14637,5329.938371,5984.648687
14638,5330.377791,5985.469829
14639,5331.331407,5989.368584
14640,5331.904157,5985.590330
14641,5331.904157,5987.867095
14642,5331.904157,5989.823804
14643,5331.904157,5988.258281
14644,5331.904157,5988.545987
14645,5332.784067,5989.509377
14646,5332.909052,5994.441509
14647,5332.993110,5990.201686
14648,5333.358485,5991.412508
14649,5334.036820,5990.643204
14650,5334.036820,5991.276795
14651,5334.060148,5993.541238
14652,5334.187830,5991.632853
14653,5334.692554,5992.172031
14654,5335.909636,5992.019547
14655,5336.327939,5994.669126
14656,5336.789567,5993.127537
14657,5336.826393,5993.350156
14658,5336.826393,5997.522849
14659,5337.407171,5996.124165
14660,5337.407171,5995.508585
14661,5337.407171,5996.208184
14662,5337.407171,5995.890444
14663,5340.231075,5998.115556
14664,5340.231075,5996.460325
14665,5340.260997,5996.315937
14666,5341.177467,5997.806046
14667,5341.638305,5996.510134
14668,5341.657933,5997.624202
14669,5342.478363,5998.548238
14670,5342.478363,5997.726892
14671,5342.478363,5999.650620
14672,5342.478363,5998.435030
14673,5342.478363,5998.494143
14674,5342.745083,
14675,5343.497239,
14676,5343.554041,
14677,5343.706974,
14678,5344.393481,
14679,5344.859794,
14680,5344.859794,
14681,5345.475077,
14682,5346.679783,
14683,5346.804094,
14684,5349.315346,
14685,5349.315346,
14686,5349.315346,
14687,5349.589701,
14688,5349.589701,
14689,5349.607591,
14690,5350.318579,
14691,5351.101280,
14692,5351.216709,
14693,5351.216709,
14694,5351.216709,
14695,5351.216709,
14696,5351.216709,
14697,5352.729709,
14698,5352.729709,
14699,5352.729709,
14700,5353.795131,
14701,5353.795131,
14702,5353.986735,
14703,5354.436250,
14704,5354.436250,
14705,5354.436250,
14706,5354.436250,
14707,5355.190584,
14708,5355.870786,
14709,5355.965562,
14710,5355.965562,
14711,5355.965562,
14712,5355.965562,
14713,5356.161604,
14714,5356.161604,
14715,5356.161604,
14716,5356.161604,
14717,5356.187435,
14718,5356.285627,
14719,5356.359660,
14720,5356.359660,
14721,5356.417154,
14722,5356.943910,
14723,5356.943910,
14724,5358.161375,
14725,5358.896032,
14726,5359.768592,
14727,5361.445423,
14728,5362.221285,
14729,5362.748950,
14730,5362.748950,
14731,5363.573094,
14732,5363.766122,
14733,5364.030435,
14734,5366.026665,
14735,5366.026665,
14736,5366.026665,
14737,5366.026665,
14738,5366.026665,
14739,5366.026665,
14740,5366.026665,
14741,5366.026665,
14742,5366.026665,
14743,5366.026665,
14744,5366.026665,
14745,5366.026665,
14746,5366.026665,
14747,5366.458436,
14748,5368.980303,
14749,5369.253472,
14750,5369.253472,
14751,5369.253472,
14752,5369.253472,
14753,5369.253472,
14754,5369.253472,
14755,5369.253472,
14756,5369.253472,
14757,5370.518621,
14758,5370.518621,
14759,5370.518621,
14760,5370.518621,
14761,5370.926774,
14762,5370.926774,
14763,5370.926774,
14764,5370.926774,
14765,5370.926774,
14766,5371.585466,
14767,5371.585466,
14768,5371.585466,
14769,5371.585466,
14770,5371.585466,
14771,5372.172288,
14772,5372.172288,
14773,5372.172288,
14774,5372.367807,
14775,5372.367807,
14776,5372.367807,
14777,5372.455540,
14778,5372.455540,
14779,5372.455540,
14780,5372.455540,
14781,5373.251953,
14782,5373.251953,
14783,5373.638959,
14784,5373.638959,
14785,5373.638959,
14786,5374.626883,
14787,5374.765426,
14788,5375.159297,
14789,5375.566207,
14790,5375.566207,
14791,5376.260259,
14792,5376.260259,
14793,5376.266257,
14794,5376.266257,
14795,5376.266257,
14796,5376.266257,
14797,5376.266257,
14798,5378.573867,
14799,5378.573867,
14800,5378.760160,
14801,5379.079214,
14802,5382.641108,
14803,5382.928074,
14804,5383.653200,
14805,5383.653200,
14806,5385.486532,
14807,5385.486532,
14808,5385.486532,
14809,5386.603024,
14810,5386.603024,
14811,5386.603024,
14812,5386.821164,
14813,5386.889046,
14814,5387.112472,
14815,5388.146869,
14816,5389.308367,
14817,5389.438789,
14818,5389.516892,
14819,5389.941300,
14820,5390.070432,
14821,5390.801684,
14822,5390.801684,
14823,5390.801684,
14824,5391.968840,
14825,5391.968840,
14826,5391.968840,
14827,5392.627146,
14828,5393.429285,
14829,5393.429285,
14830,5393.429285,
14831,5393.429285,
14832,5393.486545,
14833,5394.010969,
14834,5397.825009,
14835,5398.256364,
14836,5398.435614,
14837,5398.435614,
14838,5399.055082,
14839,5399.055082,
14840,5399.105625,
14841,5399.105625,
14842,5401.563883,
14843,5401.563883,
14844,5401.563883,
14845,5401.884671,
14846,5401.884671,
14847,5403.373592,
14848,5403.373592,
14849,5403.373592,
14850,5403.862862,
14851,5403.942552,
14852,5405.808894,
14853,5406.321136,
14854,5406.551402,
14855,5406.766276,
14856,5406.766276,
14857,5406.821254,
14858,5406.821254,
14859,5406.821254,
14860,5407.610804,
14861,5407.841909,
14862,5408.819951,
14863,5408.819951,
14864,5408.844812,
14865,5408.844812,
14866,5408.844812,
14867,5411.713152,
14868,5412.571716,
14869,5412.643806,
14870,5412.643806,
14871,5412.851353,
14872,5413.417919,
14873,5413.417919,
14874,5413.417919,
14875,5413.417919,
14876,5415.620973,
14877,5415.620973,
14878,5415.620973,
14879,5415.620973,
14880,5417.472581,
14881,5417.472581,
14882,5417.472581,
14883,5417.523472,
14884,5418.016011,
14885,5418.684048,
14886,5420.286905,
14887,5420.286905,
14888,5420.630899,
14889,5420.630899,
14890,5420.630899,
14891,5420.630899,
14892,5420.630899,
14893,5420.630899,
14894,5420.665454,
14895,5420.665454,
14896,5421.350989,
14897,5422.547175,
14898,5422.547175,
14899,5422.547175,
14900,5423.177182,
14901,5423.909471,
14902,5424.061080,
14903,5424.061080,
14904,5424.061080,
14905,5424.061080,
14906,5424.061080,
14907,5424.061080,
14908,5424.061080,
14909,5425.333797,
14910,5425.333797,
14911,5425.446137,
14912,5425.588371,
14913,5425.588371,
14914,5425.781000,
14915,5425.781000,
14916,5425.781000,
14917,5425.781000,
14918,5425.781000,
14919,5425.781000,
14920,5425.781000,
14921,5426.122769,
14922,5426.122769,
14923,5426.122769,
14924,5428.511082,
14925,5428.511082,
14926,5429.396346,
14927,5430.188281,
14928,5430.188281,
14929,5430.751924,
14930,5430.751924,
14931,5430.999660,
14932,5430.999660,
14933,5431.309324,
14934,5431.309324,
14935,5431.947643,
14936,5431.947643,
14937,5432.362470,
14938,5432.867640,
14939,5432.867640,
14940,5432.930117,
14941,5432.979803,
14942,5433.443198,
14943,5433.660884,
14944,5433.660884,
14945,5433.812243,
14946,5433.812243,
14947,5433.812243,
14948,5433.812243,
14949,5433.812243,
14950,5433.948764,
14951,5434.696850,
14952,5434.696850,
14953,5434.696850,
14954,5434.696850,
14955,5436.321499,
14956,5437.253920,
14957,5437.253920,
14958,5437.546477,
14959,5437.546477,
14960,5437.546477,
14961,5437.561046,
14962,5437.585548,
14963,5438.286865,
14964,5438.691553,
14965,5438.691553,
14966,5438.691553,
14967,5439.072488,
14968,5439.072488,
14969,5439.402096,
14970,5439.402096,
14971,5440.097745,
14972,5441.498857,
14973,5441.774156,
14974,5442.426068,
14975,5442.426068,
14976,5442.782335,
14977,5443.119807,
14978,5443.119807,
14979,5443.119807,
14980,5443.119807,
14981,5444.531418,
14982,5444.531418,
14983,5444.531418,
14984,5444.625118,
14985,5444.783394,
14986,5445.040018,
14987,5445.383831,
14988,5445.896591,
14989,5447.862830,
14990,5448.037721,
14991,5448.655393,
14992,5449.670756,
14993,5449.821734,
14994,5449.821734,
14995,5450.961496,
14996,5450.961496,
14997,5451.234330,
14998,5451.234330,
14999,5451.389580,
15000,5451.523341,
15001,5451.523341,
15002,5452.999712,
15003,5454.411751,
15004,5454.411751,
15005,5454.881817,
15006,5455.350531,
15007,5455.947505,
15008,5456.287012,
15009,5456.319650,
15010,5456.319650,
15011,5456.319650,
15012,5457.382652,
15013,5457.568286,
15014,5457.568286,
15015,5457.568286,
15016,5457.731644,
15017,5457.752070,
15018,5457.752070,
15019,5458.211816,
15020,5458.242149,
15021,5458.260580,
15022,5458.358200,
15023,5458.358200,
15024,5458.358200,
15025,5458.358200,
15026,5458.358200,
15027,5458.358200,
15028,5459.570460,
15029,5460.224086,
15030,5460.381458,
15031,5461.962212,
15032,5461.962212,
15033,5462.432901,
15034,5462.776805,
15035,5464.144339,
15036,5464.144339,
15037,5464.144339,
15038,5464.903677,
15039,5465.329522,
15040,5465.329522,
15041,5467.754882,
15042,5467.754882,
15043,5467.754882,
15044,5467.754882,
15045,5468.199015,
15046,5468.199015,
15047,5468.199015,
15048,5469.501941,
15049,5469.501941,
15050,5469.501941,
15051,5469.761315,
15052,5469.761315,
15053,5471.066316,
15054,5471.109013,
15055,5473.470212,
15056,5473.470212,
15057,5473.470212,
15058,5473.710955,
15059,5474.020501,
15060,5474.474989,
15061,5474.795255,
15062,5474.795255,
15063,5474.795255,
15064,5475.228770,
15065,5475.228770,
15066,5476.583974,
15067,5476.583974,
15068,5476.583974,
15069,5476.786885,
15070,5476.786885,
15071,5476.786885,
15072,5476.947446,
15073,5478.156912,
15074,5478.213144,
15075,5478.213144,
15076,5478.336728,
15077,5478.336728,
15078,5478.336728,
15079,5478.657442,
15080,5478.657442,
15081,5478.703868,
15082,5478.703868,
15083,5481.144122,
15084,5483.093588,
15085,5483.792344,
15086,5485.608788,
15087,5486.722346,
15088,5486.880647,
15089,5486.880647,
15090,5487.024873,
15091,5487.024873,
15092,5487.076888,
15093,5487.076888,
15094,5487.076888,
15095,5487.251018,
15096,5487.251018,
15097,5487.251018,
15098,5487.473897,
15099,5487.473897,
15100,5487.473897,
15101,5487.611782,
15102,5487.854657,
15103,5487.854657,
15104,5488.041361,
15105,5488.643667,
15106,5488.643667,
15107,5488.643667,
15108,5491.619206,
15109,5491.619206,
15110,5492.932545,
15111,5492.932545,
15112,5492.932545,
15113,5495.369083,
15114,5497.678109,
15115,5498.826604,
15116,5499.073198,
15117,5499.073198,
15118,5499.073198,
15119,5499.073198,
15120,5499.073198,
15121,5499.224169,
15122,5500.662069,
15123,5500.662069,
15124,5500.662069,
15125,5501.039913,
15126,5502.134779,
15127,5502.147307,
15128,5502.337418,
15129,5502.337418,
15130,5502.773897,
15131,5503.699892,
15132,5503.834507,
15133,5504.919561,
15134,5506.619853,
15135,5506.680316,
15136,5506.680316,
15137,5507.426842,
15138,5509.258377,
15139,5509.258377,
15140,5509.258377,
15141,5509.258377,
15142,5509.258377,
15143,5510.847204,
15144,5511.172406,
15145,5511.172406,
15146,5511.172406,
15147,5511.172406,
15148,5511.172406,
15149,5513.758266,
15150,5514.040881,
15151,5514.040881,
15152,5514.074217,
15153,5514.074217,
15154,5514.074217,
15155,5514.074217,
15156,5514.074217,
15157,5514.202936,
15158,5514.885906,
15159,5515.349332,
15160,5515.349332,
15161,5515.362023,
15162,5515.460726,
15163,5515.460726,
15164,5515.498323,
15165,5515.498323,
15166,5516.883306,
15167,5516.883306,
15168,5516.883306,
15169,5516.883306,
15170,5516.883306,
15171,5517.133497,
15172,5517.133497,
15173,5517.133497,
15174,5517.133497,
15175,5520.928807,
15176,5523.487407,
15177,5523.597406,
15178,5523.730795,
15179,5523.818295,
15180,5523.818295,
15181,5523.818295,
15182,5525.836552,
15183,5525.836552,
15184,5525.836552,
15185,5525.836552,
15186,5525.836552,
15187,5527.628443,
15188,5527.628443,
15189,5527.628443,
15190,5529.828113,
15191,5529.849191,
15192,5531.097443,
15193,5531.211872,
15194,5531.730707,
15195,5531.730707,
15196,5531.730707,
15197,5531.938258,
15198,5532.503448,
15199,5532.932457,
15200,5532.945231,
15201,5532.945231,
15202,5537.839342,
15203,5538.160002,
15204,5539.634557,
15205,5539.634557,
15206,5539.634557,
15207,5539.634557,
15208,5539.634557,
15209,5541.345568,
15210,5542.296814,
15211,5542.296814,
15212,5543.964638,
15213,5544.110622,
15214,5544.110622,
15215,5547.664816,
15216,5548.172245,
15217,5548.757578,
15218,5548.757578,
15219,5549.474215,
15220,5552.159658,
15221,5552.159658,
15222,5552.763172,
15223,5553.131406,
15224,5553.296491,
15225,5553.296491,
15226,5553.296491,
15227,5553.296491,
15228,5553.732871,
15229,5556.954768,
15230,5556.954768,
15231,5559.840612,
15232,5559.840612,
15233,5559.840612,
15234,5560.688481,
15235,5560.688481,
15236,5560.688481,
15237,5561.052339,
15238,5561.137268,
15239,5561.602758,
15240,5561.853240,
15241,5561.853240,
15242,5561.924040,
15243,5562.453880,
15244,5562.453880,
15245,5562.453880,
15246,5564.589257,
15247,5565.802479,
15248,5566.473961,
15249,5566.473961,
15250,5566.473961,
15251,5566.538058,
15252,5567.270252,
15253,5567.270252,
15254,5567.744576,
15255,5567.744576,
15256,5567.744576,
15257,5567.744576,
15258,5567.744576,
15259,5567.744576,
15260,5567.744576,
15261,5567.769153,
15262,5568.724013,
15263,5568.724013,
15264,5568.764419,
15265,5568.764419,
15266,5568.895152,
15267,5569.105604,
15268,5569.761522,
15269,5569.761522,
15270,5570.495004,
15271,5572.089679,
15272,5572.089679,
15273,5572.089679,
15274,5572.647359,
15275,5572.647359,
15276,5573.878594,
15277,5574.897884,
15278,5575.023258,
15279,5576.216560,
15280,5576.216560,
15281,5576.494429,
15282,5576.675071,
15283,5576.675071,
15284,5576.856899,
15285,5578.039214,
15286,5578.039214,
15287,5578.764021,
15288,5579.552329,
15289,5579.552329,
15290,5580.087819,
15291,5580.513542,
15292,5580.513542,
15293,5580.660282,
15294,5580.660282,
15295,5581.899844,
15296,5582.099867,
15297,5582.099867,
15298,5582.472298,
15299,5583.044753,
15300,5583.044753,
15301,5583.044753,
15302,5583.044753,
15303,5583.044753,
15304,5583.859437,
15305,5583.860662,
15306,5583.893243,
15307,5584.385280,
15308,5584.434557,
15309,5584.434557,
15310,5584.998112,
15311,5585.141292,
15312,5585.141903,
15313,5585.141903,
15314,5585.384711,
15315,5585.504148,
15316,5585.504148,
15317,5585.504148,
15318,5585.683793,
15319,5586.447574,
15320,5586.447574,
15321,5586.447574,
15322,5586.447574,
15323,5586.929142,
15324,5586.929142,
15325,5586.929142,
15326,5587.822548,
15327,5587.822548,
15328,5590.035794,
15329,5590.755012,
15330,5590.755012,
15331,5591.571456,
15332,5591.571456,
15333,5592.363997,
15334,5593.019078,
15335,5593.772637,
15336,5593.772637,
15337,5597.226951,
15338,5597.226951,
15339,5597.226951,
15340,5597.226951,
15341,5597.277716,
15342,5597.965826,
15343,5598.103424,
15344,5598.103424,
15345,5598.103424,
15346,5598.475153,
15347,5599.042110,
15348,5599.473766,
15349,5599.473766,
15350,5600.128031,
15351,5600.537560,
15352,5600.945385,
15353,5601.571942,
15354,5601.571942,
15355,5604.775703,
15356,5605.176670,
15357,5605.176670,
15358,5605.900639,
15359,5606.499158,
15360,5606.499158,
15361,5607.312693,
15362,5607.312693,
15363,5608.937995,
15364,5608.937995,
15365,5608.937995,
15366,5608.937995,
15367,5608.937995,
15368,5610.645010,
15369,5610.645010,
15370,5612.044025,
15371,5612.511564,
15372,5613.187287,
15373,5613.187287,
15374,5613.270601,
15375,5613.270601,
15376,5616.007864,
15377,5616.007864,
15378,5616.007864,
15379,5616.199217,
15380,5616.199217,
15381,5616.199217,
15382,5617.317978,
15383,5617.317978,
15384,5617.317978,
15385,5617.671920,
15386,5617.957267,
15387,5617.957267,
15388,5617.957267,
15389,5618.535937,
15390,5618.705530,
15391,5618.705530,
15392,5618.705530,
15393,5618.836400,
15394,5618.836400,
15395,5618.892933,
15396,5618.892933,
15397,5619.677247,
15398,5619.677247,
15399,5620.926065,
15400,5620.926065,
15401,5621.217074,
15402,5621.217074,
15403,5621.217074,
15404,5621.217074,
15405,5621.453742,
15406,5621.453742,
15407,5624.438653,
15408,5624.438653,
15409,5624.438653,
15410,5624.438653,
15411,5624.953636,
15412,5624.953636,
15413,5625.178787,
15414,5625.178787,
15415,5625.178787,
15416,5625.409924,
15417,5628.007537,
15418,5629.426815,
15419,5629.426815,
15420,5629.710248,
15421,5629.756765,
15422,5629.756765,
15423,5630.315704,
15424,5630.315704,
15425,5630.315704,
15426,5630.315704,
15427,5630.315704,
15428,5630.807018,
15429,5630.807018,
15430,5630.807018,
15431,5630.807018,
15432,5631.199042,
15433,5631.199042,
15434,5631.199042,
15435,5632.354878,
15436,5632.383100,
15437,5633.035643,
15438,5633.035643,
15439,5633.035643,
15440,5633.035643,
15441,5633.035643,
15442,5633.035643,
15443,5633.035643,
15444,5633.035643,
15445,5633.035643,
15446,5633.035643,
15447,5633.035643,
15448,5633.084058,
15449,5633.084058,
15450,5633.084058,
15451,5633.084058,
15452,5633.963998,
15453,5635.329239,
15454,5635.329239,
15455,5635.329239,
15456,5635.329239,
15457,5635.329239,
15458,5635.418752,
15459,5635.753392,
15460,5635.753392,
15461,5635.753392,
15462,5636.442975,
15463,5637.179642,
15464,5638.458674,
15465,5639.989131,
15466,5640.058726,
15467,5640.235967,
15468,5640.235967,
15469,5640.235967,
15470,5640.397038,
15471,5640.397038,
15472,5640.627139,
15473,5640.718149,
15474,5640.718149,
15475,5640.718149,
15476,5640.759092,
15477,5640.759092,
15478,5641.253838,
15479,5641.253838,
15480,5641.713055,
15481,5642.320803,
15482,5642.320803,
15483,5642.320803,
15484,5642.320803,
15485,5642.320803,
15486,5642.571492,
15487,5642.571492,
15488,5642.571492,
15489,5643.993360,
15490,5644.169007,
15491,5644.869978,
15492,5644.869978,
15493,5645.113851,
15494,5645.860164,
15495,5645.865053,
15496,5647.724603,
15497,5647.724603,
15498,5647.724603,
15499,5647.724603,
15500,5648.150746,
15501,5648.448798,
15502,5648.500070,
15503,5648.578990,
15504,5649.364446,
15505,5650.375125,
15506,5650.375125,
15507,5650.823457,
15508,5650.823457,
15509,5651.883699,
15510,5651.883699,
15511,5651.883699,
15512,5652.532364,
15513,5652.707424,
15514,5656.337243,
15515,5656.337243,
15516,5656.337243,
15517,5656.795373,
15518,5656.795373,
15519,5658.111852,
15520,5658.823642,
15521,5659.261020,
15522,5659.261020,
15523,5659.261020,
15524,5659.404001,
15525,5659.448336,
15526,5659.759444,
15527,5659.759444,
15528,5659.759444,
15529,5659.759444,
15530,5659.821058,
15531,5659.821058,
15532,5660.205974,
15533,5660.205974,
15534,5660.205974,
15535,5661.710847,
15536,5662.157184,
15537,5663.267061,
15538,5664.176949,
15539,5665.142562,
15540,5665.142562,
15541,5666.153719,
15542,5666.954651,
15543,5666.954651,
15544,5667.585085,
15545,5667.585085,
15546,5669.064818,
15547,5669.342772,
15548,5669.342772,
15549,5669.342772,
15550,5669.443960,
15551,5669.699879,
15552,5669.699879,
15553,5669.699879,
15554,5669.699879,
15555,5670.271481,
15556,5670.997380,
15557,5671.642278,
15558,5671.840566,
15559,5672.380921,
15560,5672.402464,
15561,5672.402464,
15562,5673.828906,
15563,5673.913718,
15564,5674.151386,
15565,5674.151386,
15566,5674.234129,
15567,5674.303468,
15568,5674.303468,
15569,5674.303468,
15570,5674.303468,
15571,5674.303468,
15572,5674.860240,
15573,5674.860240,
15574,5674.860240,
15575,5674.860240,
15576,5674.860240,
15577,5675.413844,
15578,5676.009840,
15579,5676.009840,
15580,5676.835032,
15581,5677.356191,
15582,5677.356191,
15583,5677.356191,
15584,5677.380154,
15585,5677.762956,
15586,5679.367112,
15587,5679.367112,
15588,5679.395594,
15589,5679.595405,
15590,5679.959839,
15591,5679.959839,
15592,5679.961552,
15593,5680.098559,
15594,5680.098559,
15595,5680.098559,
15596,5680.098559,
15597,5680.098559,
15598,5681.374085,
15599,5681.374085,
15600,5681.374085,
15601,5681.685646,
15602,5681.685646,
15603,5682.902364,
15604,5683.726748,
15605,5683.726748,
15606,5684.530859,
15607,5685.086224,
15608,5685.086224,
15609,5686.240744,
15610,5686.502378,
15611,5686.502378,
15612,5686.636528,
15613,5686.878567,
15614,5686.878567,
15615,5688.550552,
15616,5688.962631,
15617,5688.962631,
15618,5689.696761,
15619,5689.696761,
15620,5689.696761,
15621,5689.696761,
15622,5689.696761,
15623,5689.731608,
15624,5689.731608,
15625,5689.731608,
15626,5689.823120,
15627,5689.823120,
15628,5689.823120,
15629,5689.823120,
15630,5689.823120,
15631,5689.823120,
15632,5689.896325,
15633,5689.896325,
15634,5691.463926,
15635,5691.463926,
15636,5691.463926,
15637,5691.463926,
15638,5691.463926,
15639,5691.463926,
15640,5691.463926,
15641,5691.962255,
15642,5693.604336,
15643,5694.212101,
15644,5695.013344,
15645,5696.822249,
15646,5697.244257,
15647,5698.736903,
15648,5698.789088,
15649,5698.789088,
15650,5698.789088,
15651,5699.388752,
15652,5699.561941,
15653,5699.641820,
15654,5699.641820,
15655,5699.641820,
15656,5699.732042,
15657,5699.732042,
15658,5699.732042,
15659,5700.126524,
15660,5700.126524,
15661,5700.126524,
15662,5700.126524,
15663,5700.126524,
15664,5700.333401,
15665,5700.333401,
15666,5700.645750,
15667,5700.701381,
15668,5700.701381,
15669,5700.799252,
15670,5700.883651,
15671,5700.883651,
15672,5701.758320,
15673,5701.758320,
15674,5702.644273,
15675,5702.997176,
15676,5703.700247,
15677,5703.707691,
15678,5703.707691,
15679,5703.940641,
15680,5703.940641,
15681,5708.131396,
15682,5708.269685,
15683,5708.368534,
15684,5708.421642,
15685,5708.421642,
15686,5708.421642,
15687,5708.421642,
15688,5709.323848,
15689,5709.323848,
15690,5709.950808,
15691,5711.655578,
15692,5711.655578,
15693,5711.916181,
15694,5713.638832,
15695,5713.650647,
15696,5714.448318,
15697,5715.217926,
15698,5715.217926,
15699,5715.492769,
15700,5715.524787,
15701,5715.524787,
15702,5716.715179,
15703,5716.715179,
15704,5717.708808,
15705,5717.708808,
15706,5717.708808,
15707,5719.241152,
15708,5719.241152,
15709,5719.241152,
15710,5719.241152,
15711,5719.241152,
15712,5719.719807,
15713,5719.719807,
15714,5719.719807,
15715,5719.719807,
15716,5720.595499,
15717,5721.365807,
15718,5721.443156,
15719,5723.237045,
15720,5723.454117,
15721,5723.454117,
15722,5723.454117,
15723,5723.538373,
15724,5723.538373,
15725,5723.538373,
15726,5723.538373,
15727,5725.041737,
15728,5725.041737,
15729,5725.041737,
15730,5725.402118,
15731,5725.402118,
15732,5726.023037,
15733,5726.023037,
15734,5726.395793,
15735,5726.395793,
15736,5728.151198,
15737,5728.686126,
15738,5728.686126,
15739,5729.581953,
15740,5729.581953,
15741,5729.581953,
15742,5730.555546,
15743,5731.024265,
15744,5731.024265,
15745,5731.024265,
15746,5731.638961,
15747,5731.638961,
15748,5731.934147,
15749,5731.934147,
15750,5732.916293,
15751,5732.916293,
15752,5732.916293,
15753,5732.916293,
15754,5732.916293,
15755,5732.916293,
15756,5733.465037,
15757,5733.465037,
15758,5733.775504,
15759,5735.829427,
15760,5736.064890,
15761,5736.064890,
15762,5736.064890,
15763,5736.217713,
15764,5736.266511,
15765,5737.218351,
15766,5737.218351,
15767,5737.218351,
15768,5737.846544,
15769,5738.556355,
15770,5738.556355,
15771,5738.556355,
15772,5738.952765,
15773,5740.048094,
15774,5740.048094,
15775,5740.983853,
15776,5741.564686,
15777,5741.798055,
15778,5742.258120,
15779,5742.258120,
15780,5742.341440,
15781,5745.130676,
15782,5746.878743,
15783,5747.036145,
15784,5747.441273,
15785,5748.670623,
15786,5748.670623,
15787,5748.670623,
15788,5749.192474,
15789,5749.192474,
15790,5749.583494,
15791,5750.000533,
15792,5751.018644,
15793,5751.701162,
15794,5751.894544,
15795,5751.963765,
15796,5751.963765,
15797,5752.057914,
15798,5752.057914,
15799,5752.057914,
15800,5752.978458,
15801,5752.978458,
15802,5752.978458,
15803,5753.240615,
15804,5753.240615,
15805,5753.240615,
15806,5753.274554,
15807,5753.274554,
15808,5753.274554,
15809,5755.699272,
15810,5755.699272,
15811,5756.602226,
15812,5757.286433,
15813,5757.286433,
15814,5757.501791,
15815,5757.501791,
15816,5758.084406,
15817,5758.084406,
15818,5758.084406,
15819,5758.084406,
15820,5758.553777,
15821,5758.553777,
15822,5758.553777,
15823,5759.705949,
15824,5759.705949,
15825,5759.972952,
15826,5760.263346,
15827,5760.263346,
15828,5760.263346,
15829,5760.263346,
15830,5760.263346,
15831,5760.274981,
15832,5760.274981,
15833,5760.274981,
15834,5760.577183,
15835,5760.746470,
15836,5761.260619,
15837,5762.671270,
15838,5762.671270,
15839,5762.671270,
15840,5762.671270,
15841,5762.671270,
15842,5762.671270,
15843,5762.671270,
15844,5762.671270,
15845,5763.222223,
15846,5763.710548,
15847,5764.977513,
15848,5764.977513,
15849,5765.524125,
15850,5765.524125,
15851,5766.094406,
15852,5766.094406,
15853,5766.094406,
15854,5766.094406,
15855,5766.094406,
15856,5766.094406,
15857,5766.744241,
15858,5766.744241,
15859,5766.744241,
15860,5766.744241,
15861,5766.944604,
15862,5767.981599,
15863,5767.981599,
15864,5768.223793,
15865,5768.223793,
15866,5768.515418,
15867,5768.515418,
15868,5769.874811,
15869,5769.874811,
15870,5769.874811,
15871,5769.874811,
15872,5769.874811,
15873,5770.419301,
15874,5770.419301,
15875,5770.419301,
15876,5770.653071,
15877,5771.302295,
15878,5771.954233,
15879,5771.954233,
15880,5771.954233,
15881,5772.416175,
15882,5772.416175,
15883,5772.416175,
15884,5772.928519,
15885,5773.498801,
15886,5773.742692,
15887,5775.901042,
15888,5775.901042,
15889,5775.901042,
15890,5777.755599,
15891,5777.755599,
15892,5777.755599,
15893,5777.755599,
15894,5777.755599,
15895,5777.755599,
15896,5778.825348,
15897,5778.825348,
15898,5779.150551,
15899,5779.176414,
15900,5779.176414,
15901,5781.163837,
15902,5782.202623,
15903,5782.202623,
15904,5782.202623,
15905,5782.202623,
15906,5783.743123,
15907,5784.940437,
15908,5784.940437,
15909,5784.940437,
15910,5784.940437,
15911,5784.976498,
15912,5786.254000,
15913,5786.254000,
15914,5787.298350,
15915,5787.298350,
15916,5787.298350,
15917,5787.586249,
15918,5787.586249,
15919,5787.847999,
15920,5787.847999,
15921,5788.687424,
15922,5788.687424,
15923,5790.295753,
15924,5790.295753,
15925,5792.119288,
15926,5793.199816,
15927,5793.199816,
15928,5793.199816,
15929,5793.199816,
15930,5793.199816,
15931,5793.613996,
15932,5793.613996,
15933,5793.613996,
15934,5793.885678,
15935,5793.885678,
15936,5793.885678,
15937,5793.885678,
15938,5793.885678,
15939,5794.201421,
15940,5794.201421,
15941,5794.201421,
15942,5794.612784,
15943,5796.076889,
15944,5796.280613,
15945,5796.280613,
15946,5796.874645,
15947,5796.874645,
15948,5796.966516,
15949,5796.987604,
15950,5797.026166,
15951,5797.026166,
15952,5797.026166,
15953,5797.026166,
15954,5797.198320,
15955,5797.983109,
15956,5800.119403,
15957,5800.119403,
15958,5800.119403,
15959,5800.164051,
15960,5800.567909,
15961,5802.011676,
15962,5802.351054,
15963,5802.925196,
15964,5803.289559,
15965,5803.289559,
15966,5803.289559,
15967,5803.289559,
15968,5803.289559,
15969,5803.486526,
15970,5803.486526,
15971,5805.205968,
15972,5805.226100,
15973,5805.226100,
15974,5805.643485,
15975,5807.727479,
15976,5808.269943,
15977,5808.524590,
15978,5810.222338,
15979,5810.222338,
15980,5810.429446,
15981,5810.921163,
15982,5810.921163,
15983,5810.921163,
15984,5810.921163,
15985,5810.921163,
15986,5811.361142,
15987,5811.361142,
15988,5811.361142,
15989,5813.003557,
15990,5813.405347,
15991,5813.405347,
15992,5813.405347,
15993,5813.405347,
15994,5813.405347,
15995,5813.405347,
15996,5813.476328,
15997,5815.615043,
15998,5815.795095,
15999,5815.795095,
16000,5816.275354,
16001,5817.444876,
16002,5817.444876,
16003,5817.444876,
16004,5818.289898,
16005,5818.289898,
16006,5819.312585,
16007,5819.363175,
16008,5819.363175,
16009,5819.363175,
16010,5819.363175,
16011,5819.363175,
16012,5819.620973,
16013,5819.620973,
16014,5819.620973,
16015,5819.620973,
16016,5819.620973,
16017,5820.198992,
16018,5820.646290,
16019,5820.696256,
16020,5820.696256,
16021,5820.696256,
16022,5820.696256,
16023,5820.696256,
16024,5821.377336,
16025,5821.377336,
16026,5822.273308,
16027,5822.273308,
16028,5822.273308,
16029,5822.273308,
16030,5823.663574,
16031,5824.385502,
16032,5824.385502,
16033,5824.385502,
16034,5824.385502,
16035,5824.952936,
16036,5830.083719,
16037,5830.083719,
16038,5830.083719,
16039,5830.083719,
16040,5830.526417,
16041,5830.526417,
16042,5830.526417,
16043,5831.333464,
16044,5831.515156,
16045,5831.515156,
16046,5831.921679,
16047,5832.039572,
16048,5832.546709,
16049,5832.546709,
16050,5832.546709,
16051,5832.546709,
16052,5832.953742,
16053,5832.953742,
16054,5832.953742,
16055,5833.076096,
16056,5833.500524,
16057,5834.564266,
16058,5835.203101,
16059,5835.543100,
16060,5835.543100,
16061,5835.850735,
16062,5837.206351,
16063,5837.206351,
16064,5838.885392,
16065,5838.885392,
16066,5838.885392,
16067,5838.885392,
16068,5838.885392,
16069,5838.885392,
16070,5838.885392,
16071,5838.885392,
16072,5839.218088,
16073,5840.947669,
16074,5842.793709,
16075,5842.793709,
16076,5842.793709,
16077,5842.793709,
16078,5843.221253,
16079,5843.221253,
16080,5843.272623,
16081,5843.456341,
16082,5843.456341,
16083,5843.456341,
16084,5843.502667,
16085,5843.502667,
16086,5843.502667,
16087,5843.746021,
16088,5843.746021,
16089,5843.746021,
16090,5843.773522,
16091,5843.773522,
16092,5843.787635,
16093,5843.787635,
16094,5843.787635,
16095,5843.787635,
16096,5843.787635,
16097,5843.967270,
16098,5843.967270,
16099,5844.130221,
16100,5844.130221,
16101,5844.130221,
16102,5844.432517,
16103,5844.432517,
16104,5844.494895,
16105,5844.494895,
16106,5844.494895,
16107,5844.494895,
16108,5844.494895,
16109,5844.494895,
16110,5845.837031,
16111,5846.395916,
16112,5847.131538,
16113,5848.343246,
16114,5848.416763,
16115,5848.862470,
16116,5848.862470,
16117,5850.231490,
16118,5850.231490,
16119,5851.004697,
16120,5853.875036,
16121,5853.875036,
16122,5853.875036,
16123,5855.661118,
16124,5855.661118,
16125,5855.730269,
16126,5855.730269,
16127,5855.730269,
16128,5857.262843,
16129,5857.262843,
16130,5857.262843,
16131,5857.262843,
16132,5857.368231,
16133,5857.368231,
16134,5857.368231,
16135,5857.368231,
16136,5857.716299,
16137,5857.716299,
16138,5857.716299,
16139,5860.447656,
16140,5860.856868,
16141,5860.872351,
16142,5862.017454,
16143,5862.017454,
16144,5862.017454,
16145,5863.084905,
16146,5863.140340,
16147,5864.120907,
16148,5864.120907,
16149,5864.523272,
16150,5864.777707,
16151,5865.291815,
16152,5865.643847,
16153,5865.958229,
16154,5866.288406,
16155,5866.686114,
16156,5866.686114,
16157,5868.287379,
16158,5868.666123,
16159,5868.864653,
16160,5868.864653,
16161,5868.864653,
16162,5868.864653,
16163,5869.824160,
16164,5871.032926,
16165,5872.470895,
16166,5873.674118,
16167,5874.098720,
16168,5874.098720,
16169,5874.146957,
16170,5875.845300,
16171,5877.202486,
16172,5877.365862,
16173,5877.960770,
16174,5877.960770,
16175,5877.960770,
16176,5878.057455,
16177,5878.667944,
16178,5879.397909,
16179,5879.425192,
16180,5881.382537,
16181,5882.913190,
16182,5883.147699,
16183,5883.270222,
16184,5883.270222,
16185,5883.270222,
16186,5883.270222,
16187,5883.378318,
16188,5883.378318,
16189,5885.299813,
16190,5886.770786,
16191,5886.770786,
16192,5886.770786,
16193,5887.587384,
16194,5887.687878,
16195,5887.687878,
16196,5887.687878,
16197,5887.722721,
16198,5887.722721,
16199,5888.213918,
16200,5888.213918,
16201,5888.213918,
16202,5888.354992,
16203,5889.120514,
16204,5889.148593,
16205,5889.148593,
16206,5889.148593,
16207,5889.148593,
16208,5889.148593,
16209,5889.148593,
16210,5889.148593,
16211,5889.148593,
16212,5889.282233,
16213,5889.282233,
16214,5889.549832,
16215,5889.549832,
16216,5890.122378,
16217,5890.867179,
16218,5890.867179,
16219,5890.867179,
16220,5890.867179,
16221,5890.922335,
16222,5890.922335,
16223,5890.922335,
16224,5891.491031,
16225,5891.491031,
16226,5891.491031,
16227,5891.491031,
16228,5891.491031,
16229,5892.071262,
16230,5892.109875,
16231,5894.518368,
16232,5896.635568,
16233,5896.635568,
16234,5896.635568,
16235,5896.635568,
16236,5896.715360,
16237,5897.769118,
16238,5897.980936,
16239,5897.980936,
16240,5897.980936,
16241,5897.980936,
16242,5897.980936,
16243,5898.273829,
16244,5898.273829,
16245,5898.351298,
16246,5898.351298,
16247,5898.351298,
16248,5898.985342,
16249,5899.328029,
16250,5899.634514,
16251,5899.634514,
16252,5899.634514,
16253,5899.968481,
16254,5900.161935,
16255,5900.161935,
16256,5900.161935,
16257,5900.161935,
16258,5901.045701,
16259,5901.970941,
16260,5901.970941,
16261,5901.970941,
16262,5901.970941,
16263,5901.970941,
16264,5901.970941,
16265,5901.970941,
16266,5904.592984,
16267,5905.033782,
16268,5905.033782,
16269,5905.033782,
16270,5905.033782,
16271,5905.033782,
16272,5905.698194,
16273,5905.887737,
16274,5905.887737,
16275,5906.198136,
16276,5906.213029,
16277,5906.213029,
16278,5907.651099,
16279,5907.651099,
16280,5909.772644,
16281,5910.330270,
16282,5911.006296,
16283,5911.006296,
16284,5911.006296,
16285,5911.006296,
16286,5911.163375,
16287,5911.163375,
16288,5911.256894,
16289,5911.256894,
16290,5911.256894,
16291,5912.521569,
16292,5912.521569,
16293,5913.339010,
16294,5913.339010,
16295,5914.560212,
16296,5915.660324,
16297,5916.432077,
16298,5917.208544,
16299,5917.208544,
16300,5917.208544,
16301,5917.741493,
16302,5918.428837,
16303,5918.428837,
16304,5918.428837,
16305,5918.828374,
16306,5918.828374,
16307,5918.828374,
16308,5918.828374,
16309,5918.828374,
16310,5918.828374,
16311,5918.828374,
16312,5919.570256,
16313,5921.045672,
16314,5921.777962,
16315,5922.352344,
16316,5922.352344,
16317,5923.139631,
16318,5923.139631,
16319,5923.139631,
16320,5923.139631,
16321,5923.139631,
16322,5923.139631,
16323,5923.139631,
16324,5923.875186,
16325,5923.875186,
16326,5924.371769,
16327,5924.469588,
16328,5924.469588,
16329,5924.469588,
16330,5925.161075,
16331,5925.667216,
16332,5925.667216,
16333,5926.279377,
16334,5926.279377,
16335,5926.279377,
16336,5926.279377,
16337,5926.279377,
16338,5926.420628,
16339,5926.420628,
16340,5926.420628,
16341,5926.420628,
16342,5926.420628,
16343,5927.504166,
16344,5928.069999,
16345,5928.069999,
16346,5928.728840,
16347,5928.728840,
16348,5929.609119,
16349,5929.817972,
16350,5931.211457,
16351,5931.438917,
16352,5931.486907,
16353,5931.502707,
16354,5932.089143,
16355,5932.225042,
16356,5932.225042,
16357,5933.141931,
16358,5933.141931,
16359,5933.141931,
16360,5933.141931,
16361,5933.324558,
16362,5933.324558,
16363,5933.324558,
16364,5933.324558,
16365,5933.324558,
16366,5933.671480,
16367,5933.671480,
16368,5933.671480,
16369,5934.097774,
16370,5935.233709,
16371,5935.233709,
16372,5935.255562,
16373,5935.574464,
16374,5935.574464,
16375,5936.543423,
16376,5936.543423,
16377,5936.543423,
16378,5937.056501,
16379,5937.056501,
16380,5937.178441,
16381,5937.178441,
16382,5937.327026,
16383,5937.327026,
16384,5937.935588,
16385,5941.044475,
16386,5941.044475,
16387,5941.402372,
16388,5943.441778,
16389,5944.185205,
16390,5944.185205,
16391,5944.185205,
16392,5944.523659,
16393,5944.523659,
16394,5944.658347,
16395,5944.658347,
16396,5944.833655,
16397,5944.833655,
16398,5944.833655,
16399,5945.268568,
16400,5945.847191,
16401,5946.303457,
16402,5946.303457,
16403,5946.303457,
16404,5948.283546,
16405,5948.582491,
16406,5949.208912,
16407,5949.208912,
16408,5949.208912,
16409,5950.078399,
16410,5950.078399,
16411,5950.240615,
16412,5950.856312,
16413,5950.856312,
16414,5950.856312,
16415,5950.856312,
16416,5950.856312,
16417,5950.856312,
16418,5951.093226,
16419,5951.093226,
16420,5951.483387,
16421,5951.483387,
16422,5951.483387,
16423,5951.483387,
16424,5953.285354,
16425,5954.078413,
16426,5954.875480,
16427,5954.875480,
16428,5954.875480,
16429,5954.875480,
16430,5955.230740,
16431,5955.230740,
16432,5955.230740,
16433,5956.684212,
16434,5957.615618,
16435,5957.615618,
16436,5957.615618,
16437,5958.083646,
16438,5958.083646,
16439,5958.327157,
16440,5958.327157,
16441,5958.327157,
16442,5958.440041,
16443,5959.026350,
16444,5959.026350,
16445,5959.714594,
16446,5960.397202,
16447,5962.196458,
16448,5962.552327,
16449,5963.822986,
16450,5965.315186,
16451,5965.412255,
16452,5965.709750,
16453,5965.709750,
16454,5965.709750,
16455,5965.709750,
16456,5965.709750,
16457,5966.734445,
16458,5967.828989,
16459,5967.828989,
16460,5967.828989,
16461,5968.885243,
16462,5969.361783,
16463,5972.170601,
16464,5972.170601,
16465,5974.936713,
16466,5975.633625,
16467,5975.633625,
16468,5975.633625,
16469,5975.633625,
16470,5976.052263,
16471,5976.492314,
16472,5976.492314,
16473,5977.176197,
16474,5977.348611,
16475,5977.525723,
16476,5977.528179,
16477,5977.528179,
16478,5977.528179,
16479,5977.528179,
16480,5977.528179,
16481,5978.128134,
16482,5978.306974,
16483,5978.306974,
16484,5978.931049,
16485,5979.412906,
16486,5979.412906,
16487,5979.412906,
16488,5979.543076,
16489,5979.543076,
16490,5979.543076,
16491,5980.103621,
16492,5980.103621,
16493,5980.679565,
16494,5981.458802,
16495,5981.494719,
16496,5981.754682,
16497,5981.754682,
16498,5981.754682,
16499,5982.879406,
16500,5984.194777,
16501,5984.648879,
16502,5984.648879,
16503,5984.648879,
16504,5984.648879,
16505,5984.648879,
16506,5984.648879,
16507,5984.748903,
16508,5984.748903,
16509,5984.748903,
16510,5984.748903,
16511,5986.242252,
16512,5986.242252,
16513,5986.242252,
16514,5986.631312,
16515,5987.861064,
16516,5987.978543,
16517,5987.978543,
16518,5988.881327,
16519,5988.947255,
16520,5989.255409,
16521,5989.419857,
16522,5989.569567,
16523,5989.787196,
16524,5990.075861,
16525,5990.075861,
16526,5990.075861,
16527,5990.075861,
16528,5990.140300,
16529,5990.140300,
16530,5990.140300,
16531,5990.140300,
16532,5990.966691,
16533,5991.118766,
16534,5991.404028,
16535,5991.404028,
16536,5991.404028,
16537,5994.447202,
16538,5994.447202,
16539,5994.985133,
16540,5994.985133,
16541,5995.308995,
16542,5998.183297,
16543,5998.183297,
16544,5998.466370,
16545,5999.408866,
