customer_id,arrival_time,departure_time,service_start_time,server_id,exit_reason
519,300.966195,303.255343,302.856762,3,served
520,306.121584,306.625881,306.121584,3,served
521,309.195680,309.572475,309.195680,3,served
522,309.447124,311.965327,309.447124,0,served
523,309.447124,309.611247,309.447124,1,served
524,309.447124,310.506448,309.447124,2,served
525,311.882446,313.637187,311.882446,3,served
526,312.108124,314.715762,312.108124,0,served
527,314.917218,316.419529,314.917218,3,served
528,314.917218,317.314731,314.917218,0,served
529,317.763202,318.832813,317.763202,3,served
530,319.448861,319.907523,319.448861,3,served
531,320.776916,320.853151,320.776916,3,served
532,321.750525,323.042183,321.750525,3,served
533,321.914970,322.881611,321.914970,0,served
534,321.914970,323.992056,321.914970,1,served
535,322.346446,328.817610,322.346446,2,served
536,322.346446,325.795937,322.881611,0,served
537,326.698796,327.337124,326.698796,3,served
538,327.149160,328.539517,327.149160,0,served
539,327.149160,327.199346,327.149160,1,served
540,327.195554,328.124382,327.199346,1,served
541,327.367372,327.410517,327.367372,3,served
542,327.875973,328.436687,327.875973,3,served
543,328.234714,332.032893,328.234714,1,served
544,328.234714,329.123463,328.436687,3,served
545,330.417598,331.797968,330.417598,3,served
546,330.524707,331.877990,330.524707,0,served
547,331.026029,332.534739,331.026029,2,served
548,334.091644,334.214544,334.091644,3,served
549,336.420786,337.441494,336.420786,3,served
550,337.287857,338.078071,337.287857,0,served
551,337.287857,337.910716,337.287857,1,served
552,337.435099,338.235186,337.435099,2,served
553,337.435099,338.454403,337.441494,3,served
554,337.435099,338.855910,337.910716,1,served
555,337.435099,338.129479,338.078071,0,served
556,337.435099,338.918613,338.129479,0,served
557,339.169860,341.874038,339.169860,3,served
558,339.169860,343.056414,339.169860,0,served
559,340.742256,348.759856,340.742256,1,served
560,340.742256,340.894271,340.742256,2,served
561,342.480147,343.729961,342.480147,3,served
562,342.480147,349.392795,342.480147,2,served
563,343.680426,344.347345,343.680426,0,served
564,344.892833,346.200247,344.892833,3,served
565,346.951603,348.090184,346.951603,3,served
566,347.595307,351.082842,347.595307,0,served
567,347.619131,348.205721,348.090184,3,served
568,348.219328,349.156121,348.219328,3,served
569,348.219328,349.512665,348.759856,1,served
570,348.219328,349.620576,349.156121,3,served
571,348.219328,350.393225,349.392795,2,served
572,350.205885,351.024521,350.205885,3,served
573,350.205885,352.101068,350.205885,1,served
574,350.798425,350.942865,350.798425,2,served
575,351.345445,351.823406,351.345445,3,served
576,351.345445,353.149605,351.345445,0,served
577,352.072460,352.094460,352.072460,3,served
578,352.072460,355.117149,352.072460,2,served
579,353.225074,353.787288,353.225074,3,served
580,354.013284,355.298578,354.013284,3,served
581,354.856748,355.908266,354.856748,0,served
582,354.856748,355.743850,354.856748,1,served
583,355.789839,356.308149,355.789839,3,served
584,355.789839,355.975355,355.789839,1,served
585,357.499187,359.109269,357.499187,3,served
586,357.499187,362.695976,357.499187,0,served
587,360.727152,360.873350,360.727152,3,served
588,360.727152,360.835908,360.727152,1,served
589,360.727152,365.483323,360.727152,2,served
590,361.164657,361.868100,361.164657,3,served
591,361.164657,364.732389,361.164657,1,served
592,361.781581,362.652075,361.868100,3,served
593,361.781581,363.283392,362.652075,3,served
594,361.781581,365.982126,362.695976,0,served
595,361.781581,364.421335,363.283392,3,served
596,361.986420,364.898951,364.421335,3,served
597,361.986420,367.274295,364.732389,1,served
598,362.782044,365.489680,364.898951,3,served
599,363.071015,366.466454,365.483323,2,served
600,363.380669,366.440806,365.489680,3,served
601,364.715104,367.308429,365.982126,0,served
602,364.735420,366.922355,366.440806,3,served
603,364.843483,368.745362,366.466454,2,served
604,364.843483,367.632071,366.922355,3,served
605,367.632594,368.593744,367.632594,3,served
606,367.701056,368.240103,367.701056,0,served
607,371.303711,373.358484,371.303711,3,served
608,371.497737,372.560197,371.497737,0,served
609,371.497737,376.187760,371.497737,1,served
610,371.497737,375.796420,371.497737,2,served
611,371.930579,374.206589,372.560197,0,served
612,374.827313,374.863680,374.827313,3,served
613,374.827313,377.140558,374.827313,0,served
614,374.827313,375.508462,374.863680,3,served
615,375.338420,375.595061,375.508462,3,served
616,375.338420,375.610849,375.595061,3,served
617,377.816488,379.033416,377.816488,3,served
618,377.816488,380.178234,377.816488,0,served
619,379.282154,380.119398,379.282154,3,served
620,380.582060,381.288065,380.582060,3,served
621,380.983992,381.435053,380.983992,0,served
622,380.983992,384.904635,380.983992,1,served
623,380.983992,381.935622,380.983992,2,served
624,382.756846,384.148923,382.756846,3,served
625,382.756846,384.708244,382.756846,0,served
626,382.756846,388.713548,382.756846,2,served
627,382.756846,384.806008,384.148923,3,served
628,382.756846,385.298673,384.708244,0,served
629,383.322276,385.000419,384.806008,3,served
630,383.322276,385.241515,384.904635,1,served
631,383.952000,386.849896,385.000419,3,served
632,384.238237,386.158245,385.241515,1,served
633,385.666627,387.172366,385.666627,0,served
634,386.254270,395.167773,386.254270,1,served
635,386.254270,388.524823,386.849896,3,served
636,386.254270,388.632684,387.172366,0,served
637,386.254270,389.371540,388.524823,3,served
638,386.254270,389.121661,388.632684,0,served
639,386.254270,391.739333,388.713548,2,served
640,386.254270,390.436026,389.121661,0,served
641,386.357633,389.382852,389.371540,3,served
642,387.314134,389.660473,389.382852,3,served
643,388.057808,389.751768,389.660473,3,served
644,389.019925,390.553249,389.751768,3,served
645,389.723140,391.253048,390.436026,0,served
646,391.427436,391.793055,391.427436,3,served
647,391.427436,392.707563,391.427436,0,served
648,391.427436,391.826333,391.739333,2,served
649,391.427436,392.066052,391.793055,3,served
650,391.984841,396.902076,391.984841,2,served
651,392.500837,393.449671,392.500837,3,served
652,392.603524,395.423478,392.707563,0,served
653,394.250008,394.351156,394.250008,3,served
654,394.250008,394.745481,394.351156,3,served
655,394.250008,396.032962,394.745481,3,served
656,394.382355,395.906951,395.167773,1,served
657,396.291137,396.897130,396.291137,3,served
658,396.724793,398.458130,396.724793,0,served
659,396.724793,397.767462,396.724793,1,served
660,396.724793,398.414294,396.897130,3,served
661,397.075943,399.059379,397.075943,2,served
662,397.075943,400.433485,397.767462,1,served
663,397.075943,400.026720,398.414294,3,served
664,398.407474,399.369234,398.458130,0,served
665,398.407474,399.399030,399.059379,2,served
666,399.211948,403.204233,399.369234,0,served
667,400.063131,403.557474,400.063131,3,served
668,400.063131,411.177252,400.063131,2,served
669,400.063131,402.344547,400.433485,1,served
670,400.415894,408.033548,402.344547,1,served
671,400.415894,406.421641,403.204233,0,served
672,400.415894,405.153613,403.557474,3,served
673,401.066356,406.183785,405.153613,3,served
674,401.066356,406.230490,406.183785,3,served
675,401.066356,406.317506,406.230490,3,served
676,401.393978,406.740923,406.317506,3,served
677,401.393978,409.032933,406.421641,0,served
678,401.697556,406.893248,406.740923,3,served
679,401.697556,406.933793,406.893248,3,served
680,401.697556,408.980197,406.933793,3,served
681,401.697556,411.019254,408.033548,1,served
682,401.697556,409.592890,408.980197,3,served
683,402.383170,409.268766,409.032933,0,served
684,402.791615,410.141963,409.268766,0,served
685,402.791615,410.083782,409.592890,3,served
686,404.119547,410.485061,410.083782,3,served
687,404.119547,412.002321,410.141963,0,served
688,404.119547,412.404341,410.485061,3,served
689,405.009263,412.083427,411.019254,1,served
690,405.009263,411.489064,411.177252,2,served
691,405.669610,412.046335,411.489064,2,served
692,405.669610,412.596197,412.002321,0,served
693,407.087330,415.411933,412.046335,2,served
694,407.087330,412.271647,412.083427,1,served
695,410.960768,412.735978,412.271647,1,served
696,410.960768,413.133219,412.404341,3,served
697,411.357633,414.301926,412.596197,0,served
698,411.557759,414.169025,412.735978,1,served
699,412.666825,413.672815,413.133219,3,served
700,413.217356,414.540091,413.672815,3,served
701,413.673655,414.540112,414.169025,1,served
702,413.673655,414.913100,414.301926,0,served
703,415.649563,415.847186,415.649563,3,served
704,418.057715,419.449462,418.057715,3,served
705,419.146756,419.979347,419.146756,0,served
706,419.953776,420.310930,419.953776,3,served
707,419.953776,424.759556,419.953776,1,served
708,419.953776,423.546548,419.953776,2,served
709,419.953776,420.512849,419.979347,0,served
710,420.663654,422.459350,420.663654,3,served
711,420.663654,421.753367,420.663654,0,served
712,420.663654,422.619527,421.753367,0,served
713,420.663654,422.574418,422.459350,3,served
714,420.663654,422.840834,422.574418,3,served
715,421.534811,424.157589,422.619527,0,served
716,421.584258,422.924810,422.840834,3,served
717,421.584258,426.551038,422.924810,3,served
718,421.828453,428.888398,423.546548,2,served
719,424.634437,424.868323,424.634437,0,served
720,425.511750,432.050378,425.511750,0,served
721,426.785944,427.529433,426.785944,3,served
722,427.210899,427.459171,427.210899,1,served
723,428.346894,428.460414,428.346894,3,served
724,428.939749,429.339704,428.939749,3,served
725,429.143513,430.557777,429.143513,1,served
726,429.143513,429.916568,429.143513,2,served
727,429.143513,431.184667,429.339704,3,served
728,429.143513,434.114504,429.916568,2,served
729,429.143513,437.601525,430.557777,1,served
730,429.143513,431.551359,431.184667,3,served
731,430.314784,432.348225,431.551359,3,served
732,430.314784,432.344967,432.050378,0,served
733,430.314784,434.738146,432.344967,0,served
734,430.314784,434.620845,432.348225,3,served
735,430.314784,434.369337,434.114504,2,served
736,432.781338,435.931485,434.369337,2,served
737,432.781338,435.301786,434.620845,3,served
738,433.317101,435.059863,434.738146,0,served
739,433.581164,435.088237,435.059863,0,served
740,433.581164,436.336977,435.088237,0,served
741,434.087994,436.001765,435.301786,3,served
742,434.982705,437.272401,435.931485,2,served
743,434.982705,436.080352,436.001765,3,served
744,434.982705,438.043904,436.080352,3,served
745,435.642554,437.766459,436.336977,0,served
746,438.193712,439.970444,438.193712,3,served
747,438.193712,438.290286,438.193712,0,served
748,438.873939,439.952876,438.873939,0,served
749,441.138588,441.298324,441.138588,3,served
750,441.523068,441.856729,441.523068,3,served
751,441.523068,441.945762,441.523068,0,served
752,441.523068,446.121056,441.523068,1,served
753,441.603226,446.676338,441.603226,2,served
754,441.603226,442.512105,441.856729,3,served
755,445.073963,445.826541,445.073963,3,served
756,445.073963,445.122475,445.073963,0,served
757,445.137735,445.422924,445.137735,0,served
758,446.627808,447.854773,446.627808,3,served
759,447.116224,449.121578,447.116224,0,served
760,447.116224,450.399321,447.116224,1,served
761,447.312102,451.278235,447.312102,2,served
762,448.622513,449.852601,448.622513,3,served
763,448.622513,449.496136,449.121578,0,served
764,448.622513,450.186439,449.496136,0,served
765,448.675753,450.288722,449.852601,3,served
766,452.101113,452.653513,452.101113,3,served
767,452.101113,453.766566,452.101113,0,served
768,452.414004,456.924364,452.414004,1,served
769,452.414004,455.914387,452.414004,2,served
770,453.401831,454.843333,453.401831,3,served
771,454.296730,456.259774,454.296730,0,served
772,454.296730,456.755870,454.843333,3,served
773,454.296730,455.985947,455.914387,2,served
774,457.671538,457.684041,457.671538,3,served
775,457.671538,458.580629,457.671538,0,served
776,461.270558,461.429191,461.270558,3,served
777,462.272826,463.050975,462.272826,3,served
778,464.680150,466.750709,464.680150,3,served
779,464.680150,465.339919,464.680150,0,served
780,464.680150,473.039308,464.680150,1,served
781,465.415283,466.319762,465.415283,0,served
782,465.415283,465.562286,465.415283,2,served
783,465.415283,465.983721,465.562286,2,served
784,465.415283,466.813642,465.983721,2,served
785,465.415283,472.628086,466.319762,0,served
786,465.415283,467.097252,466.750709,3,served
787,466.684902,468.527134,466.813642,2,served
788,466.684902,467.283773,467.097252,3,served
789,467.063649,467.536692,467.283773,3,served
790,467.063649,468.959860,467.536692,3,served
791,468.040014,468.749762,468.527134,2,served
792,469.665940,470.370810,469.665940,3,served
793,469.665940,478.198920,469.665940,2,served
794,469.665940,470.386955,470.370810,3,served
795,469.665940,470.605149,470.386955,3,served
796,469.665940,471.151911,470.605149,3,served
797,469.803969,471.717904,471.151911,3,served
798,469.803969,474.495989,471.717904,3,served
799,469.803969,473.506544,472.628086,0,served
800,470.645334,473.597843,473.039308,1,served
801,470.645334,474.752583,473.506544,0,served
802,471.341219,474.704358,473.597843,1,served
803,471.341219,474.734244,474.495989,3,served
804,471.894064,474.904534,474.704358,1,served
805,471.894064,474.900588,474.734244,3,served
806,474.889979,474.907317,474.889979,0,served
807,474.889979,475.923365,474.900588,3,served
808,474.889979,478.983047,474.904534,1,served
809,474.889979,477.990978,474.907317,0,served
810,475.464860,476.741027,475.923365,3,served
811,475.464860,477.818916,476.741027,3,served
812,475.464860,478.320631,477.818916,3,served
813,475.651772,482.316973,477.990978,0,served
814,475.651772,482.655983,478.198920,2,served
815,475.651772,480.628016,478.320631,3,served
816,475.651772,479.661020,478.983047,1,served
817,475.651772,479.675727,479.661020,1,served
818,476.515237,485.003824,479.675727,1,served
819,476.661630,484.793726,480.628016,3,served
820,477.211107,486.780577,482.316973,0,served
821,478.484189,485.068349,482.655983,2,served
822,478.629879,484.807712,484.793726,3,served
823,478.629879,484.837919,484.807712,3,served
824,478.629879,484.994042,484.837919,3,served
825,483.563681,486.605644,484.994042,3,served
826,484.524284,485.431813,485.003824,1,served
827,485.434390,486.038119,485.434390,1,served
828,486.199179,489.818223,486.199179,1,served
829,487.071007,487.092776,487.071007,3,served
830,487.701478,487.872332,487.701478,3,served
831,487.701478,487.842170,487.701478,0,served
832,487.701478,488.617390,487.701478,2,served
833,487.701478,491.478790,487.842170,0,served
834,487.701478,488.290091,487.872332,3,served
835,487.701478,488.826139,488.290091,3,served
836,487.701478,491.651572,488.617390,2,served
837,487.729164,490.425760,488.826139,3,served
838,487.729164,490.238967,489.818223,1,served
839,487.729164,492.242734,490.238967,1,served
840,487.729164,494.456561,490.425760,3,served
841,488.003311,492.478666,491.478790,0,served
842,488.003311,493.117273,491.651572,2,served
843,490.613258,495.712966,492.242734,1,served
844,492.952360,495.984428,492.952360,0,served
845,492.952360,496.439072,493.117273,2,served
846,492.952360,494.781531,494.456561,3,served
847,492.952360,495.548969,494.781531,3,served
848,497.726997,498.641722,497.726997,3,served
849,497.726997,498.260974,497.726997,0,served
850,498.145507,499.038672,498.145507,1,served
851,498.145507,502.457216,498.145507,2,served
852,499.277590,500.161460,499.277590,3,served
853,500.208597,502.064440,500.208597,3,served
854,501.162247,508.015770,501.162247,0,served
855,501.246331,508.931322,501.246331,1,served
856,501.321740,502.601518,502.064440,3,served
857,501.321740,509.171387,502.457216,2,served
858,501.321740,503.010936,502.601518,3,served
859,501.321740,503.257035,503.010936,3,served
860,501.321740,504.384437,503.257035,3,served
861,501.321740,506.245409,504.384437,3,served
862,501.321740,506.262669,506.245409,3,served
863,502.635804,506.595126,506.262669,3,served
864,503.377789,506.608483,506.595126,3,served
865,504.190032,508.088833,506.608483,3,served
866,508.645617,508.697875,508.645617,3,served
867,509.799802,511.704722,509.799802,3,served
868,511.399138,513.016397,511.399138,0,served
869,511.399138,512.808748,511.399138,1,served
870,511.399138,511.650786,511.399138,2,served
871,511.471918,519.004260,511.650786,2,served
872,511.997563,512.799269,511.997563,3,served
873,511.997563,514.238270,512.799269,3,served
874,511.997563,513.133779,512.808748,1,served
875,512.470852,514.311895,513.016397,0,served
876,513.409020,513.644318,513.409020,1,served
877,513.409020,513.921645,513.644318,1,served
878,514.582406,515.002250,514.582406,3,served
879,514.582406,516.369142,514.582406,0,served
880,514.766571,515.328744,514.766571,1,served
881,514.766571,515.356672,515.002250,3,served
882,517.894056,517.904544,517.894056,3,served
883,518.132889,520.570653,518.132889,3,served
884,518.132889,518.914140,518.132889,0,served
885,518.132889,519.073861,518.132889,1,served
886,518.132889,520.721068,518.914140,0,served
887,518.132889,520.536774,519.004260,2,served
888,518.132889,520.398702,519.073861,1,served
889,518.132889,521.184945,520.398702,1,served
890,518.132889,521.091089,520.536774,2,served
891,518.132889,520.782863,520.570653,3,served
892,518.640785,523.201373,520.721068,0,served
893,519.717130,520.869497,520.782863,3,served
894,521.416972,522.039672,521.416972,3,served
895,521.416972,525.877522,521.416972,1,served
896,521.505889,527.721354,521.505889,2,served
897,521.505889,522.340991,522.039672,3,served
898,521.505889,522.397791,522.340991,3,served
899,521.941979,522.748201,522.397791,3,served
900,523.098647,523.123812,523.098647,3,served
901,523.131604,524.382445,523.131604,3,served
902,524.091027,525.955950,524.091027,0,served
903,525.086272,526.040119,525.086272,3,served
904,525.086272,530.817449,525.877522,1,served
905,525.086272,528.602859,525.955950,0,served
906,525.086272,526.682649,526.040119,3,served
907,525.086272,526.836236,526.682649,3,served
908,525.086272,527.588740,526.836236,3,served
909,525.086272,527.597434,527.588740,3,served
910,525.183650,527.907587,527.597434,3,served
911,525.183650,528.100032,527.721354,2,served
912,525.183650,528.009431,527.907587,3,served
913,525.183650,528.662008,528.009431,3,served
914,525.263148,531.191033,528.100032,2,served
915,525.263148,528.899922,528.602859,0,served
916,525.263148,528.754084,528.662008,3,served
917,525.263148,530.330400,528.754084,3,served
918,527.256855,529.587437,528.899922,0,served
919,527.256855,529.977523,529.587437,0,served
920,527.256855,530.651099,529.977523,0,served
921,527.323408,531.638374,530.330400,3,served
922,529.671330,531.427451,530.651099,0,served
923,529.671330,532.708025,530.817449,1,served
924,529.671330,533.883831,531.191033,2,served
925,529.671330,536.017321,531.427451,0,served
926,530.931052,534.780995,531.638374,3,served
927,530.931052,542.200337,532.708025,1,served
928,530.931052,536.295746,533.883831,2,served
929,532.807478,535.443029,534.780995,3,served
930,538.716061,540.543038,538.716061,3,served
931,540.667379,540.782296,540.667379,3,served
932,543.002889,543.333827,543.002889,3,served
933,547.031012,549.003110,547.031012,3,served
934,547.451444,549.014843,547.451444,0,served
935,547.451444,549.777617,547.451444,1,served
936,547.451444,554.214720,547.451444,2,served
937,547.451444,550.147858,549.003110,3,served
938,548.031580,549.537125,549.014843,0,served
939,548.031580,550.484001,549.537125,0,served
940,548.750454,550.686393,549.777617,1,served
941,549.456061,552.816043,550.147858,3,served
942,549.456061,553.600653,550.484001,0,served
943,549.802414,552.847624,550.686393,1,served
944,550.077435,553.893173,552.816043,3,served
945,550.077435,560.682646,552.847624,1,served
946,550.077435,558.616073,553.600653,0,served
947,550.331966,554.579747,553.893173,3,served
948,551.898980,556.496136,554.214720,2,served
949,553.183744,555.781420,554.579747,3,served
950,553.183744,556.193013,555.781420,3,served
951,553.183744,556.327487,556.193013,3,served
952,553.183744,556.525808,556.327487,3,served
953,553.183744,561.832470,556.496136,2,served
954,553.183744,558.119912,556.525808,3,served
955,554.627598,559.759191,558.119912,3,served
956,556.363451,558.873702,558.616073,0,served
957,557.636048,558.937128,558.873702,0,served
958,557.636048,561.718846,558.937128,0,served
959,557.636048,562.270167,559.759191,3,served
960,559.815441,561.930446,560.682646,1,served
961,560.665225,561.970530,561.718846,0,served
962,560.732140,563.563734,561.832470,2,served
963,560.732140,565.199140,561.930446,1,served
964,560.732140,565.340625,561.970530,0,served
965,561.391593,562.649284,562.270167,3,served
966,561.391593,563.603264,562.649284,3,served
967,562.288805,572.200861,563.563734,2,served
968,563.329919,565.654843,563.603264,3,served
969,563.329919,569.864493,565.199140,1,served
970,564.493258,566.879326,565.340625,0,served
971,564.528202,566.331037,565.654843,3,served
972,565.442066,566.373055,566.331037,3,served
973,566.010927,566.551345,566.373055,3,served
974,566.010927,566.808178,566.551345,3,served
975,567.087372,567.151830,567.087372,3,served
976,567.087372,569.605426,567.087372,0,served
977,567.291590,568.552055,567.291590,3,served
978,567.291590,570.308086,568.552055,3,served
979,567.291590,570.618694,569.605426,0,served
980,567.291590,573.193287,569.864493,1,served
981,567.291590,571.062793,570.308086,3,served
982,568.790930,576.974875,570.618694,0,served
983,570.494918,571.683411,571.062793,3,served
984,571.444603,572.518043,571.683411,3,served
985,571.810805,575.199827,572.200861,2,served
986,571.810805,572.925117,572.518043,3,served
987,572.548532,573.384243,572.925117,3,served
988,572.548532,578.148673,573.193287,1,served
989,573.064074,573.390137,573.384243,3,served
990,573.064074,573.799726,573.390137,3,served
991,573.777599,574.291118,573.799726,3,served
992,574.822051,574.873200,574.822051,3,served
993,574.822051,576.452868,574.873200,3,served
994,575.126124,578.758940,575.199827,2,served
995,575.471431,577.186568,576.452868,3,served
996,575.526341,577.684528,576.974875,0,served
997,575.526341,579.484100,577.186568,3,served
998,575.526341,579.136014,577.684528,0,served
999,576.002369,579.650446,578.148673,1,served
1000,576.002369,579.466872,578.758940,2,served
1001,579.420576,585.234769,579.420576,0,served
1002,580.548792,581.573064,580.548792,3,served
1003,581.464091,583.613090,581.464091,1,served
1004,583.806124,585.199891,583.806124,3,served
1005,583.806124,589.085017,583.806124,1,served
1006,583.806124,588.470572,583.806124,2,served
1007,583.827423,586.112491,585.199891,3,served
1008,583.827423,585.999770,585.234769,0,served
1009,583.827423,590.091038,585.999770,0,served
1010,583.827423,586.982041,586.112491,3,served
1011,583.827423,587.621662,586.982041,3,served
1012,584.893067,590.258454,587.621662,3,served
1013,584.893067,590.123957,588.470572,2,served
1014,588.553238,593.025088,589.085017,1,served
1015,590.948565,591.932465,590.948565,3,served
1016,590.948565,591.937039,590.948565,0,served
1017,590.948565,591.663919,590.948565,2,served
1018,591.752204,593.435715,591.752204,2,served
1019,592.119710,592.671979,592.119710,3,served
1020,592.119710,594.130962,592.119710,0,served
1021,592.912543,594.428621,592.912543,3,served
1022,593.637514,594.840990,593.637514,1,served
1023,593.637514,595.876796,593.637514,2,served
1024,593.637514,594.335282,594.130962,0,served
1025,593.637514,597.409275,594.335282,0,served
1026,594.058466,596.294634,594.428621,3,served
1027,594.058466,596.560874,594.840990,1,served
1028,595.264394,598.961980,595.876796,2,served
1029,595.264394,596.419842,596.294634,3,served
1030,596.580629,597.229397,596.580629,3,served
1031,598.039731,599.672900,598.039731,3,served
1032,598.039731,598.258801,598.039731,0,served
1033,598.039731,598.327547,598.039731,1,served
1034,598.039731,599.791816,598.258801,0,served
1035,600.702153,602.340107,600.702153,3,served
1036,600.838394,602.258503,600.838394,0,served
1037,601.063321,608.661746,601.063321,1,served
1038,601.448274,606.415412,601.448274,2,served
1039,601.514067,602.917090,602.258503,0,served
1040,601.826533,602.394043,602.340107,3,served
1041,601.826533,603.335024,602.394043,3,served
1042,601.826533,603.487666,602.917090,0,served
1043,605.107033,605.995678,605.107033,3,served
1044,605.107033,605.413331,605.107033,0,served
1045,605.547024,606.244637,605.547024,0,served
1046,605.547024,608.426984,605.995678,3,served
1047,607.367516,607.665810,607.367516,0,served
1048,607.367516,608.209093,607.367516,2,served
1049,607.819956,614.628236,607.819956,0,served
1050,607.989186,613.239017,608.209093,2,served
1051,607.989186,608.756026,608.426984,3,served
1052,607.989186,613.796826,608.661746,1,served
1053,609.475998,610.202315,609.475998,3,served
1054,612.358311,612.618688,612.358311,3,served
1055,612.380265,614.523321,612.618688,3,served
1056,612.380265,622.537921,613.239017,2,served
1057,612.380265,622.484083,613.796826,1,served
1058,612.380265,614.687294,614.523321,3,served
1059,615.506751,615.586784,615.506751,3,served
1060,615.950846,616.431050,615.950846,3,served
1061,617.456148,619.256459,617.456148,3,served
1062,618.343278,619.283406,618.343278,0,served
1063,618.343278,619.846953,619.256459,3,served
1064,619.185703,619.323927,619.283406,0,served
1065,619.754365,619.846863,619.754365,0,served
1066,619.754365,620.288289,619.846863,0,served
1067,619.754365,619.909948,619.846953,3,served
1068,619.754365,621.090669,619.909948,3,served
1069,620.964161,624.725558,620.964161,0,served
1070,620.964161,622.821115,621.090669,3,served
1071,620.964161,622.617320,622.484083,1,served
1072,621.145999,623.403247,622.537921,2,served
1073,621.145999,629.738015,622.617320,1,served
1074,621.432553,622.850673,622.821115,3,served
1075,621.432553,624.035415,622.850673,3,served
1076,621.432553,624.177844,623.403247,2,served
1077,621.432553,625.297729,624.035415,3,served
1078,622.167756,624.539948,624.177844,2,served
1079,623.403714,624.912823,624.539948,2,served
1080,623.403714,624.807978,624.725558,0,served
1081,624.506970,624.924749,624.807978,0,served
1082,633.442462,634.174591,633.442462,3,served
1083,633.898845,639.062834,633.898845,0,served
1084,637.975825,639.000979,637.975825,3,served
1085,637.975825,640.470442,637.975825,1,served
1086,638.502523,640.222585,638.502523,2,served
1087,638.502523,639.976348,639.000979,3,served
1088,638.921300,640.073777,639.062834,0,served
1089,640.103825,640.505414,640.103825,3,served
1090,640.801362,642.057365,640.801362,3,served
1091,640.855062,641.525360,640.855062,0,served
1092,640.855062,645.562341,640.855062,1,served
1093,640.855062,642.371360,640.855062,2,served
1094,641.058577,642.887446,641.525360,0,served
1095,642.065826,642.857736,642.065826,3,served
1096,642.065826,643.064752,642.371360,2,served
1097,642.158654,642.900338,642.857736,3,served
1098,642.158654,645.353064,642.887446,0,served
1099,642.158654,644.334562,642.900338,3,served
1100,642.158654,650.307787,643.064752,2,served
1101,642.158654,646.421182,644.334562,3,served
1102,642.575516,646.626803,645.353064,0,served
1103,642.575516,648.968429,645.562341,1,served
1104,644.109049,647.589395,646.421182,3,served
1105,644.109049,648.378413,646.626803,0,served
1106,644.109049,649.127106,647.589395,3,served
1107,644.109049,649.048271,648.378413,0,served
1108,644.109049,650.022311,648.968429,1,served
1109,644.695684,649.733410,649.048271,0,served
1110,645.285170,651.378579,649.127106,3,served
1111,645.285170,650.276431,649.733410,0,served
1112,645.503410,650.356712,650.022311,1,served
1113,645.503410,650.598387,650.276431,0,served
1114,648.834876,652.662698,650.307787,2,served
1115,648.834876,650.557385,650.356712,1,served
1116,653.583204,657.342717,653.583204,3,served
1117,657.340012,657.631453,657.340012,0,served
1118,657.340012,660.826421,657.340012,1,served
1119,657.340012,658.998282,657.340012,2,served
1120,663.084956,663.323099,663.084956,3,served
1121,663.084956,663.507641,663.084956,0,served
1122,663.363477,663.565942,663.363477,3,served
1123,665.524494,667.078934,665.524494,3,served
1124,665.524494,666.610052,665.524494,0,served
1125,666.984309,668.038581,666.984309,0,served
1126,667.283220,667.395743,667.283220,3,served
1127,667.283220,672.196756,667.283220,1,served
1128,667.283220,673.126417,667.283220,2,served
1129,668.010061,668.751045,668.010061,3,served
1130,668.010061,669.299492,668.038581,0,served
1131,668.906441,669.713954,668.906441,3,served
1132,668.906441,670.994239,669.299492,0,served
1133,668.906441,669.858550,669.713954,3,served
1134,671.970280,673.222137,671.970280,3,served
1135,671.970280,672.606883,671.970280,0,served
1136,671.970280,675.158689,672.196756,1,served
1137,671.970280,678.911785,672.606883,0,served
1138,671.970280,674.376605,673.126417,2,served
1139,674.892532,674.900628,674.892532,3,served
1140,675.341379,676.122829,675.341379,3,served
1141,676.187753,678.606249,676.187753,3,served
1142,676.386074,677.404348,676.386074,1,served
1143,676.658942,679.491069,676.658942,2,served
1144,677.834119,677.986071,677.834119,1,served
1145,677.875090,685.659830,677.986071,1,served
1146,680.266328,681.778720,680.266328,3,served
1147,680.986080,683.682699,680.986080,0,served
1148,682.348505,682.722828,682.348505,3,served
1149,682.348505,687.637479,682.348505,2,served
1150,682.348505,682.762356,682.722828,3,served
1151,682.348505,682.788291,682.762356,3,served
1152,684.999023,687.042038,684.999023,3,served
1153,684.999023,685.500245,684.999023,0,served
1154,687.267617,688.269427,687.267617,3,served
1155,687.267617,687.891964,687.267617,0,served
1156,688.820192,689.867113,688.820192,3,served
1157,688.820192,689.396338,688.820192,0,served
1158,688.820192,691.199346,688.820192,1,served
1159,688.820192,691.004152,688.820192,2,served
1160,689.208506,693.740388,689.396338,0,served
1161,689.230498,690.244504,689.867113,3,served
1162,689.732518,691.591095,690.244504,3,served
1163,690.812774,693.501192,691.004152,2,served
1164,690.812774,695.839488,691.199346,1,served
1165,690.812774,692.705206,691.591095,3,served
1166,691.166141,695.435931,692.705206,3,served
1167,693.879348,696.747682,693.879348,0,served
1168,696.617713,696.732974,696.617713,3,served
1169,696.659229,697.983615,696.659229,1,served
1170,696.659229,696.764229,696.659229,2,served
1171,696.659229,697.898245,696.732974,3,served
1172,697.196919,697.237826,697.196919,0,served
1173,699.195022,700.645053,699.195022,3,served
1174,699.449828,700.345764,699.449828,0,served
1175,699.449828,700.791135,699.449828,1,served
1176,703.192743,703.413972,703.192743,3,served
1177,703.192743,705.013234,703.192743,0,served
1178,703.249422,706.419998,703.249422,1,served
1179,704.714694,704.967448,704.714694,3,served
1180,704.858608,704.973981,704.858608,2,served
1181,705.862288,706.488325,705.862288,3,served
1182,705.862288,705.981580,705.862288,0,served
1183,705.862288,708.935678,705.862288,2,served
1184,705.862288,706.761031,705.981580,0,served
1185,705.862288,707.147570,706.419998,1,served
1186,705.862288,706.787496,706.488325,3,served
1187,705.862288,708.898818,706.761031,0,served
1188,705.862288,707.256979,706.787496,3,served
1189,706.557340,709.273355,707.147570,1,served
1190,708.477889,709.197948,708.477889,3,served
1191,708.477889,710.147307,708.898818,0,served
1192,708.735617,710.002245,708.935678,2,served
1193,708.735617,710.857192,709.197948,3,served
1194,709.247987,718.157161,709.273355,1,served
1195,710.605059,710.864001,710.605059,0,served
1196,710.605059,716.331753,710.605059,2,served
1197,711.713751,712.111822,711.713751,3,served
1198,711.971673,712.419128,711.971673,0,served
1199,711.971673,712.594417,712.111822,3,served
1200,711.971673,712.616878,712.419128,0,served
1201,712.132946,713.481722,712.594417,3,served
1202,712.132946,714.894964,712.616878,0,served
1203,712.132946,714.136161,713.481722,3,served
1204,712.688765,716.250887,714.136161,3,served
1205,712.688765,715.072823,714.894964,0,served
1206,714.941289,715.140081,715.072823,0,served
1207,714.941289,718.115508,715.140081,0,served
1208,715.244018,719.876890,716.250887,3,served
1209,715.244018,716.356196,716.331753,2,served
1210,715.695973,725.510665,716.356196,2,served
1211,715.808716,718.565181,718.115508,0,served
1212,715.808716,720.932944,718.157161,1,served
1213,717.346694,719.183447,718.565181,0,served
1214,717.449378,719.891481,719.183447,0,served
1215,717.449378,720.576154,719.876890,3,served
1216,717.449378,721.266386,719.891481,0,served
1217,717.449378,723.432924,720.576154,3,served
1218,721.920657,723.396607,721.920657,0,served
1219,721.920657,728.291238,721.920657,1,served
1220,722.154952,725.929477,723.396607,0,served
1221,722.154952,724.765429,723.432924,3,served
1222,722.414759,726.074160,724.765429,3,served
1223,722.414759,726.020535,725.510665,2,served
1224,722.640511,729.311126,725.929477,0,served
1225,722.640511,727.934161,726.020535,2,served
1226,726.131146,726.679585,726.131146,3,served
1227,726.131146,727.867819,726.679585,3,served
1228,729.370243,731.644735,729.370243,3,served
1229,729.794306,729.923401,729.794306,0,served
1230,731.908840,732.279482,731.908840,3,served
1231,733.678675,734.128416,733.678675,3,served
1232,733.678675,734.847868,733.678675,0,served
1233,735.820502,736.304345,735.820502,3,served
1234,736.229422,739.064391,736.229422,0,served
1235,738.906345,740.121968,738.906345,3,served
1236,738.906345,739.958931,738.906345,1,served
1237,743.014953,743.461714,743.014953,3,served
1238,743.014953,743.592062,743.014953,0,served
1239,744.137548,746.136989,744.137548,3,served
1240,744.137548,746.516306,744.137548,0,served
1241,745.430525,749.309050,745.430525,1,served
1242,745.430525,746.438461,745.430525,2,served
1243,745.430525,746.790369,746.136989,3,served
1244,745.430525,761.760807,746.438461,2,served
1245,746.288386,746.933775,746.516306,0,served
1246,748.219405,749.382478,748.219405,3,served
1247,749.647519,751.340621,749.647519,3,served
1248,749.647519,749.955138,749.647519,0,served
1249,749.647519,752.000368,749.647519,1,served
1250,749.647519,755.784463,749.955138,0,served
1251,749.920860,753.484326,751.340621,3,served
1252,749.920860,757.159226,752.000368,1,served
1253,751.831841,754.303698,753.484326,3,served
1254,753.673750,754.547810,754.303698,3,served
1255,753.673750,755.117439,754.547810,3,served
1256,754.348940,755.925716,755.117439,3,served
1257,754.348940,755.924851,755.784463,0,served
1258,754.348940,757.555170,755.924851,0,served
1259,754.352935,755.960268,755.925716,3,served
1260,754.352935,756.878286,755.960268,3,served
1261,754.352935,758.452790,756.878286,3,served
1262,755.258726,757.755798,757.159226,1,served
1263,755.258726,758.068843,757.555170,0,served
1264,755.258726,761.042621,757.755798,1,served
1265,755.368706,758.891705,758.068843,0,served
1266,755.368706,760.105490,758.452790,3,served
1267,756.700956,764.538533,758.891705,0,served
1268,756.935067,760.396710,760.105490,3,served
1269,756.935067,763.047283,760.396710,3,served
1270,757.328700,766.673345,761.042621,1,served
1271,757.328700,763.379196,761.760807,2,served
1272,757.866970,763.991403,763.047283,3,served
1273,757.866970,764.419799,763.379196,2,served
1274,757.866970,764.234769,763.991403,3,served
1275,758.848650,765.104215,764.234769,3,served
1276,758.951685,770.526418,764.419799,2,served
1277,760.556430,764.851222,764.538533,0,served
1278,763.028973,765.378922,764.851222,0,served
1279,763.028973,766.057586,765.104215,3,served
1280,763.028973,770.853564,765.378922,0,served
1281,763.248248,767.319835,766.057586,3,served
1282,763.248248,774.824976,766.673345,1,served
1283,765.032877,768.752201,767.319835,3,served
1284,766.712426,770.174897,768.752201,3,served
1285,767.729621,770.185615,770.174897,3,served
1286,768.758854,774.922159,770.185615,3,served
1287,768.758854,774.000725,770.526418,2,served
1288,770.229540,773.138983,770.853564,0,served
1289,770.257892,774.265446,773.138983,0,served
1290,773.469883,784.057002,774.000725,2,served
1291,773.469883,774.394193,774.265446,0,served
1292,774.957362,775.605640,774.957362,3,served
1293,776.454539,778.349809,776.454539,3,served
1294,776.454539,778.659829,776.454539,0,served
1295,776.900371,779.196792,776.900371,1,served
1296,777.595237,778.651512,778.349809,3,served
1297,777.595237,779.855936,778.651512,3,served
1298,778.539884,780.282314,778.659829,0,served
1299,778.539884,780.129792,779.196792,1,served
1300,780.438495,780.889297,780.438495,3,served
1301,781.853798,782.011969,781.853798,3,served
1302,786.391591,786.715115,786.391591,3,served
1303,786.391591,786.685269,786.391591,0,served
1304,787.429066,788.243528,787.429066,3,served
1305,787.429066,789.258190,787.429066,0,served
1306,788.413359,789.909267,788.413359,3,served
1307,791.075542,791.653128,791.075542,3,served
1308,792.053384,792.968866,792.053384,3,served
1309,792.053384,792.732291,792.053384,0,served
1310,792.151391,792.590301,792.151391,1,served
1311,792.151391,793.172968,792.151391,2,served
1312,793.218640,793.481975,793.218640,3,served
1313,793.218640,796.851901,793.218640,0,served
1314,793.218640,795.739382,793.218640,1,served
1315,793.218640,793.752820,793.218640,2,served
1316,793.218640,796.085012,793.481975,3,served
1317,793.218640,794.436627,793.752820,2,served
1318,794.235520,796.530416,794.436627,2,served
1319,794.235520,797.736234,795.739382,1,served
1320,794.235520,796.917499,796.085012,3,served
1321,794.405910,796.810935,796.530416,2,served
1322,794.405910,797.035151,796.810935,2,served
1323,794.405910,797.443370,796.851901,0,served
1324,796.777704,798.725540,796.917499,3,served
1325,799.355047,799.503913,799.355047,3,served
1326,799.355047,801.530534,799.355047,0,served
1327,801.076454,801.763865,801.076454,3,served
1328,801.076454,805.981821,801.076454,1,served
1329,801.076454,802.649509,801.076454,2,served
1330,801.076454,805.773477,801.530534,0,served
1331,801.076454,803.007915,801.763865,3,served
1332,805.139261,805.169310,805.139261,3,served
1333,805.139261,806.961512,805.139261,2,served
1334,805.139261,805.214983,805.169310,3,served
1335,805.139261,806.004330,805.214983,3,served
1336,805.209254,808.839101,805.773477,0,served
1337,805.209254,806.916513,805.981821,1,served
1338,805.209254,806.386889,806.004330,3,served
1339,806.181975,807.403942,806.386889,3,served
1340,806.181975,809.507920,806.916513,1,served
1341,806.181975,808.539784,806.961512,2,served
1342,806.181975,808.018249,807.403942,3,served
1343,806.181975,808.099082,808.018249,3,served
1344,806.181975,808.612948,808.099082,3,served
1345,806.181975,812.719574,808.539784,2,served
1346,807.173274,808.645961,808.612948,3,served
1347,807.587813,809.310554,808.645961,3,served
1348,808.869542,809.529507,808.869542,0,served
1349,808.869542,809.558399,809.310554,3,served
1350,808.869542,810.429099,809.507920,1,served
1351,809.159042,809.555810,809.529507,0,served
1352,809.535573,810.428247,809.555810,0,served
1353,809.535573,809.668299,809.558399,3,served
1354,809.535573,810.117246,809.668299,3,served
1355,810.086976,810.147341,810.117246,3,served
1356,810.213298,810.712506,810.213298,3,served
1357,810.213298,812.145585,810.428247,0,served
1358,810.819935,811.076364,810.819935,3,served
1359,810.819935,818.365788,810.819935,1,served
1360,810.819935,811.343870,811.076364,3,served
1361,810.819935,811.564509,811.343870,3,served
1362,811.194805,811.886613,811.564509,3,served
1363,811.194805,811.959866,811.886613,3,served
1364,812.324985,814.916420,812.324985,3,served
1365,812.324985,813.621933,812.324985,0,served
1366,812.324985,817.140995,812.719574,2,served
1367,812.324985,821.605858,813.621933,0,served
1368,814.704955,815.455664,814.916420,3,served
1369,814.704955,817.005988,815.455664,3,served
1370,814.704955,818.681962,817.005988,3,served
1371,814.704955,817.505590,817.140995,2,served
1372,815.044274,818.707585,817.505590,2,served
1373,816.202813,818.701679,818.365788,1,served
1374,816.202813,819.284711,818.681962,3,served
1375,816.202813,819.319814,818.701679,1,served
1376,816.202813,820.081512,818.707585,2,served
1377,816.202813,820.120163,819.284711,3,served
1378,817.814780,822.214789,819.319814,1,served
1379,817.814780,820.368036,820.081512,2,served
1380,817.814780,820.633366,820.120163,3,served
1381,817.814780,822.856990,820.368036,2,served
1382,817.814780,820.655597,820.633366,3,served
1383,817.814780,821.171185,820.655597,3,served
1384,818.714047,821.539473,821.171185,3,served
1385,819.135610,821.572026,821.539473,3,served
1386,819.135610,822.754969,821.572026,3,served
1387,819.832598,821.699783,821.605858,0,served
1388,819.832598,822.420718,821.699783,0,served
1389,820.814755,824.541501,822.214789,1,served
1390,820.814755,822.570815,822.420718,0,served
1391,820.814755,824.324887,822.570815,0,served
1392,824.836700,825.480096,824.836700,3,served
1393,824.836700,827.425976,824.836700,0,served
1394,825.997060,827.268633,825.997060,3,served
1395,825.997060,827.008041,825.997060,1,served
1396,826.665745,828.451025,826.665745,2,served
1397,826.665745,827.302071,827.008041,1,served
1398,827.696758,829.046846,827.696758,3,served
1399,828.904184,830.222259,828.904184,0,served
1400,833.376496,833.927722,833.376496,3,served
1401,833.376496,835.486314,833.376496,0,served
1402,835.614213,836.193518,835.614213,3,served
1403,836.419692,836.848266,836.419692,3,served
1404,836.719630,838.432166,836.719630,0,served
1405,836.719630,837.380531,836.719630,1,served
1406,836.719630,838.800478,836.719630,2,served
1407,837.058179,838.177596,837.058179,3,served
1408,837.058179,838.519012,837.380531,1,served
1409,837.058179,838.536470,838.177596,3,served
1410,838.062932,838.893110,838.432166,0,served
1411,842.081052,842.745959,842.081052,3,served
1412,842.081052,844.014576,842.081052,0,served
1413,842.081052,843.624124,842.081052,1,served
1414,842.132849,854.205979,842.132849,2,served
1415,842.795514,843.414172,842.795514,3,served
1416,842.795514,843.458639,843.414172,3,served
1417,842.795514,845.880899,843.458639,3,served
1418,843.068374,844.972176,843.624124,1,served
1419,843.068374,844.157097,844.014576,0,served
1420,843.068374,844.844958,844.157097,0,served
1421,843.068374,847.641232,844.844958,0,served
1422,843.068374,847.658667,844.972176,1,served
1423,843.862109,846.534566,845.880899,3,served
1424,843.881898,847.296173,846.534566,3,served
1425,843.881898,847.310976,847.296173,3,served
1426,844.567266,847.696898,847.310976,3,served
1427,845.125154,848.734192,847.641232,0,served
1428,845.125154,850.213131,847.658667,1,served
1429,845.610553,849.287311,847.696898,3,served
1430,845.852225,848.763130,848.734192,0,served
1431,845.852225,850.001765,848.763130,0,served
1432,845.852225,849.429656,849.287311,3,served
1433,845.852225,849.622429,849.429656,3,served
1434,845.883028,851.062930,849.622429,3,served
1435,845.883028,850.331444,850.001765,0,served
1436,845.883028,854.208522,850.213131,1,served
1437,846.019052,851.044780,850.331444,0,served
1438,846.019052,851.408536,851.044780,0,served
1439,846.295272,853.628392,851.062930,3,served
1440,847.120224,851.962569,851.408536,0,served
1441,848.333008,852.173661,851.962569,0,served
1442,850.893874,853.766112,852.173661,0,served
1443,850.893874,854.992680,853.628392,3,served
1444,853.690611,855.269794,853.766112,0,served
1445,856.485278,858.186509,856.485278,3,served
1446,856.485278,856.661454,856.485278,0,served
1447,856.485278,860.255632,856.485278,1,served
1448,856.485278,865.251733,856.485278,2,served
1449,856.485278,858.112033,856.661454,0,served
1450,856.485278,858.257724,858.112033,0,served
1451,856.485278,859.679568,858.186509,3,served
1452,858.474860,861.153988,858.474860,0,served
1453,858.474860,861.777509,859.679568,3,served
1454,859.003684,861.838510,860.255632,1,served
1455,859.003684,862.565425,861.153988,0,served
1456,859.003684,862.554275,861.777509,3,served
1457,859.314299,866.706134,861.838510,1,served
1458,859.314299,863.531745,862.554275,3,served
1459,859.314299,867.208637,862.565425,0,served
1460,859.314299,866.203511,863.531745,3,served
1461,859.314299,867.603740,865.251733,2,served
1462,859.314299,866.354121,866.203511,3,served
1463,859.314299,868.306248,866.354121,3,served
1464,859.314299,869.364299,866.706134,1,served
1465,859.314299,869.778325,867.208637,0,served
1466,862.806761,871.859540,867.603740,2,served
1467,862.806761,868.835841,868.306248,3,served
1468,863.896797,869.282053,868.835841,3,served
1469,863.896797,870.506423,869.282053,3,served
1470,867.030561,872.972643,869.364299,1,served
1471,869.376627,873.420566,869.778325,0,served
1472,869.671518,871.154227,870.506423,3,served
1473,869.671518,872.094992,871.154227,3,served
1474,870.772266,873.626849,871.859540,2,served
1475,870.772266,872.317248,872.094992,3,served
1476,871.202100,874.121542,872.317248,3,served
1477,871.362653,881.312210,872.972643,1,served
1478,873.315822,876.155576,873.420566,0,served
1479,873.793371,880.729932,873.793371,2,served
1480,873.793371,875.105680,874.121542,3,served
1481,873.793371,876.595192,875.105680,3,served
1482,873.793371,877.257258,876.155576,0,served
1483,873.793371,880.572173,876.595192,3,served
1484,873.793371,877.934804,877.257258,0,served
1485,874.165863,878.185983,877.934804,0,served
1486,874.373736,883.211937,878.185983,0,served
1487,874.614164,881.658359,880.572173,3,served
1488,874.614164,882.345862,880.729932,2,served
1489,874.614164,884.431312,881.312210,1,served
1490,874.765161,882.066677,881.658359,3,served
1491,875.661532,882.617879,882.066677,3,served
1492,876.409798,893.169952,882.345862,2,served
1493,876.409798,882.725459,882.617879,3,served
1494,877.301482,885.502990,882.725459,3,served
1495,877.301482,883.863031,883.211937,0,served
1496,877.301482,884.388479,883.863031,0,served
1497,878.692496,884.660751,884.388479,0,served
1498,878.692496,893.382087,884.431312,1,served
1499,878.692496,885.219986,884.660751,0,served
1500,879.074489,886.582492,885.219986,0,served
1501,880.119582,885.731030,885.502990,3,served
1502,880.119582,888.213053,885.731030,3,served
1503,880.652829,887.260168,886.582492,0,served
1504,882.326278,887.373648,887.260168,0,served
1505,883.099118,887.735410,887.373648,0,served
1506,883.180782,887.976728,887.735410,0,served
1507,883.180782,887.980791,887.976728,0,served
1508,886.380592,888.165276,887.980791,0,served
1509,886.417911,888.560041,888.165276,0,served
1510,886.417911,888.745273,888.213053,3,served
1511,886.665337,891.838599,888.560041,0,served
1512,886.665337,893.012625,888.745273,3,served
1513,887.218429,892.032972,891.838599,0,served
1514,887.218429,892.320299,892.032972,0,served
1515,887.218429,892.763815,892.320299,0,served
1516,889.427262,894.645289,892.763815,0,served
1517,889.427262,893.121578,893.012625,3,served
1518,889.427262,894.000008,893.121578,3,served
1519,889.427262,895.089735,893.169952,2,served
1520,889.427262,896.777479,893.382087,1,served
1521,889.427262,894.524315,894.000008,3,served
1522,889.427262,896.368533,894.524315,3,served
1523,889.427262,894.716861,894.645289,0,served
1524,889.427262,897.659609,894.716861,0,served
1525,889.427262,903.118523,895.089735,2,served
1526,894.636707,897.690009,896.368533,3,served
1527,895.713164,897.819384,896.777479,1,served
1528,895.713164,898.494916,897.659609,0,served
1529,896.204538,898.960774,897.690009,3,served
1530,896.204538,897.990945,897.819384,1,served
1531,896.204538,904.206011,897.990945,1,served
1532,897.614223,901.701346,898.494916,0,served
1533,901.296084,901.385934,901.296084,3,served
1534,901.296084,901.461627,901.385934,3,served
1535,902.714016,902.838397,902.714016,3,served
1536,902.752556,903.366047,902.752556,0,served
1537,902.752556,902.979979,902.838397,3,served
1538,902.752556,904.262009,902.979979,3,served
1539,903.833583,905.313102,903.833583,0,served
1540,904.669521,905.658717,904.669521,3,served
1541,904.669521,909.277949,904.669521,1,served
1542,904.669521,905.172241,904.669521,2,served
1543,904.669521,905.878888,905.172241,2,served
1544,904.669521,906.562784,905.313102,0,served
1545,904.669521,905.749366,905.658717,3,served
1546,905.428601,907.980301,905.749366,3,served
1547,907.047879,912.681140,907.047879,0,served
1548,907.047879,907.849366,907.047879,2,served
1549,907.047879,911.757859,907.849366,2,served
1550,907.047879,908.445407,907.980301,3,served
1551,907.047879,909.722747,908.445407,3,served
1552,907.194465,910.040497,909.277949,1,served
1553,907.194465,910.043221,909.722747,3,served
1554,907.208558,911.728819,910.040497,1,served
1555,908.820747,914.641697,910.043221,3,served
1556,909.526405,912.433570,911.728819,1,served
1557,909.854247,913.599518,911.757859,2,served
1558,909.854247,913.723968,912.433570,1,served
1559,909.854247,913.147228,912.681140,0,served
1560,909.854247,914.426338,913.147228,0,served
1561,909.854247,914.483649,913.599518,2,served
1562,909.854247,915.338256,913.723968,1,served
1563,909.854247,914.885909,914.426338,0,served
1564,914.229546,914.493806,914.483649,2,served
1565,914.324840,915.189807,914.493806,2,served
1566,916.406545,916.638644,916.406545,3,served
1567,916.411191,916.533734,916.411191,0,served
1568,916.411191,916.743593,916.411191,1,served
1569,916.411191,924.494410,916.411191,2,served
1570,916.774947,919.118848,916.774947,3,served
1571,918.387110,919.232681,918.387110,0,served
1572,918.387110,919.745583,918.387110,1,served
1573,921.970194,925.598837,921.970194,3,served
1574,923.584915,926.209096,923.584915,0,served
1575,923.584915,928.931946,923.584915,1,served
1576,923.584915,926.217061,924.494410,2,served
1577,923.584915,925.657405,925.598837,3,served
1578,923.584915,925.962001,925.657405,3,served
1579,925.319289,926.755527,925.962001,3,served
1580,925.319289,927.396582,926.209096,0,served
1581,925.319289,926.698066,926.217061,2,served
1582,925.475423,927.815965,926.698066,2,served
1583,925.475423,927.505257,926.755527,3,served
1584,925.475423,930.595326,927.396582,0,served
1585,925.475423,930.236278,927.505257,3,served
1586,925.950891,928.882232,927.815965,2,served
1587,926.705800,929.847216,928.882232,2,served
1588,926.866094,929.100627,928.931946,1,served
1589,927.662724,932.207162,929.100627,1,served
1590,927.726285,936.350763,929.847216,2,served
1591,927.726285,931.140238,930.236278,3,served
1592,927.726285,934.351305,930.595326,0,served
1593,927.726285,931.578667,931.140238,3,served
1594,928.802388,932.859480,931.578667,3,served
1595,928.802388,936.620629,932.207162,1,served
1596,929.821727,932.998793,932.859480,3,served
1597,930.627125,934.920438,932.998793,3,served
1598,930.627125,934.494903,934.351305,0,served
1599,931.659719,934.862747,934.494903,0,served
1600,931.659719,934.914388,934.862747,0,served
1601,933.600951,936.849285,934.914388,0,served
1602,933.600951,935.725956,934.920438,3,served
1603,933.600951,935.944487,935.725956,3,served
1604,933.600951,937.215409,935.944487,3,served
1605,933.703350,938.699587,936.350763,2,served
1606,933.703350,937.657246,936.620629,1,served
1607,936.217163,938.538032,936.849285,0,served
1608,936.542679,937.403426,937.215409,3,served
1609,936.542679,938.972201,937.403426,3,served
1610,936.542679,937.810543,937.657246,1,served
1611,936.542679,939.802602,937.810543,1,served
1612,938.337526,940.291552,938.538032,0,served
1613,939.112237,939.492198,939.112237,3,served
1614,941.032338,941.225352,941.032338,3,served
1615,941.032338,941.895865,941.032338,0,served
1616,942.021508,942.129997,942.021508,3,served
1617,942.021508,943.175098,942.021508,0,served
1618,942.021508,943.749103,942.021508,1,served
1619,942.220296,943.229261,942.220296,3,served
1620,942.837866,942.845125,942.837866,2,served
1621,944.107762,945.198112,944.107762,3,served
1622,944.107762,944.575399,944.107762,0,served
1623,944.922353,945.984052,944.922353,0,served
1624,947.392446,950.403171,947.392446,3,served
1625,947.392446,947.924412,947.392446,0,served
1626,948.424381,951.541257,948.424381,0,served
1627,948.853354,950.701062,948.853354,1,served
1628,951.088789,952.966424,951.088789,3,served
1629,951.088789,954.319810,951.088789,1,served
1630,951.513823,952.189716,951.513823,2,served
1631,951.760164,955.686411,951.760164,0,served
1632,951.760164,955.486272,952.189716,2,served
1633,951.760164,954.735474,952.966424,3,served
1634,951.760164,956.779607,954.319810,1,served
1635,951.760164,956.917948,954.735474,3,served
1636,952.793074,956.517714,955.486272,2,served
1637,952.972599,956.275838,955.686411,0,served
1638,953.754730,956.559107,956.275838,0,served
1639,953.754730,965.136711,956.517714,2,served
1640,953.780471,959.325035,956.559107,0,served
1641,954.154389,961.350847,956.779607,1,served
1642,958.919482,959.812868,958.919482,3,served
1643,959.139099,961.009105,959.325035,0,served
1644,959.139099,960.906659,959.812868,3,served
1645,959.139099,961.586764,960.906659,3,served
1646,960.555265,961.681158,961.009105,0,served
1647,961.495403,965.769760,961.495403,1,served
1648,962.380354,963.157016,962.380354,3,served
1649,962.380354,964.124006,962.380354,0,served
1650,962.380354,964.013495,963.157016,3,served
1651,962.600445,964.516364,964.013495,3,served
1652,962.600445,964.422509,964.124006,0,served
1653,968.138271,969.137966,968.138271,3,served
1654,970.119044,970.322293,970.119044,3,served
1655,970.651309,972.675345,970.651309,3,served
1656,970.651309,971.549461,970.651309,0,served
1657,970.651309,972.197484,970.651309,1,served
1658,971.394722,977.595830,971.394722,2,served
1659,972.222808,972.521902,972.222808,0,served
1660,983.901923,984.398984,983.901923,3,served
1661,983.901923,984.985506,983.901923,0,served
1662,983.901923,984.133520,983.901923,1,served
1663,984.005964,987.270058,984.005964,2,served
1664,984.559236,986.498087,984.559236,3,served
1665,985.454526,986.314924,985.454526,0,served
1666,985.454526,989.520045,985.454526,1,served
1667,985.454526,987.481218,986.314924,0,served
1668,985.454526,987.379496,986.498087,3,served
1669,985.454526,988.894340,987.270058,2,served
1670,985.454526,987.719910,987.379496,3,served
1671,987.275226,987.871439,987.481218,0,served
1672,987.631607,990.145697,987.719910,3,served
1673,989.577881,991.071370,989.577881,0,served
1674,989.577881,991.879169,989.577881,1,served
1675,989.577881,990.002545,989.577881,2,served
1676,989.577881,994.238826,990.002545,2,served
1677,989.577881,992.479548,990.145697,3,served
1678,989.577881,991.077608,991.071370,0,served
1679,989.577881,991.991823,991.077608,0,served
1680,989.577881,992.578046,991.879169,1,served
1681,989.577881,992.315633,991.991823,0,served
1682,990.458867,992.812611,992.315633,0,served
1683,990.458867,993.642693,992.479548,3,served
1684,990.853352,1001.182880,992.578046,1,served
1685,990.853352,992.823467,992.812611,0,served
1686,992.633047,993.313330,992.823467,0,served
1687,992.633047,995.601463,993.313330,0,served
1688,998.582661,1000.003853,998.582661,3,served
1689,1001.126584,1001.159367,1001.126584,3,served
1690,1001.126584,1003.411251,1001.126584,0,served
1691,1001.126584,1002.676308,1001.126584,2,served
1692,1002.112891,1003.611393,1002.112891,3,served
1693,1002.112891,1002.258071,1002.112891,1,served
1694,1003.406267,1003.586863,1003.406267,1,served
1695,1004.385550,1004.442971,1004.385550,3,served
1696,1004.801210,1005.072628,1004.801210,3,served
1697,1004.801210,1006.080211,1004.801210,0,served
1698,1005.762280,1005.907360,1005.762280,3,served
1699,1005.762280,1007.979848,1005.762280,1,served
1700,1005.905943,1007.513404,1005.905943,2,served
1701,1005.905943,1005.955060,1005.907360,3,served
1702,1006.005138,1006.323473,1006.005138,3,served
1703,1007.618783,1008.540411,1007.618783,3,served
1704,1008.824471,1009.288359,1008.824471,3,served
1705,1008.879294,1008.899257,1008.879294,0,served
1706,1008.879294,1008.977347,1008.879294,1,served
1707,1008.879294,1011.104421,1008.879294,2,served
1708,1009.024687,1011.462044,1009.024687,0,served
1709,1009.183062,1012.792502,1009.183062,1,served
1710,1009.183062,1010.142012,1009.288359,3,served
1711,1009.183062,1012.020340,1010.142012,3,served
1712,1009.183062,1015.217640,1011.104421,2,served
1713,1011.293650,1013.884671,1011.462044,0,served
1714,1011.293650,1012.125066,1012.020340,3,served
1715,1011.890669,1014.495596,1012.125066,3,served
1716,1012.392501,1021.174043,1012.792502,1,served
1717,1015.347693,1015.469588,1015.347693,3,served
1718,1016.395432,1016.657017,1016.395432,3,served
1719,1016.395432,1016.439977,1016.395432,0,served
1720,1019.138817,1019.568259,1019.138817,3,served
1721,1020.022915,1020.396425,1020.022915,3,served
1722,1023.104598,1023.199633,1023.104598,3,served
1723,1024.975084,1025.776087,1024.975084,3,served
1724,1025.291968,1027.855849,1025.291968,0,served
1725,1025.647315,1028.900530,1025.647315,1,served
1726,1025.647315,1029.306927,1025.647315,2,served
1727,1025.647315,1025.970231,1025.776087,3,served
1728,1028.555894,1029.789263,1028.555894,3,served
1729,1028.939146,1030.326809,1028.939146,0,served
1730,1029.090507,1031.439930,1029.090507,1,served
1731,1029.682087,1031.553072,1029.682087,2,served
1732,1029.682087,1030.978578,1029.789263,3,served
1733,1029.682087,1030.944676,1030.326809,0,served
1734,1029.682087,1032.793902,1030.944676,0,served
1735,1030.971309,1032.315814,1030.978578,3,served
1736,1031.015805,1040.439733,1031.439930,1,served
1737,1031.015805,1035.715604,1031.553072,2,served
1738,1031.015805,1032.400359,1032.315814,3,served
1739,1031.552848,1034.168525,1032.400359,3,served
1740,1031.806396,1034.122870,1032.793902,0,served
1741,1031.806396,1036.200712,1034.122870,0,served
1742,1031.806396,1034.880150,1034.168525,3,served
1743,1031.806396,1035.694197,1034.880150,3,served
1744,1031.806396,1036.044457,1035.694197,3,served
1745,1031.806396,1039.076723,1035.715604,2,served
1746,1031.806396,1036.486946,1036.044457,3,served
1747,1031.806396,1036.584857,1036.200712,0,served
1748,1035.688297,1037.008392,1036.486946,3,served
1749,1035.688297,1037.381497,1036.584857,0,served
1750,1035.688297,1037.518431,1037.008392,3,served
1751,1036.861133,1040.144833,1037.381497,0,served
1752,1036.861133,1038.657006,1037.518431,3,served
1753,1040.673709,1041.478051,1040.673709,3,served
1754,1040.740772,1040.809637,1040.740772,0,served
1755,1041.301946,1043.157996,1041.301946,0,served
1756,1045.457542,1045.796273,1045.457542,3,served
1757,1045.457542,1048.911357,1045.457542,0,served
1758,1045.457542,1050.358683,1045.457542,1,served
1759,1046.597708,1046.712427,1046.597708,3,served
1760,1046.597708,1046.777205,1046.597708,2,served
1761,1046.597708,1047.241616,1046.712427,3,served
1762,1046.751713,1048.320558,1046.777205,2,served
1763,1046.751713,1050.351782,1047.241616,3,served
1764,1046.751713,1049.412967,1048.320558,2,served
1765,1046.751713,1049.243088,1048.911357,0,served
1766,1049.490228,1050.160192,1049.490228,0,served
1767,1049.490228,1058.384317,1049.490228,2,served
1768,1049.490228,1051.762643,1050.160192,0,served
1769,1049.532888,1051.249832,1050.351782,3,served
1770,1050.476887,1054.746590,1050.476887,1,served
1771,1050.664609,1051.845635,1051.249832,3,served
1772,1050.664609,1053.356177,1051.762643,0,served
1773,1050.785147,1053.970071,1051.845635,3,served
1774,1050.785147,1054.551994,1053.356177,0,served
1775,1051.170587,1056.410744,1053.970071,3,served
1776,1051.617972,1058.296641,1054.551994,0,served
1777,1051.617972,1059.146092,1054.746590,1,served
1778,1051.617972,1058.671508,1056.410744,3,served
1779,1052.358690,1058.761208,1058.296641,0,served
1780,1052.358690,1064.940085,1058.384317,2,served
1781,1052.363459,1059.711242,1058.671508,3,served
1782,1052.363459,1060.048850,1058.761208,0,served
1783,1052.363459,1064.146155,1059.146092,1,served
1784,1052.363459,1060.720815,1059.711242,3,served
1785,1054.291835,1060.569613,1060.048850,0,served
1786,1054.291835,1062.869257,1060.569613,0,served
1787,1054.291835,1061.455923,1060.720815,3,served
1788,1054.291835,1062.573124,1061.455923,3,served
1789,1054.291835,1062.941343,1062.573124,3,served
1790,1054.632951,1064.215532,1062.869257,0,served
1791,1054.632951,1065.193183,1062.941343,3,served
1792,1054.632951,1091.518013,1064.146155,1,served
1793,1058.383452,1070.071491,1064.215532,0,served
1794,1058.968173,1085.681626,1064.940085,2,served
1795,1059.432552,1065.662616,1065.193183,3,served
1796,1059.432552,1066.498519,1065.662616,3,served
1797,1062.028589,1067.390568,1066.498519,3,served
1798,1062.028589,1068.082594,1067.390568,3,served
1799,1062.028589,1069.813793,1068.082594,3,served
1800,1062.628746,1070.624580,1069.813793,3,served
1801,1062.847706,1071.326758,1070.071491,0,served
1802,1062.847706,1071.832706,1070.624580,3,served
1803,1062.847706,1071.429202,1071.326758,0,served
1804,1062.883335,1074.729043,1071.429202,0,served
1805,1062.883335,1073.690763,1071.832706,3,served
1806,1062.883335,1074.782052,1073.690763,3,served
1807,1062.883335,1076.381078,1074.729043,0,served
1808,1063.151785,1076.828614,1074.782052,3,served
1809,1063.151785,1077.520806,1076.381078,0,served
1810,1063.295257,1077.261782,1076.828614,3,served
1811,1063.890343,1078.092879,1077.261782,3,served
1812,1066.479936,1080.667148,1077.520806,0,served
1813,1067.004932,1078.169709,1078.092879,3,served
1814,1067.204471,1078.188422,1078.169709,3,served
1815,1068.976898,1078.688268,1078.188422,3,served
1816,1069.601516,1078.963640,1078.688268,3,served
1817,1071.482739,1079.500856,1078.963640,3,served
1818,1071.482739,1079.985282,1079.500856,3,served
1819,1071.482739,1080.010231,1079.985282,3,served
1820,1072.320154,1080.660399,1080.010231,3,served
1821,1072.320154,1080.999319,1080.660399,3,served
1822,1072.320154,1083.011588,1080.667148,0,served
1823,1072.320154,1081.898021,1080.999319,3,served
1824,1072.320154,1082.672728,1081.898021,3,served
1825,1072.320154,1083.240451,1082.672728,3,served
1826,1074.451392,1084.016753,1083.011588,0,served
1827,1074.451392,1084.601829,1083.240451,3,served
1828,1074.821483,1084.142091,1084.016753,0,served
1829,1075.017159,1085.165506,1084.142091,0,served
1830,1075.494314,1086.020267,1084.601829,3,served
1831,1075.494314,1085.364276,1085.165506,0,served
1832,1075.494314,1085.956428,1085.364276,0,served
1833,1075.619147,1092.571847,1085.681626,2,served
1834,1076.740389,1087.883226,1085.956428,0,served
1835,1077.514859,1086.361877,1086.020267,3,served
1836,1077.514859,1088.431179,1086.361877,3,served
1837,1078.027978,1088.461186,1087.883226,0,served
1838,1078.027978,1088.553837,1088.431179,3,served
1839,1078.027978,1089.310728,1088.461186,0,served
1840,1078.027978,1090.746167,1088.553837,3,served
1841,1078.125679,1089.382682,1089.310728,0,served
1842,1078.125679,1090.277377,1089.382682,0,served
1843,1078.900615,1090.398336,1090.277377,0,served
1844,1078.900615,1092.470171,1090.398336,0,served
1845,1079.020077,1093.000340,1090.746167,3,served
1846,1082.884860,1091.655387,1091.518013,1,served
1847,1085.167617,1106.371777,1091.655387,1,served
1848,1087.240293,1093.266712,1092.470171,0,served
1849,1087.707660,1092.865854,1092.571847,2,served
1850,1088.582824,1094.378380,1092.865854,2,served
1851,1088.582824,1094.141918,1093.000340,3,served
1852,1089.172450,1095.318754,1093.266712,0,served
1853,1089.789727,1094.799109,1094.141918,3,served
1854,1089.913260,1095.022130,1094.378380,2,served
1855,1092.247047,1095.456691,1094.799109,3,served
1856,1092.247047,1100.228740,1095.022130,2,served
1857,1092.247047,1096.182377,1095.318754,0,served
1858,1092.780970,1095.948451,1095.456691,3,served
1859,1093.838900,1097.318340,1095.948451,3,served
1860,1094.076389,1097.930408,1096.182377,0,served
1861,1094.337086,1097.513700,1097.318340,3,served
1862,1094.431491,1097.794948,1097.513700,3,served
1863,1094.431491,1098.105426,1097.794948,3,served
1864,1094.431491,1097.980056,1097.930408,0,served
1865,1094.431491,1098.835421,1097.980056,0,served
1866,1094.431491,1098.436671,1098.105426,3,served
1867,1094.431491,1098.545034,1098.436671,3,served
1868,1094.431491,1099.559711,1098.545034,3,served
1869,1096.831490,1099.719203,1098.835421,0,served
1870,1098.063809,1101.724913,1099.559711,3,served
1871,1098.926247,1100.917231,1099.719203,0,served
1872,1098.926247,1102.589145,1100.228740,2,served
1873,1098.926247,1101.606156,1100.917231,0,served
1874,1100.633472,1101.981616,1101.606156,0,served
1875,1100.633472,1103.054243,1101.724913,3,served
1876,1100.633472,1103.492301,1101.981616,0,served
1877,1101.984086,1103.967816,1102.589145,2,served
1878,1101.984086,1103.428822,1103.054243,3,served
1879,1101.984086,1103.624916,1103.428822,3,served
1880,1102.593905,1106.746289,1103.492301,0,served
1881,1102.593905,1104.353568,1103.624916,3,served
1882,1105.089270,1106.346326,1105.089270,3,served
1883,1105.089270,1108.196710,1105.089270,2,served
1884,1105.964479,1107.410472,1106.346326,3,served
1885,1107.532725,1109.085526,1107.532725,3,served
1886,1109.898710,1111.159359,1109.898710,3,served
1887,1109.898710,1117.712057,1109.898710,0,served
1888,1109.898710,1110.556326,1109.898710,1,served
1889,1109.898710,1111.755207,1109.898710,2,served
1890,1111.425184,1111.707494,1111.425184,3,served
1891,1111.425184,1111.920657,1111.425184,1,served
1892,1112.411194,1112.762896,1112.411194,3,served
1893,1112.707627,1120.804638,1112.707627,1,served
1894,1112.707627,1114.787590,1112.707627,2,served
1895,1112.707627,1113.494809,1112.762896,3,served
1896,1112.707627,1114.663566,1113.494809,3,served
1897,1113.288787,1117.285584,1114.663566,3,served
1898,1115.112585,1119.529140,1115.112585,2,served
1899,1115.112585,1117.594032,1117.285584,3,served
1900,1115.937531,1118.129515,1117.594032,3,served
1901,1117.364463,1119.190578,1117.712057,0,served
1902,1124.741349,1126.313685,1124.741349,3,served
1903,1124.741349,1125.085230,1124.741349,0,served
1904,1124.741349,1124.961931,1124.741349,1,served
1905,1125.835150,1126.137098,1125.835150,0,served
1906,1125.835150,1129.864047,1125.835150,1,served
1907,1126.793415,1127.387562,1126.793415,3,served
1908,1126.793415,1128.174673,1126.793415,0,served
1909,1126.793415,1127.050421,1126.793415,2,served
1910,1127.561554,1127.637158,1127.561554,3,served
1911,1127.899193,1130.329741,1127.899193,3,served
1912,1127.899193,1129.677349,1127.899193,2,served
1913,1129.513002,1129.708179,1129.513002,0,served
1914,1129.513002,1131.621614,1129.677349,2,served
1915,1129.513002,1129.787949,1129.708179,0,served
1916,1129.541255,1135.076330,1129.787949,0,served
1917,1129.541255,1136.110102,1129.864047,1,served
1918,1130.006969,1132.117006,1130.329741,3,served
1919,1130.006969,1138.285040,1131.621614,2,served
1920,1130.006969,1133.489329,1132.117006,3,served
1921,1130.006969,1133.867887,1133.489329,3,served
1922,1131.535175,1133.991701,1133.867887,3,served
1923,1131.535175,1134.325578,1133.991701,3,served
1924,1131.535175,1135.218708,1134.325578,3,served
1925,1131.564264,1135.965771,1135.076330,0,served
1926,1132.601860,1138.569729,1135.218708,3,served
1927,1132.601860,1136.295947,1135.965771,0,served
1928,1132.601860,1137.012423,1136.110102,1,served
1929,1132.601860,1137.660024,1136.295947,0,served
1930,1133.123260,1143.131607,1137.012423,1,served
1931,1133.123260,1138.567063,1137.660024,0,served
1932,1136.266951,1138.425618,1138.285040,2,served
1933,1136.942845,1139.922518,1138.425618,2,served
1934,1137.957606,1138.978349,1138.567063,0,served
1935,1139.222952,1140.464790,1139.222952,3,served
1936,1139.510805,1139.849913,1139.510805,0,served
1937,1139.510805,1139.967986,1139.849913,0,served
1938,1139.578794,1144.472584,1139.922518,2,served
1939,1140.680467,1140.780952,1140.680467,3,served
1940,1141.579267,1143.237340,1141.579267,3,served
1941,1142.925773,1146.686448,1142.925773,0,served
1942,1144.283323,1144.447990,1144.283323,3,served
1943,1144.690557,1145.037721,1144.690557,3,served
1944,1145.409760,1145.651379,1145.409760,3,served
1945,1145.409760,1148.847969,1145.409760,1,served
1946,1145.409760,1150.969319,1145.409760,2,served
1947,1145.439525,1147.131972,1145.651379,3,served
1948,1150.854694,1151.078600,1150.854694,3,served
1949,1151.146893,1151.601948,1151.146893,3,served
1950,1151.548295,1152.607492,1151.548295,0,served
1951,1151.943731,1152.194106,1151.943731,3,served
1952,1151.943731,1158.336704,1151.943731,1,served
1953,1152.697399,1154.274692,1152.697399,3,served
1954,1153.268920,1153.828067,1153.268920,0,served
1955,1153.372307,1157.933772,1153.372307,2,served
1956,1155.420360,1155.687344,1155.420360,3,served
1957,1155.986677,1156.224480,1155.986677,3,served
1958,1156.301924,1159.191871,1156.301924,3,served
1959,1156.301924,1163.965617,1156.301924,0,served
1960,1156.451536,1159.027833,1157.933772,2,served
1961,1156.634135,1159.344116,1158.336704,1,served
1962,1157.920446,1163.901675,1159.027833,2,served
1963,1163.117015,1163.904672,1163.117015,3,served
1964,1163.610491,1163.966664,1163.610491,1,served
1965,1164.216450,1165.073204,1164.216450,3,served
1966,1164.216450,1164.876640,1164.216450,0,served
1967,1164.216450,1167.027382,1164.216450,1,served
1968,1164.216450,1164.973770,1164.216450,2,served
1969,1167.335615,1167.585445,1167.335615,3,served
1970,1167.335615,1167.422686,1167.335615,0,served
1971,1168.781583,1170.015784,1168.781583,3,served
1972,1168.781583,1171.028578,1168.781583,0,served
1973,1171.641310,1172.401899,1171.641310,3,served
1974,1171.641310,1176.578885,1171.641310,0,served
1975,1171.641310,1177.258880,1171.641310,1,served
1976,1171.641310,1178.693265,1171.641310,2,served
1977,1171.641310,1173.244143,1172.401899,3,served
1978,1172.501773,1173.424504,1173.244143,3,served
1979,1172.951285,1173.919239,1173.424504,3,served
1980,1174.030154,1174.536613,1174.030154,3,served
1981,1175.365409,1175.591674,1175.365409,3,served
1982,1175.365409,1179.389515,1175.591674,3,served
1983,1179.178084,1180.199325,1179.178084,0,served
1984,1179.484362,1181.271187,1179.484362,3,served
1985,1181.127494,1182.159624,1181.127494,0,served
1986,1181.587885,1181.618346,1181.587885,3,served
1987,1182.745211,1183.560972,1182.745211,3,served
1988,1183.913236,1185.147432,1183.913236,3,served
1989,1184.462814,1184.713483,1184.462814,0,served
1990,1188.828702,1189.452024,1188.828702,3,served
1991,1189.928128,1190.632915,1189.928128,3,served
1992,1190.607950,1190.741315,1190.607950,0,served
1993,1190.607950,1191.534715,1190.607950,1,served
1994,1192.865088,1194.609029,1192.865088,3,served
1995,1192.865088,1193.901884,1192.865088,0,served
1996,1193.514764,1194.499233,1193.514764,1,served
1997,1193.514764,1194.013795,1193.514764,2,served
1998,1193.514764,1194.382605,1193.901884,0,served
1999,1193.514764,1194.950588,1194.013795,2,served
2000,1193.514764,1196.784503,1194.382605,0,served
2001,1193.932461,1201.759466,1194.499233,1,served
2002,1195.079751,1195.081272,1195.079751,3,served
2003,1201.976427,1202.995402,1201.976427,3,served
2004,1203.467167,1203.470932,1203.467167,3,served
2005,1207.298969,1207.478361,1207.298969,3,served
2006,1207.298969,1211.839144,1207.298969,0,served
2007,1207.799509,1209.126573,1207.799509,3,served
2008,1207.799509,1208.649690,1207.799509,1,served
2009,1208.091926,1208.932617,1208.091926,2,served
2010,1208.091926,1213.584089,1208.649690,1,served
2011,1208.091926,1212.327451,1208.932617,2,served
2012,1209.226647,1211.302099,1209.226647,3,served
2013,1209.925920,1212.362584,1211.302099,3,served
2014,1211.023663,1212.282417,1211.839144,0,served
2015,1211.023663,1213.929647,1212.282417,0,served
2016,1216.649655,1217.636294,1216.649655,3,served
2017,1218.036301,1218.509647,1218.036301,3,served
2018,1220.223088,1220.561166,1220.223088,3,served
2019,1220.223088,1220.573515,1220.223088,0,served
2020,1220.274950,1220.802294,1220.274950,1,served
2021,1220.274950,1226.154512,1220.274950,2,served
2022,1224.398520,1224.755244,1224.398520,3,served
2023,1224.546570,1226.714671,1224.546570,0,served
2024,1229.236738,1229.687450,1229.236738,3,served
2025,1229.236738,1229.409353,1229.236738,0,served
2026,1229.236738,1232.263153,1229.236738,1,served
2027,1229.236738,1233.228432,1229.236738,2,served
2028,1229.236738,1230.175327,1229.409353,0,served
2029,1229.236738,1230.018690,1229.687450,3,served
2030,1229.515079,1230.930519,1230.018690,3,served
2031,1229.515079,1230.826216,1230.175327,0,served
2032,1231.991607,1233.042940,1231.991607,3,served
2033,1232.319911,1232.988285,1232.319911,0,served
2034,1234.076827,1235.162139,1234.076827,3,served
2035,1234.076827,1234.343126,1234.076827,0,served
2036,1235.074544,1235.818794,1235.074544,0,served
2037,1237.322830,1238.873102,1237.322830,3,served
2038,1237.322830,1239.964934,1237.322830,0,served
2039,1237.434150,1241.179014,1237.434150,1,served
2040,1241.042730,1241.760592,1241.042730,3,served
2041,1241.783716,1243.016748,1241.783716,3,served
2042,1242.772308,1243.754940,1242.772308,0,served
2043,1243.598476,1244.506742,1243.598476,3,served
2044,1243.598476,1245.387114,1243.598476,1,served
2045,1244.772640,1245.220348,1244.772640,3,served
2046,1246.925402,1250.719267,1246.925402,3,served
2047,1247.378139,1250.213431,1247.378139,0,served
2048,1248.418668,1250.169477,1248.418668,1,served
2049,1248.570274,1251.649267,1248.570274,2,served
2050,1248.570274,1256.219016,1250.169477,1,served
2051,1249.586942,1250.968450,1250.213431,0,served
2052,1253.931033,1254.127023,1253.931033,3,served
2053,1254.680151,1256.758574,1254.680151,3,served
2054,1254.680151,1254.907955,1254.680151,0,served
2055,1254.680151,1256.512869,1254.680151,2,served
2056,1254.680151,1255.688441,1254.907955,0,served
2057,1254.680151,1256.859183,1255.688441,0,served
2058,1254.680151,1262.321095,1256.219016,1,served
2059,1254.680151,1262.160083,1256.512869,2,served
2060,1254.680151,1257.405374,1256.758574,3,served
2061,1255.438253,1257.541519,1256.859183,0,served
2062,1255.438253,1259.320678,1257.405374,3,served
2063,1256.700111,1260.755288,1257.541519,0,served
2064,1256.700111,1262.643848,1259.320678,3,served
2065,1259.123915,1262.841617,1260.755288,0,served
2066,1262.397841,1262.460229,1262.397841,1,served
2067,1262.397841,1262.904080,1262.397841,2,served
2068,1264.134958,1264.632267,1264.134958,3,served
2069,1264.674316,1265.822460,1264.674316,3,served
2070,1265.065974,1265.871603,1265.065974,0,served
2071,1265.065974,1265.448600,1265.065974,1,served
2072,1265.065974,1267.943325,1265.065974,2,served
2073,1265.065974,1265.810321,1265.448600,1,served
2074,1265.784742,1266.783072,1265.810321,1,served
2075,1265.784742,1266.356092,1265.822460,3,served
2076,1268.190952,1268.524921,1268.190952,3,served
2077,1269.377837,1271.741444,1269.377837,3,served
2078,1272.697836,1273.017651,1272.697836,3,served
2079,1272.697836,1273.700334,1272.697836,0,served
2080,1272.773320,1273.964165,1272.773320,1,served
2081,1272.773320,1277.568195,1272.773320,2,served
2082,1272.773320,1273.910605,1273.017651,3,served
2083,1273.297232,1274.414700,1273.700334,0,served
2084,1273.297232,1274.110179,1273.910605,3,served
2085,1274.073735,1276.393077,1274.073735,1,served
2086,1274.862334,1276.039688,1274.862334,3,served
2087,1276.064082,1276.706054,1276.064082,3,served
2088,1276.064082,1278.494556,1276.064082,0,served
2089,1276.064082,1277.196122,1276.393077,1,served
2090,1276.064082,1277.204256,1276.706054,3,served
2091,1276.064082,1281.675885,1277.196122,1,served
2092,1276.680681,1278.336813,1277.204256,3,served
2093,1277.119158,1278.760764,1277.568195,2,served
2094,1279.065443,1279.430894,1279.065443,3,served
2095,1280.787410,1281.307596,1280.787410,3,served
2096,1281.608520,1283.909385,1281.608520,3,served
2097,1282.517301,1283.914144,1282.517301,0,served
2098,1282.890424,1283.251478,1282.890424,1,served
2099,1283.172440,1283.837994,1283.172440,2,served
2100,1284.581480,1286.734468,1284.581480,3,served
2101,1286.605977,1294.124990,1286.605977,0,served
2102,1287.256008,1287.310333,1287.256008,3,served
2103,1287.776362,1287.898205,1287.776362,3,served
2104,1287.776362,1293.790241,1287.776362,1,served
2105,1287.776362,1290.841952,1287.776362,2,served
2106,1289.373812,1292.468145,1289.373812,3,served
2107,1290.207013,1292.419624,1290.841952,2,served
2108,1290.666300,1292.859009,1292.419624,2,served
2109,1292.142970,1292.862514,1292.468145,3,served
2110,1292.142970,1296.493596,1292.859009,2,served
2111,1292.142970,1293.450514,1292.862514,3,served
2112,1292.619571,1293.655188,1293.450514,3,served
2113,1293.436733,1294.752514,1293.655188,3,served
2114,1293.436733,1294.084212,1293.790241,1,served
2115,1293.436733,1299.854359,1294.084212,1,served
2116,1293.436733,1296.112495,1294.124990,0,served
2117,1295.226961,1296.761019,1295.226961,3,served
2118,1295.226961,1299.188940,1296.112495,0,served
2119,1295.787888,1298.878620,1296.493596,2,served
2120,1295.787888,1297.731115,1296.761019,3,served
2121,1296.072909,1298.088617,1297.731115,3,served
2122,1296.072909,1299.070718,1298.088617,3,served
2123,1296.072909,1302.847413,1298.878620,2,served
2124,1296.411662,1299.110578,1299.070718,3,served
2125,1296.411662,1301.522278,1299.110578,3,served
2126,1296.667540,1299.944406,1299.188940,0,served
2127,1296.667540,1300.130513,1299.854359,1,served
2128,1296.689257,1302.311305,1299.944406,0,served
2129,1297.284792,1302.050890,1300.130513,1,served
2130,1297.284792,1302.004066,1301.522278,3,served
2131,1298.300471,1303.828750,1302.004066,3,served
2132,1298.700783,1306.549204,1302.050890,1,served
2133,1298.700783,1303.020857,1302.311305,0,served
2134,1298.700783,1305.717749,1302.847413,2,served
2135,1299.238020,1307.650355,1303.020857,0,served
2136,1301.407955,1305.333303,1303.828750,3,served
2137,1301.510433,1307.013450,1305.333303,3,served
2138,1301.510433,1307.994461,1305.717749,2,served
2139,1301.870480,1308.894687,1306.549204,1,served
2140,1303.434507,1308.449449,1307.013450,3,served
2141,1303.434507,1308.835867,1307.650355,0,served
2142,1303.434507,1308.266156,1307.994461,2,served
2143,1303.434507,1308.451109,1308.266156,2,served
2144,1303.434507,1309.614158,1308.449449,3,served
2145,1303.434507,1311.529324,1308.451109,2,served
2146,1303.434507,1313.585158,1308.835867,0,served
2147,1303.434507,1310.177306,1308.894687,1,served
2148,1303.434507,1309.982397,1309.614158,3,served
2149,1303.858918,1310.574292,1309.982397,3,served
2150,1303.858918,1310.184008,1310.177306,1,served
2151,1303.858918,1313.207715,1310.184008,1,served
2152,1306.842135,1311.209731,1310.574292,3,served
2153,1306.842135,1312.315137,1311.209731,3,served
2154,1306.842135,1311.693982,1311.529324,2,served
2155,1306.842135,1312.345762,1311.693982,2,served
2156,1306.842135,1312.495127,1312.315137,3,served
2157,1308.420248,1317.305409,1312.345762,2,served
2158,1308.420248,1313.589275,1312.495127,3,served
2159,1310.146702,1314.681556,1313.207715,1,served
2160,1312.418331,1313.672496,1313.585158,0,served
2161,1313.607642,1316.042213,1313.607642,3,served
2162,1313.607642,1314.159623,1313.672496,0,served
2163,1314.227954,1315.099604,1314.227954,0,served
2164,1318.787399,1319.189656,1318.787399,3,served
2165,1321.690515,1324.087538,1321.690515,3,served
2166,1321.690515,1322.061510,1321.690515,0,served
2167,1321.690515,1323.319476,1321.690515,1,served
2168,1325.316970,1325.768570,1325.316970,3,served
2169,1325.564081,1325.747925,1325.564081,0,served
2170,1325.862278,1326.334814,1325.862278,3,served
2171,1325.862278,1327.092897,1325.862278,0,served
2172,1325.862278,1331.093914,1325.862278,1,served
2173,1325.862278,1327.724564,1325.862278,2,served
2174,1327.554791,1327.690858,1327.554791,3,served
2175,1327.554791,1328.637756,1327.554791,0,served
2176,1327.625929,1330.739616,1327.690858,3,served
2177,1328.934824,1329.369724,1328.934824,0,served
2178,1329.906958,1331.183303,1329.906958,0,served
2179,1330.266992,1330.423330,1330.266992,2,served
2180,1330.266992,1330.971880,1330.423330,2,served
2181,1330.266992,1332.386331,1330.739616,3,served
2182,1330.266992,1331.840256,1330.971880,2,served
2183,1330.266992,1333.494928,1331.093914,1,served
2184,1330.266992,1333.063294,1331.183303,0,served
2185,1330.266992,1334.455571,1331.840256,2,served
2186,1331.599689,1332.546002,1332.386331,3,served
2187,1333.572030,1334.988659,1333.572030,3,served
2188,1333.572030,1334.358473,1333.572030,0,served
2189,1333.572030,1334.041716,1333.572030,1,served
2190,1333.572030,1334.277161,1334.041716,1,served
2191,1334.389271,1334.881364,1334.389271,0,served
2192,1334.849414,1338.153365,1334.849414,1,served
2193,1334.849414,1339.040262,1334.849414,2,served
2194,1334.849414,1339.269359,1334.881364,0,served
2195,1334.849414,1336.502702,1334.988659,3,served
2196,1338.447284,1340.088157,1338.447284,3,served
2197,1338.741379,1339.713231,1338.741379,1,served
2198,1338.741379,1340.125625,1339.040262,2,served
2199,1338.741379,1344.599343,1339.269359,0,served
2200,1338.741379,1340.727315,1339.713231,1,served
2201,1338.741379,1341.804596,1340.088157,3,served
2202,1339.236240,1342.986654,1340.125625,2,served
2203,1339.236240,1344.810875,1340.727315,1,served
2204,1339.282699,1342.592219,1341.804596,3,served
2205,1339.282699,1344.147405,1342.592219,3,served
2206,1339.282699,1343.098316,1342.986654,2,served
2207,1340.240109,1343.144272,1343.098316,2,served
2208,1340.240109,1343.628235,1343.144272,2,served
2209,1340.240109,1346.442561,1343.628235,2,served
2210,1342.803442,1344.533116,1344.147405,3,served
2211,1342.803442,1348.783189,1344.533116,3,served
2212,1342.803442,1344.717829,1344.599343,0,served
2213,1348.149427,1350.653283,1348.149427,0,served
2214,1348.149427,1350.590429,1348.149427,1,served
2215,1348.556031,1351.642110,1348.556031,2,served
2216,1348.556031,1352.274587,1348.783189,3,served
2217,1350.688921,1351.362842,1350.688921,0,served
2218,1350.688921,1352.854398,1350.688921,1,served
2219,1350.688921,1356.289830,1351.362842,0,served
2220,1351.021063,1352.424483,1351.642110,2,served
2221,1357.559084,1357.764016,1357.559084,3,served
2222,1357.601871,1366.652697,1357.601871,0,served
2223,1357.983993,1361.630626,1357.983993,3,served
2224,1357.983993,1358.316114,1357.983993,1,served
2225,1357.983993,1358.657786,1357.983993,2,served
2226,1357.983993,1362.159716,1358.316114,1,served
2227,1358.548637,1362.377519,1358.657786,2,served
2228,1358.548637,1361.785328,1361.630626,3,served
2229,1358.985666,1362.694860,1361.785328,3,served
2230,1361.548280,1363.700956,1362.159716,1,served
2231,1363.018439,1363.610019,1363.018439,3,served
2232,1363.018439,1364.846671,1363.018439,2,served
2233,1365.023856,1367.210734,1365.023856,3,served
2234,1365.023856,1365.072371,1365.023856,1,served
2235,1366.654252,1367.768359,1366.654252,0,served
2236,1366.654252,1384.497825,1366.654252,1,served
2237,1366.654252,1369.976770,1366.654252,2,served
2238,1366.654252,1368.551895,1367.210734,3,served
2239,1368.808337,1369.989275,1368.808337,3,served
2240,1370.267502,1370.957682,1370.267502,3,served
2241,1370.267502,1371.005878,1370.267502,0,served
2242,1370.267502,1375.730447,1370.267502,2,served
2243,1370.306070,1371.286179,1370.957682,3,served
2244,1371.181878,1373.897213,1371.181878,0,served
2245,1371.448277,1371.872870,1371.448277,3,served
2246,1371.448277,1372.302372,1371.872870,3,served
2247,1371.448277,1372.399415,1372.302372,3,served
2248,1371.448277,1373.115949,1372.399415,3,served
2249,1371.929746,1373.456834,1373.115949,3,served
2250,1371.929746,1374.093711,1373.456834,3,served
2251,1371.929746,1374.298319,1373.897213,0,served
2252,1372.227429,1374.740441,1374.093711,3,served
2253,1372.227429,1374.999493,1374.298319,0,served
2254,1372.227429,1378.780033,1374.740441,3,served
2255,1372.372058,1375.934703,1374.999493,0,served
2256,1372.372058,1376.093733,1375.730447,2,served
2257,1372.372058,1377.092496,1375.934703,0,served
2258,1372.372058,1377.985900,1376.093733,2,served
2259,1372.665098,1380.443009,1377.092496,0,served
2260,1373.202039,1383.504074,1377.985900,2,served
2261,1373.362568,1379.408752,1378.780033,3,served
2262,1375.750296,1380.261696,1379.408752,3,served
2263,1375.750296,1383.354892,1380.261696,3,served
2264,1376.040764,1381.868065,1380.443009,0,served
2265,1376.040764,1383.960166,1381.868065,0,served
2266,1376.103800,1384.301104,1383.354892,3,served
2267,1376.103800,1386.441930,1383.504074,2,served
2268,1376.103800,1384.957668,1383.960166,0,served
2269,1376.103800,1384.380864,1384.301104,3,served
2270,1376.803854,1385.867661,1384.380864,3,served
2271,1376.803854,1384.723295,1384.497825,1,served
2272,1376.803854,1386.855465,1384.723295,1,served
2273,1377.434400,1388.254725,1384.957668,0,served
2274,1377.434400,1386.714046,1385.867661,3,served
2275,1378.818853,1387.995786,1386.441930,2,served
2276,1379.175539,1387.349564,1386.714046,3,served
2277,1379.251299,1387.201393,1386.855465,1,served
2278,1383.065494,1388.626662,1387.201393,1,served
2279,1383.294461,1390.041846,1387.349564,3,served
2280,1384.454699,1390.552514,1387.995786,2,served
2281,1384.454699,1391.387346,1388.254725,0,served
2282,1384.454699,1395.724126,1388.626662,1,served
2283,1384.454699,1390.284268,1390.041846,3,served
2284,1386.603049,1391.379957,1390.284268,3,served
2285,1388.168470,1391.197658,1390.552514,2,served
2286,1388.168470,1394.424931,1391.197658,2,served
2287,1388.168470,1391.523876,1391.379957,3,served
2288,1388.168470,1392.204448,1391.387346,0,served
2289,1388.895459,1391.764428,1391.523876,3,served
2290,1390.068244,1394.120956,1391.764428,3,served
2291,1390.068244,1393.595106,1392.204448,0,served
2292,1392.726818,1394.484171,1393.595106,0,served
2293,1394.639120,1398.501180,1394.639120,3,served
2294,1397.002759,1397.294148,1397.002759,0,served
2295,1397.205995,1402.640606,1397.205995,1,served
2296,1397.299997,1398.784054,1397.299997,0,served
2297,1398.131426,1398.890025,1398.131426,2,served
2298,1398.131426,1398.708132,1398.501180,3,served
2299,1399.634379,1401.537725,1399.634379,3,served
2300,1399.851930,1400.440820,1399.851930,0,served
2301,1401.238854,1402.777195,1401.238854,0,served
2302,1403.289606,1403.531660,1403.289606,3,served
2303,1405.657630,1406.405025,1405.657630,3,served
2304,1405.657630,1407.617401,1405.657630,0,served
2305,1405.870635,1406.337261,1405.870635,1,served
2306,1406.781514,1406.878284,1406.781514,3,served
2307,1407.355705,1407.371982,1407.355705,3,served
2308,1407.355705,1407.871012,1407.355705,1,served
2309,1407.355705,1408.152265,1407.355705,2,served
2310,1408.978280,1409.484826,1408.978280,3,served
2311,1408.978280,1409.305990,1408.978280,0,served
2312,1409.104011,1413.659238,1409.104011,1,served
2313,1410.335117,1411.625754,1410.335117,3,served
2314,1410.335117,1410.467487,1410.335117,0,served
2315,1411.903859,1412.335797,1411.903859,3,served
2316,1411.903859,1412.029302,1411.903859,0,served
2317,1411.903859,1413.673310,1411.903859,2,served
2318,1411.903859,1414.086154,1412.029302,0,served
2319,1411.903859,1412.768132,1412.335797,3,served
2320,1413.511079,1413.825613,1413.511079,3,served
2321,1413.511079,1413.771991,1413.659238,1,served
2322,1413.511079,1417.770763,1413.673310,2,served
2323,1413.907196,1414.077659,1413.907196,3,served
2324,1414.523820,1414.913109,1414.523820,3,served
2325,1415.935314,1417.785257,1415.935314,3,served
2326,1415.935314,1417.656099,1415.935314,0,served
2327,1415.935314,1418.575981,1415.935314,1,served
2328,1415.935314,1418.675428,1417.656099,0,served
2329,1416.700794,1418.725112,1417.770763,2,served
2330,1417.505547,1418.213968,1417.785257,3,served
2331,1420.600195,1420.903156,1420.600195,3,served
2332,1421.644984,1422.101767,1421.644984,3,served
2333,1421.818796,1424.267757,1421.818796,0,served
2334,1425.370791,1426.588730,1425.370791,3,served
2335,1426.012310,1428.298404,1426.012310,0,served
2336,1426.012310,1426.988481,1426.012310,1,served
2337,1426.465103,1428.622169,1426.465103,2,served
2338,1426.465103,1426.700430,1426.588730,3,served
2339,1426.465103,1427.408097,1426.700430,3,served
2340,1426.465103,1429.783930,1426.988481,1,served
2341,1427.368311,1427.917012,1427.408097,3,served
2342,1428.071188,1428.681375,1428.071188,3,served
2343,1431.964644,1432.617821,1431.964644,3,served
2344,1431.964644,1433.994200,1431.964644,0,served
2345,1431.964644,1434.105786,1431.964644,1,served
2346,1431.964644,1437.335250,1431.964644,2,served
2347,1431.990340,1434.393187,1432.617821,3,served
2348,1432.124843,1434.212982,1433.994200,0,served
2349,1432.124843,1436.460887,1434.105786,1,served
2350,1433.406861,1437.988563,1434.212982,0,served
2351,1433.439152,1435.268436,1434.393187,3,served
2352,1433.439152,1435.570075,1435.268436,3,served
2353,1434.244027,1435.702162,1435.570075,3,served
2354,1434.244027,1435.796970,1435.702162,3,served
2355,1436.768307,1437.921425,1436.768307,3,served
2356,1437.680957,1438.731587,1437.680957,1,served
2357,1438.351811,1438.853636,1438.351811,3,served
2358,1438.783744,1439.072339,1438.783744,0,served
2359,1440.493177,1442.897174,1440.493177,3,served
2360,1440.493177,1441.482180,1440.493177,0,served
2361,1440.493177,1445.140162,1440.493177,1,served
2362,1440.493177,1440.905069,1440.493177,2,served
2363,1440.493177,1441.408473,1440.905069,2,served
2364,1440.493177,1441.543576,1441.408473,2,served
2365,1440.493177,1443.819196,1441.482180,0,served
2366,1440.493177,1464.604913,1441.543576,2,served
2367,1441.875635,1443.062026,1442.897174,3,served
2368,1441.875635,1444.071508,1443.062026,3,served
2369,1442.287410,1443.833573,1443.819196,0,served
2370,1442.287410,1446.592975,1443.833573,0,served
2371,1447.156352,1447.583730,1447.156352,3,served
2372,1447.156352,1449.223382,1447.156352,0,served
2373,1447.156352,1454.059597,1447.156352,1,served
2374,1447.156352,1448.018304,1447.583730,3,served
2375,1447.156352,1448.954911,1448.018304,3,served
2376,1447.156352,1449.341677,1448.954911,3,served
2377,1447.196521,1450.348677,1449.223382,0,served
2378,1447.323672,1449.591831,1449.341677,3,served
2379,1448.422356,1449.810166,1449.591831,3,served
2380,1448.422356,1450.974078,1449.810166,3,served
2381,1448.422356,1452.547085,1450.348677,0,served
2382,1448.422356,1451.058302,1450.974078,3,served
2383,1459.136228,1460.523750,1459.136228,3,served
2384,1459.442848,1461.351571,1459.442848,0,served
2385,1460.325171,1462.928665,1460.325171,1,served
2386,1460.325171,1460.547772,1460.523750,3,served
2387,1460.325171,1462.667790,1460.547772,3,served
2388,1463.617743,1464.953935,1463.617743,3,served
2389,1463.617743,1465.725473,1463.617743,0,served
2390,1463.617743,1468.852504,1463.617743,1,served
2391,1463.823306,1466.895636,1464.604913,2,served
2392,1463.823306,1465.912991,1464.953935,3,served
2393,1464.051585,1468.538176,1465.725473,0,served
2394,1465.223471,1466.286798,1465.912991,3,served
2395,1465.223471,1467.576966,1466.286798,3,served
2396,1465.223471,1477.395999,1466.895636,2,served
2397,1465.223471,1467.724334,1467.576966,3,served
2398,1465.273507,1468.158074,1467.724334,3,served
2399,1465.451289,1469.445839,1468.158074,3,served
2400,1465.451289,1468.702101,1468.538176,0,served
2401,1465.855900,1469.479342,1468.702101,0,served
2402,1466.307410,1473.866698,1468.852504,1,served
2403,1466.429913,1469.898318,1469.445839,3,served
2404,1468.666307,1471.038877,1469.479342,0,served
2405,1469.981195,1471.115058,1469.981195,3,served
2406,1470.938811,1473.552714,1471.038877,0,served
2407,1470.938811,1473.778450,1471.115058,3,served
2408,1470.938811,1474.748283,1473.552714,0,served
2409,1471.776231,1474.142391,1473.778450,3,served
2410,1471.776231,1474.158408,1473.866698,1,served
2411,1471.872387,1475.642612,1474.142391,3,served
2412,1472.748927,1474.613163,1474.158408,1,served
2413,1472.748927,1475.971209,1474.613163,1,served
2414,1473.056196,1475.110571,1474.748283,0,served
2415,1473.056196,1478.858246,1475.110571,0,served
2416,1474.060815,1476.662901,1475.642612,3,served
2417,1474.792512,1477.395720,1475.971209,1,served
2418,1474.792512,1477.133593,1476.662901,3,served
2419,1476.482901,1478.486412,1477.133593,3,served
2420,1476.992950,1481.625484,1477.395720,1,served
2421,1477.003537,1477.625068,1477.395999,2,served
2422,1477.017360,1478.979910,1477.625068,2,served
2423,1477.017360,1480.341362,1478.486412,3,served
2424,1477.308351,1479.401052,1478.858246,0,served
2425,1477.362448,1479.199549,1478.979910,2,served
2426,1478.227862,1482.850862,1479.199549,2,served
2427,1478.227862,1480.574250,1479.401052,0,served
2428,1478.310316,1480.577873,1480.341362,3,served
2429,1478.310316,1481.091708,1480.574250,0,served
2430,1478.310316,1484.000458,1480.577873,3,served
2431,1479.347730,1486.018363,1481.091708,0,served
2432,1479.347730,1485.138626,1481.625484,1,served
2433,1480.412590,1483.281983,1482.850862,2,served
2434,1480.412590,1484.828955,1483.281983,2,served
2435,1480.412590,1484.218702,1484.000458,3,served
2436,1480.412590,1484.951154,1484.218702,3,served
2437,1483.617362,1485.224210,1484.828955,2,served
2438,1483.617362,1485.884527,1484.951154,3,served
2439,1486.716522,1487.051733,1486.716522,3,served
2440,1486.716522,1488.194092,1486.716522,0,served
2441,1486.716522,1488.516232,1486.716522,1,served
2442,1486.716522,1487.372919,1486.716522,2,served
2443,1487.628156,1488.938062,1487.628156,3,served
2444,1489.346655,1489.879712,1489.346655,3,served
2445,1489.346655,1489.650064,1489.346655,0,served
2446,1490.789081,1490.822077,1490.789081,3,served
2447,1491.846232,1492.635157,1491.846232,3,served
2448,1491.846232,1495.027222,1491.846232,0,served
2449,1491.846232,1495.021728,1491.846232,1,served
2450,1494.833452,1495.627586,1494.833452,3,served
2451,1494.833452,1497.162582,1494.833452,2,served
2452,1495.652657,1495.980485,1495.652657,3,served
2453,1497.723084,1500.370111,1497.723084,3,served
2454,1497.723084,1497.816083,1497.723084,0,served
2455,1498.818865,1499.102300,1498.818865,0,served
2456,1498.818865,1503.965232,1498.818865,1,served
2457,1499.070861,1501.675170,1499.070861,2,served
2458,1499.070861,1499.154451,1499.102300,0,served
2459,1499.488927,1499.933228,1499.488927,0,served
2460,1499.488927,1502.702642,1499.933228,0,served
2461,1506.104974,1507.319285,1506.104974,3,served
2462,1508.454441,1508.455804,1508.454441,3,served
2463,1508.454441,1510.398825,1508.454441,0,served
2464,1513.501253,1513.797262,1513.501253,3,served
2465,1522.421764,1524.130785,1522.421764,3,served
2466,1522.802474,1524.098807,1522.802474,0,served
2467,1523.972477,1525.101393,1523.972477,1,served
2468,1524.286938,1525.819012,1524.286938,3,served
2469,1525.336713,1526.364882,1525.336713,0,served
2470,1526.605392,1527.128410,1526.605392,3,served
2471,1527.927795,1528.182425,1527.927795,3,served
2472,1533.294139,1536.107622,1533.294139,3,served
2473,1533.294139,1535.503755,1533.294139,0,served
2474,1533.606989,1536.989636,1533.606989,1,served
2475,1533.606989,1534.870332,1533.606989,2,served
2476,1534.167142,1535.064596,1534.870332,2,served
2477,1534.167142,1540.858678,1535.064596,2,served
2478,1534.167142,1537.803901,1535.503755,0,served
2479,1534.507211,1536.732212,1536.107622,3,served
2480,1534.507211,1537.395045,1536.732212,3,served
2481,1535.269144,1540.558499,1536.989636,1,served
2482,1536.187906,1539.597719,1537.395045,3,served
2483,1536.187906,1539.133616,1537.803901,0,served
2484,1537.834526,1539.405563,1539.133616,0,served
2485,1537.834526,1539.733978,1539.405563,0,served
2486,1538.846478,1540.125808,1539.597719,3,served
2487,1538.846478,1539.744871,1539.733978,0,served
2488,1538.846478,1540.588057,1539.744871,0,served
2489,1538.846478,1541.368216,1540.125808,3,served
2490,1538.846478,1548.384536,1540.558499,1,served
2491,1538.846478,1542.985386,1540.588057,0,served
2492,1538.846478,1547.895501,1540.858678,2,served
2493,1538.846478,1544.317882,1541.368216,3,served
2494,1538.846478,1545.500812,1542.985386,0,served
2495,1539.184728,1544.608665,1544.317882,3,served
2496,1539.184728,1544.800807,1544.608665,3,served
2497,1539.184728,1545.212373,1544.800807,3,served
2498,1539.184728,1546.054026,1545.212373,3,served
2499,1539.184728,1546.216030,1545.500812,0,served
2500,1539.184728,1546.848986,1546.054026,3,served
2501,1540.206067,1548.284199,1546.216030,0,served
2502,1540.206067,1547.045903,1546.848986,3,served
2503,1540.436542,1549.523181,1547.045903,3,served
2504,1540.436542,1550.856672,1547.895501,2,served
2505,1540.436542,1549.082436,1548.284199,0,served
2506,1541.070853,1548.525368,1548.384536,1,served
2507,1541.164825,1553.976022,1548.525368,1,served
2508,1542.821393,1549.441492,1549.082436,0,served
2509,1542.821393,1549.695959,1549.441492,0,served
2510,1542.821393,1550.350692,1549.523181,3,served
2511,1543.029789,1552.006969,1549.695959,0,served
2512,1543.029789,1551.248544,1550.350692,3,served
2513,1545.990514,1551.659811,1550.856672,2,served
2514,1545.990514,1553.369448,1551.248544,3,served
2515,1545.990514,1554.999749,1551.659811,2,served
2516,1545.990514,1552.021863,1552.006969,0,served
2517,1545.990514,1552.837046,1552.021863,0,served
2518,1548.679815,1552.907944,1552.837046,0,served
2519,1548.679815,1553.468796,1552.907944,0,served
2520,1548.679815,1553.513528,1553.369448,3,served
2521,1548.679815,1553.808639,1553.468796,0,served
2522,1548.856105,1554.215523,1553.513528,3,served
2523,1548.900222,1554.259427,1553.808639,0,served
2524,1548.906873,1563.091021,1553.976022,1,served
2525,1548.983441,1555.374351,1554.215523,3,served
2526,1549.544145,1554.286050,1554.259427,0,served
2527,1549.544145,1554.726356,1554.286050,0,served
2528,1549.544145,1556.309591,1554.726356,0,served
2529,1549.544145,1555.120979,1554.999749,2,served
2530,1549.544145,1555.959762,1555.120979,2,served
2531,1550.377536,1556.912641,1555.374351,3,served
2532,1550.513688,1567.918675,1555.959762,2,served
2533,1551.444820,1556.972888,1556.309591,0,served
2534,1551.444820,1557.175150,1556.912641,3,served
2535,1552.422229,1557.507376,1556.972888,0,served
2536,1552.490728,1557.605815,1557.175150,3,served
2537,1552.754948,1559.421827,1557.507376,0,served
2538,1553.870671,1558.241167,1557.605815,3,served
2539,1553.870671,1559.587017,1558.241167,3,served
2540,1554.661681,1565.797149,1559.421827,0,served
2541,1556.642122,1560.634482,1559.587017,3,served
2542,1559.736953,1561.560532,1560.634482,3,served
2543,1560.072713,1562.042425,1561.560532,3,served
2544,1560.072713,1562.066291,1562.042425,3,served
2545,1560.072713,1564.595617,1562.066291,3,served
2546,1560.072713,1570.240542,1563.091021,1,served
2547,1560.185712,1566.761237,1564.595617,3,served
2548,1563.512811,1567.314269,1565.797149,0,served
2549,1564.079521,1567.206415,1566.761237,3,served
2550,1564.079521,1568.416042,1567.206415,3,served
2551,1564.609754,1570.278134,1567.314269,0,served
2552,1564.609754,1570.505805,1567.918675,2,served
2553,1564.609754,1568.609807,1568.416042,3,served
2554,1565.371863,1568.823620,1568.609807,3,served
2555,1566.024347,1569.852735,1568.823620,3,served
2556,1569.051267,1570.185456,1569.852735,3,served
2557,1570.819737,1571.554673,1570.819737,3,served
2558,1570.819737,1571.364026,1570.819737,0,served
2559,1570.819737,1578.373300,1570.819737,1,served
2560,1572.552818,1574.599827,1572.552818,3,served
2561,1572.552818,1575.366721,1572.552818,0,served
2562,1572.552818,1573.220366,1572.552818,2,served
2563,1573.707545,1574.452995,1573.707545,2,served
2564,1573.707545,1574.729693,1574.452995,2,served
2565,1573.707545,1575.106402,1574.599827,3,served
2566,1575.529347,1575.638025,1575.529347,3,served
2567,1575.529347,1576.286751,1575.529347,0,served
2568,1575.529347,1577.949359,1575.529347,2,served
2569,1575.529347,1575.797963,1575.638025,3,served
2570,1578.672276,1578.963342,1578.672276,3,served
2571,1579.150470,1581.202494,1579.150470,3,served
2572,1579.150470,1579.349006,1579.150470,0,served
2573,1579.150470,1580.331666,1579.150470,1,served
2574,1579.666844,1581.463431,1579.666844,0,served
2575,1579.666844,1584.021828,1579.666844,2,served
2576,1579.666844,1581.779085,1580.331666,1,served
2577,1579.746547,1583.686359,1581.202494,3,served
2578,1581.304501,1588.115195,1581.463431,0,served
2579,1581.304501,1588.785222,1581.779085,1,served
2580,1581.304501,1583.784247,1583.686359,3,served
2581,1581.304501,1584.016176,1583.784247,3,served
2582,1582.627352,1584.172099,1584.016176,3,served
2583,1583.227797,1585.405877,1584.021828,2,served
2584,1583.227797,1584.625217,1584.172099,3,served
2585,1585.565652,1585.798036,1585.565652,3,served
2586,1585.711968,1588.200910,1585.711968,2,served
2587,1587.662402,1588.721006,1587.662402,3,served
2588,1588.184129,1589.055147,1588.184129,0,served
2589,1588.184129,1589.552606,1588.200910,2,served
2590,1588.706872,1588.781312,1588.721006,3,served
2591,1588.706872,1589.002573,1588.781312,3,served
2592,1588.992554,1593.663572,1588.992554,1,served
2593,1590.029824,1593.163129,1590.029824,3,served
2594,1590.029824,1591.677688,1590.029824,0,served
2595,1590.273827,1590.838222,1590.273827,2,served
2596,1590.273827,1591.587324,1590.838222,2,served
2597,1590.273827,1596.731180,1591.587324,2,served
2598,1591.123551,1591.951468,1591.677688,0,served
2599,1591.123551,1591.968793,1591.951468,0,served
2600,1592.522295,1593.555061,1592.522295,0,served
2601,1592.522295,1597.115392,1593.163129,3,served
2602,1594.652550,1595.145945,1594.652550,0,served
2603,1598.198238,1599.144516,1598.198238,3,served
2604,1600.462444,1600.556074,1600.462444,3,served
2605,1600.966552,1604.302925,1600.966552,3,served
2606,1600.966552,1602.365990,1600.966552,0,served
2607,1600.966552,1601.019204,1600.966552,1,served
2608,1603.082092,1603.269677,1603.082092,0,served
2609,1603.082092,1607.268790,1603.082092,1,served
2610,1603.581485,1604.615980,1603.581485,0,served
2611,1603.581485,1609.935339,1603.581485,2,served
2612,1603.994542,1605.102373,1604.302925,3,served
2613,1604.194638,1607.918374,1604.615980,0,served
2614,1605.910363,1606.234511,1605.910363,3,served
2615,1606.912899,1606.915709,1606.912899,3,served
2616,1606.912899,1607.159875,1606.915709,3,served
2617,1607.110839,1609.904341,1607.159875,3,served
2618,1607.110839,1607.284602,1607.268790,1,served
2619,1608.345603,1609.194980,1608.345603,0,served
2620,1608.345603,1610.093974,1608.345603,1,served
2621,1610.236090,1610.265159,1610.236090,3,served
2622,1610.236090,1610.644635,1610.236090,0,served
2623,1610.236090,1611.137780,1610.236090,1,served
2624,1610.236090,1612.396547,1610.236090,2,served
2625,1610.236090,1611.828070,1610.265159,3,served
2626,1610.236090,1610.714698,1610.644635,0,served
2627,1612.006956,1612.224696,1612.006956,3,served
2628,1613.684045,1613.788295,1613.684045,3,served
2629,1613.684045,1614.205630,1613.684045,0,served
2630,1613.684045,1616.876394,1613.684045,1,served
2631,1615.890726,1616.117334,1615.890726,3,served
2632,1615.890726,1616.191159,1615.890726,0,served
2633,1615.890726,1627.346109,1615.890726,2,served
2634,1616.616237,1619.623740,1616.616237,3,served
2635,1620.982789,1621.744785,1620.982789,3,served
2636,1621.849198,1623.478200,1621.849198,3,served
2637,1622.004389,1624.113520,1622.004389,0,served
2638,1622.845706,1623.248782,1622.845706,1,served
2639,1622.845706,1627.478268,1623.248782,1,served
2640,1622.845706,1626.097630,1623.478200,3,served
2641,1625.622005,1626.257622,1625.622005,0,served
2642,1625.851613,1628.181779,1626.097630,3,served
2643,1625.851613,1626.410446,1626.257622,0,served
2644,1627.951329,1628.207396,1627.951329,0,served
2645,1627.951329,1630.904767,1627.951329,1,served
2646,1628.165753,1631.717116,1628.165753,2,served
2647,1628.165753,1628.387580,1628.181779,3,served
2648,1628.903088,1629.079207,1628.903088,3,served
2649,1628.903088,1630.436140,1628.903088,0,served
2650,1628.903088,1630.140152,1629.079207,3,served
2651,1630.299481,1630.676316,1630.299481,3,served
2652,1630.299481,1630.684166,1630.436140,0,served
2653,1630.299481,1630.690997,1630.676316,3,served
2654,1630.299481,1631.033027,1630.684166,0,served
2655,1631.344552,1631.588839,1631.344552,3,served
2656,1631.344552,1632.386737,1631.344552,0,served
2657,1631.671114,1632.893533,1631.671114,3,served
2658,1631.813147,1635.108381,1631.813147,1,served
2659,1632.110042,1633.691188,1632.110042,2,served
2660,1632.406420,1633.915784,1632.406420,0,served
2661,1632.406420,1634.054079,1632.893533,3,served
2662,1632.518786,1645.454962,1633.691188,2,served
2663,1633.356059,1634.503692,1633.915784,0,served
2664,1633.759309,1635.181447,1634.054079,3,served
2665,1634.562583,1636.051083,1634.562583,0,served
2666,1638.214414,1639.869317,1638.214414,3,served
2667,1639.192930,1639.461924,1639.192930,0,served
2668,1639.192930,1639.997754,1639.192930,1,served
2669,1639.192930,1640.969062,1639.461924,0,served
2670,1639.192930,1640.256772,1639.869317,3,served
2671,1639.192930,1643.895993,1639.997754,1,served
2672,1639.192930,1640.949758,1640.256772,3,served
2673,1640.515517,1641.045449,1640.949758,3,served
2674,1640.515517,1642.102406,1640.969062,0,served
2675,1640.515517,1641.094499,1641.045449,3,served
2676,1640.515517,1642.343628,1641.094499,3,served
2677,1640.515517,1642.546122,1642.102406,0,served
2678,1640.515517,1642.819474,1642.343628,3,served
2679,1643.267608,1644.469487,1643.267608,3,served
2680,1643.938174,1645.367720,1643.938174,0,served
2681,1644.538705,1646.850084,1644.538705,3,served
2682,1644.538705,1644.709525,1644.538705,1,served
2683,1645.111614,1647.303538,1645.111614,1,served
2684,1646.289876,1646.561445,1646.289876,0,served
2685,1646.289876,1646.781284,1646.289876,2,served
2686,1646.289876,1647.589795,1646.561445,0,served
2687,1646.289876,1648.533690,1646.781284,2,served
2688,1646.811990,1647.913080,1646.850084,3,served
2689,1646.811990,1653.237483,1647.303538,1,served
2690,1646.811990,1651.218709,1647.589795,0,served
2691,1646.811990,1648.954674,1647.913080,3,served
2692,1646.861482,1650.190015,1648.533690,2,served
2693,1648.486756,1648.963938,1648.954674,3,served
2694,1648.486756,1649.674020,1648.963938,3,served
2695,1649.080639,1651.175388,1649.674020,3,served
2696,1649.924178,1652.766129,1650.190015,2,served
2697,1649.924178,1652.122002,1651.175388,3,served
2698,1649.924178,1655.957892,1651.218709,0,served
2699,1649.975023,1653.779243,1652.122002,3,served
2700,1650.154374,1653.237467,1652.766129,2,served
2701,1650.375765,1657.740846,1653.237467,2,served
2702,1652.706213,1655.899894,1653.237483,1,served
2703,1652.706213,1653.990630,1653.779243,3,served
2704,1652.863692,1657.206966,1653.990630,3,served
2705,1652.863692,1658.497831,1655.899894,1,served
2706,1652.863692,1656.514310,1655.957892,0,served
2707,1652.863692,1656.913339,1656.514310,0,served
2708,1653.659933,1659.116144,1656.913339,0,served
2709,1656.363371,1658.804577,1657.206966,3,served
2710,1657.886213,1663.176318,1657.886213,2,served
2711,1658.405957,1666.761086,1658.497831,1,served
2712,1658.405957,1659.696346,1658.804577,3,served
2713,1658.405957,1659.263267,1659.116144,0,served
2714,1658.405957,1659.625879,1659.263267,0,served
2715,1658.405957,1662.450333,1659.625879,0,served
2716,1661.207800,1661.409331,1661.207800,3,served
2717,1665.213438,1665.413380,1665.213438,3,served
2718,1665.224041,1670.003191,1665.224041,0,served
2719,1665.224041,1666.569032,1665.224041,2,served
2720,1665.325905,1666.519846,1665.413380,3,served
2721,1665.325905,1667.095977,1666.519846,3,served
2722,1668.395342,1668.648509,1668.395342,3,served
2723,1668.395342,1670.736627,1668.395342,1,served
2724,1669.366789,1670.159442,1669.366789,3,served
2725,1669.366789,1670.093344,1669.366789,2,served
2726,1669.366789,1670.386359,1670.003191,0,served
2727,1669.679101,1673.635262,1670.093344,2,served
2728,1670.022527,1671.024119,1670.159442,3,served
2729,1670.022527,1671.147801,1670.386359,0,served
2730,1670.022527,1671.228796,1670.736627,1,served
2731,1670.022527,1671.158374,1671.024119,3,served
2732,1670.022527,1671.170869,1671.147801,0,served
2733,1670.022527,1671.795698,1671.158374,3,served
2734,1670.022527,1675.491049,1671.170869,0,served
2735,1670.664167,1674.107473,1671.228796,1,served
2736,1671.488946,1672.143191,1671.795698,3,served
2737,1671.488946,1673.374808,1672.143191,3,served
2738,1671.488946,1674.731307,1673.374808,3,served
2739,1671.488946,1675.783672,1673.635262,2,served
2740,1671.488946,1674.348937,1674.107473,1,served
2741,1672.228363,1676.261283,1674.348937,1,served
2742,1675.055411,1676.318720,1675.055411,3,served
2743,1675.829350,1680.812164,1675.829350,0,served
2744,1678.810360,1680.823163,1678.810360,3,served
2745,1681.466679,1681.956269,1681.466679,3,served
2746,1682.358695,1682.693005,1682.358695,3,served
2747,1682.358695,1686.572396,1682.358695,0,served
2748,1682.358695,1682.492330,1682.358695,1,served
2749,1683.068872,1683.167732,1683.068872,3,served
2750,1684.799060,1685.399814,1684.799060,3,served
2751,1685.587073,1686.522693,1685.587073,3,served
2752,1685.588224,1686.450123,1685.588224,1,served
2753,1685.588224,1688.609579,1685.588224,2,served
2754,1686.941140,1687.773237,1686.941140,3,served
2755,1688.043946,1689.100160,1688.043946,3,served
2756,1689.203842,1690.785416,1689.203842,3,served
2757,1689.203842,1690.394119,1689.203842,0,served
2758,1689.203842,1692.522391,1689.203842,1,served
2759,1696.388281,1696.647869,1696.388281,3,served
2760,1696.388281,1697.389275,1696.388281,0,served
2761,1698.314279,1700.998609,1698.314279,3,served
2762,1698.915225,1699.814916,1698.915225,0,served
2763,1698.915225,1700.546930,1698.915225,1,served
2764,1700.999690,1704.368628,1700.999690,3,served
2765,1700.999690,1702.412001,1700.999690,0,served
2766,1700.999690,1706.426504,1700.999690,1,served
2767,1701.600779,1705.495081,1701.600779,2,served
2768,1702.338632,1703.036826,1702.412001,0,served
2769,1704.793728,1706.174212,1704.793728,3,served
2770,1704.793728,1705.621727,1704.793728,0,served
2771,1704.793728,1706.110111,1705.495081,2,served
2772,1704.793728,1705.666374,1705.621727,0,served
2773,1704.793728,1705.692416,1705.666374,0,served
2774,1704.793728,1706.420146,1705.692416,0,served
2775,1704.856622,1707.232801,1706.110111,2,served
2776,1706.118514,1706.258895,1706.174212,3,served
2777,1706.555054,1709.647431,1706.555054,3,served
2778,1708.595798,1708.868258,1708.595798,0,served
2779,1708.595798,1711.679644,1708.595798,1,served
2780,1710.252977,1712.098633,1710.252977,3,served
2781,1710.252977,1711.170923,1710.252977,0,served
2782,1712.582668,1714.153530,1712.582668,3,served
2783,1713.934598,1713.958624,1713.934598,0,served
2784,1713.934598,1714.900703,1713.934598,1,served
2785,1713.934598,1717.387665,1713.934598,2,served
2786,1713.934598,1717.402917,1713.958624,0,served
2787,1713.998559,1715.043031,1714.153530,3,served
2788,1714.698841,1716.707320,1714.900703,1,served
2789,1715.988948,1717.141499,1715.988948,3,served
2790,1715.988948,1716.798557,1716.707320,1,served
2791,1715.988948,1716.968050,1716.798557,1,served
2792,1715.988948,1718.949289,1716.968050,1,served
2793,1716.816616,1718.188635,1717.141499,3,served
2794,1721.422137,1721.709731,1721.422137,3,served
2795,1723.405836,1724.302435,1723.405836,3,served
2796,1727.095648,1728.260418,1727.095648,3,served
2797,1727.531934,1729.006225,1727.531934,0,served
2798,1727.531934,1737.019217,1727.531934,1,served
2799,1728.160084,1728.348680,1728.160084,2,served
2800,1730.469246,1730.625745,1730.469246,3,served
2801,1732.698055,1736.254459,1732.698055,3,served
2802,1732.698055,1733.506733,1732.698055,0,served
2803,1733.589255,1733.829948,1733.589255,0,served
2804,1733.589255,1734.346018,1733.589255,2,served
2805,1733.589255,1734.975376,1733.829948,0,served
2806,1738.199137,1738.912808,1738.199137,3,served
2807,1738.199137,1740.281158,1738.199137,0,served
2808,1738.199137,1741.257397,1738.199137,1,served
2809,1739.316508,1740.441022,1739.316508,3,served
2810,1740.592715,1740.674935,1740.592715,3,served
2811,1740.787265,1741.093543,1740.787265,3,served
2812,1740.829769,1740.998128,1740.829769,0,served
2813,1741.144455,1741.786475,1741.144455,3,served
2814,1741.144455,1741.318076,1741.144455,0,served
2815,1741.493761,1743.619698,1741.493761,0,served
2816,1741.493761,1741.640477,1741.493761,1,served
2817,1742.416294,1743.168123,1742.416294,3,served
2818,1745.617011,1746.151514,1745.617011,3,served
2819,1745.617011,1747.120455,1745.617011,0,served
2820,1746.282955,1746.738635,1746.282955,3,served
2821,1748.513287,1748.637502,1748.513287,3,served
2822,1748.513287,1749.898104,1748.513287,0,served
2823,1748.513287,1749.332542,1748.513287,1,served
2824,1748.513287,1750.223240,1748.513287,2,served
2825,1748.513287,1753.036643,1748.637502,3,served
2826,1748.513287,1749.854934,1749.332542,1,served
2827,1748.513287,1753.164917,1749.854934,1,served
2828,1750.158575,1750.884471,1750.158575,0,served
2829,1750.158575,1758.036993,1750.223240,2,served
2830,1751.968414,1757.786321,1751.968414,0,served
2831,1751.968414,1754.096399,1753.036643,3,served
2832,1751.968414,1753.686888,1753.164917,1,served
2833,1751.968414,1754.718332,1753.686888,1,served
2834,1754.019300,1754.385837,1754.096399,3,served
2835,1755.278184,1757.091891,1755.278184,3,served
2836,1755.840629,1756.036224,1755.840629,1,served
2837,1755.840629,1758.941292,1756.036224,1,served
2838,1755.840629,1757.220771,1757.091891,3,served
2839,1755.840629,1758.355268,1757.220771,3,served
2840,1755.840629,1758.314316,1757.786321,0,served
2841,1755.840629,1760.465392,1758.036993,2,served
2842,1757.562264,1759.206980,1758.314316,0,served
2843,1757.562264,1761.467434,1758.355268,3,served
2844,1758.689953,1759.418279,1758.941292,1,served
2845,1759.411119,1759.913350,1759.411119,0,served
2846,1759.411119,1761.056995,1759.418279,1,served
2847,1761.107076,1762.374542,1761.107076,0,served
2848,1761.107076,1761.212673,1761.107076,1,served
2849,1761.107076,1761.372014,1761.107076,2,served
2850,1761.107076,1761.474996,1761.212673,1,served
2851,1761.107076,1766.731052,1761.372014,2,served
2852,1761.107076,1763.171913,1761.467434,3,served
2853,1764.670100,1764.692476,1764.670100,3,served
2854,1764.670100,1765.377784,1764.670100,0,served
2855,1765.993282,1766.014124,1765.993282,3,served
2856,1766.316561,1768.184412,1766.316561,3,served
2857,1766.316561,1770.690574,1766.316561,0,served
2858,1766.316561,1766.833839,1766.316561,1,served
2859,1766.316561,1772.088042,1766.731052,2,served
2860,1766.316561,1767.838850,1766.833839,1,served
2861,1766.998289,1769.188740,1767.838850,1,served
2862,1770.194657,1770.485629,1770.194657,3,served
2863,1773.445057,1774.587429,1773.445057,3,served
2864,1773.445057,1773.796875,1773.445057,0,served
2865,1773.445057,1774.206465,1773.445057,1,served
2866,1773.805682,1775.715466,1773.805682,0,served
2867,1773.805682,1777.201428,1773.805682,2,served
2868,1773.866169,1777.457827,1774.206465,1,served
2869,1775.705080,1775.733023,1775.705080,3,served
2870,1776.108989,1777.053613,1776.108989,3,served
2871,1778.840650,1780.855032,1778.840650,3,served
2872,1780.836553,1781.524582,1780.836553,0,served
2873,1781.242332,1785.057337,1781.242332,3,served
2874,1781.242332,1781.846460,1781.242332,1,served
2875,1781.242332,1781.360196,1781.242332,2,served
2876,1781.242332,1782.638675,1781.360196,2,served
2877,1781.358764,1783.488937,1781.524582,0,served
2878,1781.358764,1784.635238,1781.846460,1,served
2879,1781.358764,1783.126225,1782.638675,2,served
2880,1781.358764,1792.173741,1783.126225,2,served
2881,1784.380341,1784.900346,1784.380341,0,served
2882,1784.406867,1785.866030,1784.635238,1,served
2883,1784.588436,1786.083218,1784.900346,0,served
2884,1785.730928,1786.593128,1785.730928,3,served
2885,1786.295463,1786.710799,1786.295463,0,served
2886,1786.295463,1787.733047,1786.295463,1,served
2887,1786.565004,1786.955792,1786.593128,3,served
2888,1786.565004,1790.056275,1786.710799,0,served
2889,1786.565004,1787.783366,1786.955792,3,served
2890,1786.565004,1788.204935,1787.733047,1,served
2891,1786.565004,1788.876611,1787.783366,3,served
2892,1786.565004,1794.020597,1788.204935,1,served
2893,1786.565004,1789.723234,1788.876611,3,served
2894,1786.565004,1790.163495,1789.723234,3,served
2895,1787.937274,1793.351904,1790.056275,0,served
2896,1787.937274,1793.746205,1790.163495,3,served
2897,1788.171406,1793.076404,1792.173741,2,served
2898,1788.398372,1795.704429,1793.076404,2,served
2899,1788.510701,1793.795640,1793.351904,0,served
2900,1790.578692,1794.315241,1793.746205,3,served
2901,1792.362694,1796.558245,1793.795640,0,served
2902,1793.661687,1794.090177,1794.020597,1,served
2903,1793.661687,1794.999260,1794.090177,1,served
2904,1793.661687,1794.747059,1794.315241,3,served
2905,1799.157884,1800.250141,1799.157884,3,served
2906,1800.962995,1801.531603,1800.962995,3,served
2907,1800.962995,1801.093565,1800.962995,0,served
2908,1800.962995,1803.994804,1800.962995,1,served
2909,1800.962995,1814.093245,1800.962995,2,served
2910,1801.524967,1802.175234,1801.524967,0,served
2911,1801.524967,1801.614453,1801.531603,3,served
2912,1801.524967,1803.698515,1801.614453,3,served
2913,1805.825670,1805.917576,1805.825670,3,served
2914,1806.196741,1807.029655,1806.196741,3,served
2915,1807.237544,1808.347544,1807.237544,3,served
2916,1807.237544,1810.580220,1807.237544,0,served
2917,1807.237544,1809.825719,1807.237544,1,served
2918,1807.665552,1811.877141,1808.347544,3,served
2919,1807.665552,1809.920504,1809.825719,1,served
2920,1807.665928,1813.400559,1809.920504,1,served
2921,1807.665928,1812.340839,1810.580220,0,served
2922,1809.132414,1812.714625,1811.877141,3,served
2923,1809.132414,1814.559200,1812.340839,0,served
2924,1809.132414,1813.126003,1812.714625,3,served
2925,1809.132414,1814.166537,1813.126003,3,served
2926,1809.132414,1813.504769,1813.400559,1,served
2927,1810.390922,1814.211405,1813.504769,1,served
2928,1810.630074,1814.137640,1814.093245,2,served
2929,1810.630074,1814.963006,1814.137640,2,served
2930,1812.065917,1815.559534,1814.166537,3,served
2931,1812.065917,1815.008346,1814.211405,1,served
2932,1814.288095,1816.177042,1814.559200,0,served
2933,1817.179974,1817.885147,1817.179974,3,served
2934,1819.206908,1819.694706,1819.206908,3,served
2935,1819.650470,1819.825872,1819.650470,0,served
2936,1822.030995,1825.012172,1822.030995,3,served
2937,1822.030995,1825.885921,1822.030995,0,served
2938,1822.030995,1822.913084,1822.030995,1,served
2939,1822.030995,1823.114975,1822.030995,2,served
2940,1822.030995,1824.641162,1822.913084,1,served
2941,1822.784272,1824.316115,1823.114975,2,served
2942,1823.464116,1828.165594,1824.316115,2,served
2943,1823.464116,1824.774924,1824.641162,1,served
2944,1823.464116,1824.971860,1824.774924,1,served
2945,1824.031363,1832.573876,1824.971860,1,served
2946,1824.031363,1825.586260,1825.012172,3,served
2947,1824.031363,1827.123414,1825.586260,3,served
2948,1824.031363,1826.176305,1825.885921,0,served
2949,1824.031363,1826.281114,1826.176305,0,served
2950,1824.274619,1827.776267,1826.281114,0,served
2951,1824.696284,1827.786741,1827.123414,3,served
2952,1824.696284,1829.029217,1827.776267,0,served
2953,1826.269656,1828.114539,1827.786741,3,served
2954,1826.269656,1828.264985,1828.114539,3,served
2955,1826.269656,1828.372333,1828.165594,2,served
2956,1829.162497,1830.808432,1829.162497,3,served
2957,1830.233991,1832.204594,1830.233991,0,served
2958,1830.233991,1831.509905,1830.233991,2,served
2959,1832.689602,1833.097728,1832.689602,3,served
2960,1832.689602,1836.579478,1832.689602,0,served
2961,1832.689602,1836.527210,1832.689602,1,served
2962,1832.817869,1839.991263,1832.817869,2,served
2963,1834.273151,1835.701933,1834.273151,3,served
2964,1834.273151,1837.207583,1835.701933,3,served
2965,1834.273151,1836.701356,1836.527210,1,served
2966,1834.273151,1837.476085,1836.579478,0,served
2967,1835.855903,1851.363306,1836.701356,1,served
2968,1837.182709,1837.853015,1837.207583,3,served
2969,1837.182709,1842.152520,1837.476085,0,served
2970,1837.763607,1838.655947,1837.853015,3,served
2971,1837.777515,1843.580750,1838.655947,3,served
2972,1838.337067,1847.028723,1839.991263,2,served
2973,1838.337067,1845.433894,1842.152520,0,served
2974,1838.337067,1844.991141,1843.580750,3,served
2975,1838.337067,1845.178325,1844.991141,3,served
2976,1838.337067,1846.211223,1845.178325,3,served
2977,1841.090955,1845.480857,1845.433894,0,served
2978,1845.922776,1847.713407,1845.922776,0,served
2979,1848.973661,1849.560331,1848.973661,3,served
2980,1848.973661,1850.640770,1848.973661,0,served
2981,1848.973661,1852.036915,1848.973661,2,served
2982,1849.888206,1849.955583,1849.888206,3,served
2983,1849.888206,1850.106377,1849.955583,3,served
2984,1850.323994,1850.592872,1850.323994,3,served
2985,1851.165569,1851.768557,1851.165569,3,served
2986,1852.236182,1853.349638,1852.236182,3,served
2987,1852.236182,1852.637695,1852.236182,0,served
2988,1852.305183,1853.404863,1852.305183,1,served
2989,1853.203543,1853.333650,1853.203543,0,served
2990,1853.203543,1854.382344,1853.203543,2,served
2991,1858.266540,1858.675782,1858.266540,3,served
2992,1859.322013,1859.949433,1859.322013,3,served
2993,1859.322013,1867.323958,1859.322013,0,served
2994,1859.322013,1860.151930,1859.322013,1,served
2995,1859.322013,1859.938605,1859.322013,2,served
2996,1861.650999,1862.203354,1861.650999,3,served
2997,1861.818554,1863.361034,1861.818554,1,served
2998,1863.114525,1863.784880,1863.114525,3,served
2999,1863.114525,1864.620103,1863.114525,2,served
3000,1863.114525,1863.406243,1863.361034,1,served
3001,1863.647317,1864.671164,1863.647317,1,served
3002,1863.654596,1864.380481,1863.784880,3,served
3003,1864.371593,1864.977157,1864.380481,3,served
3004,1864.514525,1865.696683,1864.620103,2,served
3005,1864.514525,1864.949512,1864.671164,1,served
3006,1865.716627,1866.907520,1865.716627,3,served
3007,1866.447611,1867.016131,1866.447611,1,served
3008,1866.447611,1867.776164,1866.447611,2,served
3009,1866.447611,1867.675624,1866.907520,3,served
3010,1867.713573,1867.741910,1867.713573,3,served
3011,1867.713573,1868.010411,1867.713573,0,served
3012,1867.713573,1869.337414,1867.713573,1,served
3013,1869.378871,1870.724484,1869.378871,3,served
3014,1870.037909,1870.297228,1870.037909,0,served
3015,1871.688060,1877.655069,1871.688060,3,served
3016,1873.707182,1873.900100,1873.707182,0,served
3017,1873.707182,1876.633151,1873.707182,1,served
3018,1876.448943,1877.410785,1876.448943,0,served
3019,1876.448943,1884.273874,1876.448943,2,served
3020,1878.379433,1881.537760,1878.379433,3,served
3021,1878.787087,1879.843243,1878.787087,0,served
3022,1878.883894,1879.201187,1878.883894,1,served
3023,1878.883894,1879.478426,1879.201187,1,served
3024,1878.883894,1880.727025,1879.478426,1,served
3025,1878.883894,1881.072770,1879.843243,0,served
3026,1878.883894,1881.270624,1880.727025,1,served
3027,1878.883894,1881.833644,1881.072770,0,served
3028,1878.883894,1885.060778,1881.270624,1,served
3029,1878.883894,1883.374398,1881.537760,3,served
3030,1878.883894,1882.743137,1881.833644,0,served
3031,1879.139842,1883.819307,1882.743137,0,served
3032,1879.139842,1884.971234,1883.374398,3,served
3033,1879.303390,1884.630220,1883.819307,0,served
3034,1879.799587,1885.127089,1884.273874,2,served
3035,1880.773664,1888.313237,1884.630220,0,served
3036,1881.505761,1887.164307,1884.971234,3,served
3037,1881.505761,1887.449701,1885.060778,1,served
3038,1881.505761,1886.771491,1885.127089,2,served
3039,1881.505761,1886.979489,1886.771491,2,served
3040,1881.505761,1890.156900,1886.979489,2,served
3041,1881.505761,1887.288741,1887.164307,3,served
3042,1881.505761,1887.456585,1887.288741,3,served
3043,1881.505761,1887.677884,1887.449701,1,served
3044,1881.505761,1887.716225,1887.456585,3,served
3045,1881.505761,1891.952059,1887.677884,1,served
3046,1881.505761,1887.982147,1887.716225,3,served
3047,1881.505761,1888.525919,1887.982147,3,served
3048,1883.534673,1889.756712,1888.313237,0,served
3049,1883.534673,1891.062668,1888.525919,3,served
3050,1883.534673,1889.894042,1889.756712,0,served
3051,1883.581278,1890.664626,1889.894042,0,served
3052,1883.689725,1890.907093,1890.156900,2,served
3053,1883.689725,1891.032159,1890.664626,0,served
3054,1883.689725,1898.530783,1890.907093,2,served
3055,1883.822611,1891.460213,1891.032159,0,served
3056,1884.928489,1891.576705,1891.062668,3,served
3057,1885.044274,1893.512976,1891.460213,0,served
3058,1886.233806,1892.960050,1891.576705,3,served
3059,1886.233806,1892.114321,1891.952059,1,served
3060,1886.233806,1892.776056,1892.114321,1,served
3061,1888.080612,1893.340537,1892.776056,1,served
3062,1888.453271,1893.216097,1892.960050,3,served
3063,1888.453271,1894.961523,1893.216097,3,served
3064,1888.700044,1894.276964,1893.340537,1,served
3065,1888.700044,1894.032673,1893.512976,0,served
3066,1889.725491,1894.278600,1894.032673,0,served
3067,1889.967225,1896.406839,1894.276964,1,served
3068,1890.726424,1899.022428,1894.278600,0,served
3069,1893.602240,1899.343689,1894.961523,3,served
3070,1893.602240,1900.093169,1896.406839,1,served
3071,1893.602240,1900.927352,1898.530783,2,served
3072,1893.602240,1904.333205,1899.022428,0,served
3073,1893.602240,1899.713546,1899.343689,3,served
3074,1893.602240,1902.262144,1899.713546,3,served
3075,1893.602240,1906.521047,1900.093169,1,served
3076,1895.354399,1901.352199,1900.927352,2,served
3077,1895.908210,1903.320646,1901.352199,2,served
3078,1899.382924,1902.458761,1902.262144,3,served
3079,1899.382924,1902.490934,1902.458761,3,served
3080,1899.382924,1902.814507,1902.490934,3,served
3081,1899.382924,1902.923593,1902.814507,3,served
3082,1900.462571,1904.495397,1902.923593,3,served
3083,1900.895123,1904.960506,1903.320646,2,served
3084,1900.895123,1905.075525,1904.333205,0,served
3085,1901.240711,1904.520347,1904.495397,3,served
3086,1901.587278,1906.562579,1904.520347,3,served
3087,1903.201841,1905.686237,1904.960506,2,served
3088,1903.201841,1905.792389,1905.075525,0,served
3089,1903.201841,1907.442876,1905.686237,2,served
3090,1903.408421,1906.268538,1905.792389,0,served
3091,1903.408421,1906.710198,1906.268538,0,served
3092,1904.171287,1917.766090,1906.521047,1,served
3093,1904.171287,1907.164060,1906.562579,3,served
3094,1905.126545,1910.438211,1906.710198,0,served
3095,1905.126545,1908.123025,1907.164060,3,served
3096,1905.126545,1914.139406,1907.442876,2,served
3097,1905.490450,1908.422160,1908.123025,3,served
3098,1905.490450,1909.441619,1908.422160,3,served
3099,1905.490450,1911.064020,1909.441619,3,served
3100,1905.490450,1911.284349,1910.438211,0,served
3101,1905.490450,1912.212344,1911.064020,3,served
3102,1905.490450,1911.575560,1911.284349,0,served
3103,1905.490450,1912.723503,1911.575560,0,served
3104,1905.631628,1913.954158,1912.212344,3,served
3105,1905.631628,1913.205400,1912.723503,0,served
3106,1905.631628,1915.492317,1913.205400,0,served
3107,1905.631628,1914.379275,1913.954158,3,served
3108,1905.631628,1918.071073,1914.139406,2,served
3109,1907.395237,1914.400018,1914.379275,3,served
3110,1910.509811,1915.207514,1914.400018,3,served
3111,1910.509811,1915.688593,1915.207514,3,served
3112,1910.509811,1916.493741,1915.492317,0,served
3113,1912.515335,1916.209111,1915.688593,3,served
3114,1912.805893,1916.461934,1916.209111,3,served
3115,1914.285064,1917.330311,1916.461934,3,served
3116,1914.285064,1920.097921,1916.493741,0,served
3117,1914.285064,1919.969594,1917.330311,3,served
3118,1914.441929,1918.719304,1917.766090,1,served
3119,1914.441929,1919.303689,1918.071073,2,served
3120,1914.441929,1924.032642,1918.719304,1,served
3121,1915.571289,1922.566177,1919.303689,2,served
3122,1915.571289,1920.644680,1919.969594,3,served
3123,1916.488522,1921.130331,1920.097921,0,served
3124,1916.488522,1922.923235,1920.644680,3,served
3125,1918.217862,1921.997167,1921.130331,0,served
3126,1919.810966,1922.301636,1921.997167,0,served
3127,1919.810966,1923.762566,1922.301636,0,served
3128,1919.810966,1926.040958,1922.566177,2,served
3129,1919.810966,1924.334039,1922.923235,3,served
3130,1921.230484,1923.829832,1923.762566,0,served
3131,1921.230484,1926.071771,1923.829832,0,served
3132,1922.047904,1929.732069,1924.032642,1,served
3133,1922.047904,1925.409420,1924.334039,3,served
3134,1922.047904,1925.865327,1925.409420,3,served
3135,1922.047904,1926.517283,1925.865327,3,served
3136,1924.605061,1935.965096,1926.040958,2,served
3137,1924.715637,1927.991290,1926.071771,0,served
3138,1924.715637,1926.957964,1926.517283,3,served
3139,1924.715637,1929.533487,1926.957964,3,served
3140,1925.091180,1930.899981,1927.991290,0,served
3141,1925.091180,1930.472902,1929.533487,3,served
3142,1926.358353,1930.610218,1929.732069,1,served
3143,1926.358353,1930.565311,1930.472902,3,served
3144,1926.358353,1930.590142,1930.565311,3,served
3145,1928.322007,1931.208284,1930.590142,3,served
3146,1928.408793,1933.094881,1930.610218,1,served
3147,1928.993980,1931.712203,1930.899981,0,served
3148,1928.993980,1931.492069,1931.208284,3,served
3149,1930.200675,1931.964868,1931.492069,3,served
3150,1930.200675,1937.471517,1931.712203,0,served
3151,1930.200675,1932.334176,1931.964868,3,served
3152,1930.200675,1932.370374,1932.334176,3,served
3153,1930.200675,1933.220902,1932.370374,3,served
3154,1930.200675,1934.229752,1933.094881,1,served
3155,1932.514064,1933.486462,1933.220902,3,served
3156,1932.514064,1933.634738,1933.486462,3,served
3157,1932.926337,1933.999105,1933.634738,3,served
3158,1934.716567,1935.197199,1934.716567,3,served
3159,1934.781838,1940.296066,1934.781838,1,served
3160,1937.359425,1937.577660,1937.359425,3,served
3161,1943.074050,1947.401269,1943.074050,3,served
3162,1943.074050,1943.706733,1943.074050,0,served
3163,1944.689957,1947.005906,1944.689957,0,served
3164,1947.211724,1947.421931,1947.211724,0,served
3165,1947.211724,1951.847158,1947.211724,1,served
3166,1947.211724,1950.007865,1947.211724,2,served
3167,1947.211724,1948.705845,1947.401269,3,served
3168,1947.211724,1948.172598,1947.421931,0,served
3169,1947.211724,1951.022358,1948.172598,0,served
3170,1947.377384,1948.849153,1948.705845,3,served
3171,1950.671222,1952.055850,1950.671222,3,served
3172,1951.126781,1953.581467,1951.126781,0,served
3173,1951.126781,1955.459590,1951.126781,2,served
3174,1951.616328,1955.866955,1951.847158,1,served
3175,1952.251214,1954.064105,1952.251214,3,served
3176,1952.251214,1954.700568,1953.581467,0,served
3177,1952.487763,1958.813392,1954.064105,3,served
3178,1952.551269,1954.894297,1954.700568,0,served
3179,1956.603826,1956.659795,1956.603826,0,served
3180,1957.440123,1957.882881,1957.440123,0,served
3181,1957.670612,1960.907585,1957.670612,1,served
3182,1957.670612,1963.440507,1957.670612,2,served
3183,1957.854328,1960.140891,1957.882881,0,served
3184,1958.348899,1961.524218,1958.813392,3,served
3185,1958.546167,1962.253176,1960.140891,0,served
3186,1959.638288,1961.322201,1960.907585,1,served
3187,1959.638288,1961.484818,1961.322201,1,served
3188,1959.638288,1964.201341,1961.484818,1,served
3189,1959.638288,1961.852691,1961.524218,3,served
3190,1959.638288,1963.398533,1961.852691,3,served
3191,1959.638288,1963.609135,1962.253176,0,served
3192,1959.638288,1963.967289,1963.398533,3,served
3193,1959.638288,1963.474485,1963.440507,2,served
3194,1959.638288,1964.072826,1963.474485,2,served
3195,1962.447901,1963.933386,1963.609135,0,served
3196,1962.447901,1964.484801,1963.933386,0,served
3197,1962.447901,1965.009735,1963.967289,3,served
3198,1963.854764,1965.838794,1964.072826,2,served
3199,1963.854764,1966.067026,1964.201341,1,served
3200,1965.158278,1967.575476,1965.158278,3,served
3201,1965.158278,1969.828834,1965.158278,0,served
3202,1965.542534,1969.122199,1965.838794,2,served
3203,1967.143633,1973.896709,1967.143633,1,served
3204,1968.692402,1969.499924,1968.692402,3,served
3205,1969.350453,1973.101447,1969.350453,2,served
3206,1969.596123,1969.725609,1969.596123,3,served
3207,1969.596123,1970.174746,1969.725609,3,served
3208,1969.596123,1970.247078,1969.828834,0,served
3209,1971.820087,1972.695365,1971.820087,3,served
3210,1971.820087,1973.454263,1971.820087,0,served
3211,1971.820087,1972.744203,1972.695365,3,served
3212,1972.251548,1973.988515,1972.744203,3,served
3213,1972.829877,1973.991451,1973.101447,2,served
3214,1977.535224,1979.114392,1977.535224,3,served
3215,1977.535224,1977.750991,1977.535224,0,served
3216,1977.535224,1978.582043,1977.535224,1,served
3217,1977.535224,1981.222308,1977.535224,2,served
3218,1977.535224,1978.314345,1977.750991,0,served
3219,1977.535224,1979.629883,1978.314345,0,served
3220,1979.287061,1981.532951,1979.287061,3,served
3221,1979.287061,1981.356840,1979.287061,1,served
3222,1979.287061,1981.029451,1979.629883,0,served
3223,1979.287061,1981.787004,1981.029451,0,served
3224,1981.246130,1982.809437,1981.246130,2,served
3225,1981.246130,1988.527640,1981.356840,1,served
3226,1981.268535,1982.157705,1981.532951,3,served
3227,1981.268535,1983.445532,1981.787004,0,served
3228,1981.275259,1985.703376,1982.157705,3,served
3229,1982.020401,1983.376983,1982.809437,2,served
3230,1982.020401,1987.540182,1983.376983,2,served
3231,1982.020401,1989.062611,1983.445532,0,served
3232,1982.020401,1985.727494,1985.703376,3,served
3233,1982.020401,1986.698038,1985.727494,3,served
3234,1983.706159,1987.345448,1986.698038,3,served
3235,1984.845437,1987.731589,1987.345448,3,served
3236,1985.037270,1988.798387,1987.540182,2,served
3237,1985.471762,1988.237387,1987.731589,3,served
3238,1985.933237,1988.780858,1988.237387,3,served
3239,1985.933237,1988.691506,1988.527640,1,served
3240,1985.933237,1994.749654,1988.691506,1,served
3241,1986.201740,1989.972946,1988.780858,3,served
3242,1986.201740,1989.908891,1988.798387,2,served
3243,1986.528362,1989.281408,1989.062611,0,served
3244,1992.641649,1994.749279,1992.641649,3,served
3245,1992.641649,1992.822491,1992.641649,0,served
3246,1992.641649,1993.209284,1992.641649,2,served
3247,1992.641649,1992.839640,1992.822491,0,served
3248,1992.641649,1992.949990,1992.839640,0,served
3249,1993.311442,1995.629146,1993.311442,0,served
3250,1995.571646,1996.713794,1995.571646,3,served
3251,1995.571646,1997.499376,1995.571646,1,served
3252,1996.617064,1996.785732,1996.617064,0,served
3253,1996.617064,1998.676410,1996.617064,2,served
3254,1996.617064,1999.676251,1996.713794,3,served
3255,1996.959142,1997.646442,1996.959142,0,served
3256,1997.233872,1998.957686,1997.499376,1,served
3257,1997.233872,1998.571185,1997.646442,0,served
3258,1999.308863,2000.751517,1999.308863,0,served
3259,1999.308863,2001.380097,1999.308863,1,served
3260,2000.396677,2004.066504,2000.396677,3,served
3261,2000.396677,2000.699917,2000.396677,2,served
3262,2000.396677,2000.781004,2000.699917,2,served
3263,2000.801699,2001.842774,2000.801699,0,served
3264,2001.665589,2004.145399,2001.665589,1,served
3265,2002.886443,2006.666120,2002.886443,0,served
3266,2003.186578,2007.779559,2003.186578,2,served
3267,2004.068771,2004.360037,2004.068771,3,served
3268,2005.448304,2005.496422,2005.448304,3,served
3269,2006.037636,2006.430714,2006.037636,3,served
3270,2006.037636,2012.324408,2006.037636,1,served
3271,2006.037636,2006.976971,2006.430714,3,served
3272,2006.159560,2010.257604,2006.666120,0,served
3273,2008.357433,2011.117024,2008.357433,3,served
3274,2008.514662,2016.049212,2008.514662,2,served
3275,2008.514662,2011.737504,2010.257604,0,served
3276,2008.944599,2012.199264,2011.117024,3,served
3277,2009.687033,2012.573353,2011.737504,0,served
3278,2011.081817,2012.711591,2012.199264,3,served
3279,2011.081817,2013.351140,2012.324408,1,served
3280,2011.949614,2013.011713,2012.573353,0,served
3281,2011.949614,2013.041204,2012.711591,3,served
3282,2011.949614,2016.997919,2013.011713,0,served
3283,2011.949614,2016.160789,2013.041204,3,served
3284,2011.949614,2016.968764,2013.351140,1,served
3285,2012.162256,2019.810326,2016.049212,2,served
3286,2015.193048,2016.505866,2016.160789,3,served
3287,2019.359946,2019.757343,2019.359946,3,served
3288,2019.359946,2020.426231,2019.359946,0,served
3289,2020.191810,2021.257551,2020.191810,3,served
3290,2020.191810,2020.620528,2020.191810,1,served
3291,2020.758027,2021.245034,2020.758027,0,served
3292,2020.758027,2023.524108,2020.758027,1,served
3293,2023.777951,2024.166953,2023.777951,3,served
3294,2023.777951,2025.083512,2023.777951,0,served
3295,2023.777951,2024.201406,2023.777951,1,served
3296,2023.777951,2028.983555,2023.777951,2,served
3297,2023.777951,2024.363503,2024.166953,3,served
3298,2027.765981,2030.294316,2027.765981,3,served
3299,2029.319138,2032.071171,2029.319138,0,served
3300,2029.319138,2034.461378,2029.319138,1,served
3301,2029.319138,2029.367214,2029.319138,2,served
3302,2029.319138,2029.454600,2029.367214,2,served
3303,2029.319138,2029.495477,2029.454600,2,served
3304,2029.319138,2030.787342,2029.495477,2,served
3305,2029.319138,2031.994216,2030.294316,3,served
3306,2030.198966,2032.798898,2030.787342,2,served
3307,2030.198966,2033.316736,2031.994216,3,served
3308,2030.198966,2033.093421,2032.071171,0,served
3309,2030.508088,2044.898646,2032.798898,2,served
3310,2030.508088,2034.565764,2033.093421,0,served
3311,2031.682287,2033.952478,2033.316736,3,served
3312,2031.682287,2035.020659,2033.952478,3,served
3313,2032.630430,2035.413155,2034.461378,1,served
3314,2032.630430,2036.312791,2034.565764,0,served
3315,2032.630430,2035.091414,2035.020659,3,served
3316,2035.349214,2035.393761,2035.349214,3,served
3317,2035.349214,2036.517239,2035.393761,3,served
3318,2035.349214,2039.476144,2035.413155,1,served
3319,2035.633749,2036.555673,2036.312791,0,served
3320,2035.633749,2036.622056,2036.517239,3,served
3321,2036.068551,2036.710216,2036.555673,0,served
3322,2038.042237,2040.094088,2038.042237,3,served
3323,2038.733841,2039.377182,2038.733841,0,served
3324,2038.949634,2039.893149,2039.377182,0,served
3325,2038.949634,2040.077018,2039.476144,1,served
3326,2041.571838,2042.628170,2041.571838,3,served
3327,2043.079069,2043.575461,2043.079069,3,served
3328,2044.411874,2045.492068,2044.411874,3,served
3329,2044.419710,2045.017674,2044.419710,0,served
3330,2044.419710,2062.029963,2044.419710,1,served
3331,2045.890632,2046.136881,2045.890632,3,served
3332,2046.109814,2046.869307,2046.109814,0,served
3333,2047.461548,2049.156286,2047.461548,3,served
3334,2049.294282,2049.522559,2049.294282,3,served
3335,2050.339989,2050.787572,2050.339989,3,served
3336,2050.339989,2053.880425,2050.339989,0,served
3337,2050.607902,2051.729531,2050.607902,2,served
3338,2052.221885,2052.761578,2052.221885,3,served
3339,2052.221885,2053.601973,2052.221885,2,served
3340,2052.420358,2053.359774,2052.761578,3,served
3341,2052.420358,2053.935724,2053.359774,3,served
3342,2052.420358,2055.938519,2053.601973,2,served
3343,2052.420358,2054.804795,2053.880425,0,served
3344,2053.995484,2056.867366,2053.995484,3,served
3345,2053.995484,2058.030374,2054.804795,0,served
3346,2053.995484,2059.371932,2055.938519,2,served
3347,2055.852159,2057.013681,2056.867366,3,served
3348,2055.852159,2057.621758,2057.013681,3,served
3349,2056.331547,2058.109535,2057.621758,3,served
3350,2056.331547,2060.233854,2058.030374,0,served
3351,2056.331547,2058.733461,2058.109535,3,served
3352,2056.565400,2058.895209,2058.733461,3,served
3353,2056.865325,2060.380958,2058.895209,3,served
3354,2056.865325,2059.921114,2059.371932,2,served
3355,2056.865325,2060.640780,2059.921114,2,served
3356,2056.927391,2064.582045,2060.233854,0,served
3357,2059.215250,2065.541252,2060.380958,3,served
3358,2059.215250,2061.831480,2060.640780,2,served
3359,2060.577804,2063.743301,2061.831480,2,served
3360,2060.577804,2071.501875,2062.029963,1,served
3361,2060.577804,2067.275138,2063.743301,2,served
3362,2060.577804,2064.691369,2064.582045,0,served
3363,2061.306354,2066.360816,2064.691369,0,served
3364,2061.306354,2067.318676,2065.541252,3,served
3365,2061.306354,2067.195215,2066.360816,0,served
3366,2062.555637,2067.621773,2067.195215,0,served
3367,2062.555637,2072.044040,2067.275138,2,served
3368,2063.233373,2067.643811,2067.318676,3,served
3369,2063.233373,2068.063849,2067.621773,0,served
3370,2063.233373,2067.821303,2067.643811,3,served
3371,2065.150251,2069.154836,2067.821303,3,served
3372,2069.101543,2071.396896,2069.101543,0,served
3373,2070.951441,2071.088568,2070.951441,3,served
3374,2073.638749,2073.735281,2073.638749,3,served
3375,2073.638749,2073.867858,2073.638749,0,served
3376,2078.323728,2078.447025,2078.323728,3,served
3377,2078.618912,2080.110110,2078.618912,3,served
3378,2078.618912,2082.285150,2078.618912,0,served
3379,2079.837001,2082.398986,2079.837001,1,served
3380,2079.837001,2080.441841,2079.837001,2,served
3381,2081.220751,2082.153493,2081.220751,3,served
3382,2081.220751,2081.909241,2081.220751,2,served
3383,2081.379404,2085.806338,2081.909241,2,served
3384,2081.379404,2083.647023,2082.153493,3,served
3385,2081.379404,2082.296050,2082.285150,0,served
3386,2081.634362,2082.563710,2082.296050,0,served
3387,2081.785716,2086.966617,2082.398986,1,served
3388,2081.785716,2083.264382,2082.563710,0,served
3389,2081.785716,2084.150818,2083.264382,0,served
3390,2081.785716,2084.318688,2083.647023,3,served
3391,2081.785716,2084.160175,2084.150818,0,served
3392,2081.785716,2084.817831,2084.160175,0,served
3393,2081.785716,2086.005844,2084.318688,3,served
3394,2081.785716,2085.108833,2084.817831,0,served
3395,2082.967616,2086.650293,2085.108833,0,served
3396,2082.967616,2088.964554,2085.806338,2,served
3397,2082.967616,2089.016742,2086.005844,3,served
3398,2082.967616,2087.817696,2086.650293,0,served
3399,2082.967616,2087.254273,2086.966617,1,served
3400,2083.637355,2089.650329,2087.254273,1,served
3401,2083.637355,2088.783223,2087.817696,0,served
3402,2088.246135,2089.880682,2088.783223,0,served
3403,2089.335006,2089.455509,2089.335006,3,served
3404,2089.672165,2091.397754,2089.672165,3,served
3405,2090.141399,2092.358808,2090.141399,0,served
3406,2090.178660,2091.420413,2090.178660,1,served
3407,2090.267798,2090.543490,2090.267798,2,served
3408,2092.863632,2094.074445,2092.863632,3,served
3409,2093.279748,2094.849127,2093.279748,0,served
3410,2093.279748,2098.809339,2093.279748,1,served
3411,2093.279748,2095.947199,2093.279748,2,served
3412,2093.644801,2094.263937,2094.074445,3,served
3413,2093.973909,2095.257430,2094.263937,3,served
3414,2094.162520,2095.209281,2094.849127,0,served
3415,2094.162520,2095.743221,2095.209281,0,served
3416,2094.579871,2096.533136,2095.257430,3,served
3417,2094.844614,2101.513735,2095.743221,0,served
3418,2095.701079,2097.110788,2095.947199,2,served
3419,2097.674373,2098.143617,2097.674373,3,served
3420,2097.674373,2097.745245,2097.674373,2,served
3421,2097.674373,2103.100119,2097.745245,2,served
3422,2099.321312,2099.827606,2099.321312,3,served
3423,2099.321312,2101.491411,2099.321312,1,served
3424,2099.602758,2101.068391,2099.827606,3,served
3425,2099.602758,2101.107309,2101.068391,3,served
3426,2099.602758,2102.489727,2101.107309,3,served
3427,2099.602758,2101.551222,2101.491411,1,served
3428,2099.602758,2102.453191,2101.513735,0,served
3429,2099.602758,2104.913977,2101.551222,1,served
3430,2099.602758,2102.468387,2102.453191,0,served
3431,2100.181105,2103.989308,2102.468387,0,served
3432,2100.181105,2103.051128,2102.489727,3,served
3433,2101.734419,2103.295730,2103.051128,3,served
3434,2101.964779,2103.822191,2103.100119,2,served
3435,2102.142361,2103.608489,2103.295730,3,served
3436,2102.142361,2103.836960,2103.608489,3,served
3437,2102.142361,2105.402281,2103.822191,2,served
3438,2103.379492,2104.328453,2103.836960,3,served
3439,2104.169542,2104.186482,2104.169542,0,served
3440,2104.169542,2104.890146,2104.186482,0,served
3441,2104.169542,2104.671482,2104.328453,3,served
3442,2105.414594,2105.741840,2105.414594,3,served
3443,2105.414594,2106.045791,2105.414594,0,served
3444,2106.334873,2108.126590,2106.334873,3,served
3445,2107.560339,2110.162991,2107.560339,0,served
3446,2107.560339,2110.030660,2107.560339,1,served
3447,2107.560339,2108.982078,2107.560339,2,served
3448,2107.560339,2108.127503,2108.126590,3,served
3449,2107.560339,2109.324273,2108.127503,3,served
3450,2108.730432,2111.795438,2108.982078,2,served
3451,2109.322051,2109.392029,2109.324273,3,served
3452,2109.322051,2111.027176,2109.392029,3,served
3453,2109.322051,2110.158483,2110.030660,1,served
3454,2109.322051,2116.276988,2110.158483,1,served
3455,2111.092531,2112.783788,2111.092531,3,served
3456,2111.092531,2112.197229,2111.092531,0,served
3457,2114.016483,2114.508403,2114.016483,3,served
3458,2114.016483,2116.606515,2114.016483,0,served
3459,2114.016483,2114.123136,2114.016483,2,served
3460,2114.016483,2122.372810,2114.123136,2,served
3461,2114.016483,2114.855989,2114.508403,3,served
3462,2114.736232,2115.038460,2114.855989,3,served
3463,2120.807102,2121.955444,2120.807102,3,served
3464,2120.807102,2125.006150,2120.807102,0,served
3465,2127.406275,2128.215338,2127.406275,3,served
3466,2127.466755,2127.922597,2127.466755,0,served
3467,2127.466755,2127.864221,2127.466755,1,served
3468,2129.130666,2129.279048,2129.130666,3,served
3469,2129.130666,2131.346912,2129.130666,0,served
3470,2130.482054,2131.141974,2130.482054,3,served
3471,2130.482054,2132.940258,2130.482054,1,served
3472,2130.482054,2133.623177,2130.482054,2,served
3473,2130.482054,2131.184247,2131.141974,3,served
3474,2130.482054,2132.766037,2131.184247,3,served
3475,2132.080463,2132.183627,2132.080463,0,served
3476,2132.895575,2134.673667,2132.895575,3,served
3477,2132.895575,2134.018616,2132.895575,0,served
3478,2136.252956,2136.473974,2136.252956,3,served
3479,2136.484650,2137.053357,2136.484650,3,served
3480,2137.664785,2137.746981,2137.664785,3,served
3481,2137.854821,2139.137753,2137.854821,3,served
3482,2137.854821,2139.310421,2137.854821,0,served
3483,2137.854821,2138.232994,2137.854821,1,served
3484,2138.031334,2140.521897,2138.031334,2,served
3485,2138.497348,2138.795129,2138.497348,1,served
3486,2140.050831,2140.145353,2140.050831,3,served
3487,2140.115335,2149.005396,2140.115335,0,served
3488,2140.115335,2141.904013,2140.115335,1,served
3489,2140.115335,2143.858595,2140.145353,3,served
3490,2140.115335,2141.726954,2140.521897,2,served
3491,2141.446816,2148.177411,2141.726954,2,served
3492,2141.466163,2143.143117,2141.904013,1,served
3493,2141.466163,2146.589702,2143.143117,1,served
3494,2141.466163,2144.893231,2143.858595,3,served
3495,2141.466163,2146.528606,2144.893231,3,served
3496,2143.107683,2150.034178,2146.528606,3,served
3497,2143.107683,2152.147982,2146.589702,1,served
3498,2143.360089,2158.933826,2148.177411,2,served
3499,2144.626473,2156.704298,2149.005396,0,served
3500,2144.626473,2150.512620,2150.034178,3,served
3501,2144.626473,2150.875798,2150.512620,3,served
3502,2144.626473,2152.874722,2150.875798,3,served
3503,2145.311650,2153.915810,2152.147982,1,served
3504,2145.311650,2154.409031,2152.874722,3,served
3505,2145.311650,2156.171714,2153.915810,1,served
3506,2145.311650,2154.877826,2154.409031,3,served
3507,2145.311650,2154.899190,2154.877826,3,served
3508,2145.368832,2155.164600,2154.899190,3,served
3509,2146.829352,2156.077482,2155.164600,3,served
3510,2149.725014,2156.686154,2156.077482,3,served
3511,2149.725014,2164.811031,2156.171714,1,served
3512,2149.725014,2157.781648,2156.686154,3,served
3513,2149.880176,2156.872015,2156.704298,0,served
3514,2150.167864,2157.104317,2156.872015,0,served
3515,2150.807572,2158.536229,2157.104317,0,served
3516,2153.313330,2157.861788,2157.781648,3,served
3517,2156.023624,2157.978932,2157.861788,3,served
3518,2156.023624,2158.380623,2157.978932,3,served
3519,2156.023624,2158.810046,2158.380623,3,served
3520,2156.023624,2160.411116,2158.536229,0,served
3521,2156.231316,2159.007112,2158.810046,3,served
3522,2156.231316,2164.886610,2158.933826,2,served
3523,2157.560734,2163.456009,2159.007112,3,served
3524,2157.560734,2161.167977,2160.411116,0,served
3525,2157.560734,2162.156870,2161.167977,0,served
3526,2160.449189,2164.227208,2162.156870,0,served
3527,2162.124055,2164.929850,2163.456009,3,served
3528,2163.993489,2166.146627,2164.227208,0,served
3529,2165.709159,2165.880818,2165.709159,3,served
3530,2167.778550,2169.289654,2167.778550,3,served
3531,2167.963791,2169.608109,2167.963791,0,served
3532,2167.963791,2173.055382,2167.963791,1,served
3533,2167.963791,2168.055851,2167.963791,2,served
3534,2170.946862,2171.126541,2170.946862,3,served
3535,2171.941318,2174.014249,2171.941318,3,served
3536,2172.331072,2172.406187,2172.331072,0,served
3537,2172.331072,2173.172053,2172.331072,2,served
3538,2172.331072,2173.073925,2172.406187,0,served
3539,2172.423849,2173.967851,2173.055382,1,served
3540,2172.517316,2178.893961,2173.073925,0,served
3541,2172.517316,2177.179878,2173.172053,2,served
3542,2174.796519,2177.457197,2174.796519,3,served
3543,2175.197686,2178.724248,2175.197686,1,served
3544,2176.692341,2177.820896,2177.179878,2,served
3545,2176.692341,2178.427538,2177.457197,3,served
3546,2176.692341,2184.080769,2177.820896,2,served
3547,2176.692341,2179.274210,2178.427538,3,served
3548,2177.009076,2178.944936,2178.724248,1,served
3549,2178.014530,2179.747677,2178.893961,0,served
3550,2178.014530,2182.707840,2178.944936,1,served
3551,2180.080441,2180.372637,2180.080441,3,served
3552,2180.080441,2182.171934,2180.080441,0,served
3553,2180.080441,2182.377095,2180.372637,3,served
3554,2180.381909,2183.057892,2182.171934,0,served
3555,2180.381909,2183.671151,2182.377095,3,served
3556,2180.381909,2188.129773,2182.707840,1,served
3557,2180.381909,2185.146066,2183.057892,0,served
3558,2180.381909,2185.644453,2183.671151,3,served
3559,2180.855858,2185.792625,2184.080769,2,served
3560,2180.855858,2187.645182,2185.146066,0,served
3561,2180.855858,2186.365527,2185.644453,3,served
3562,2182.603336,2187.974840,2185.792625,2,served
3563,2182.969250,2187.181030,2186.365527,3,served
3564,2182.969250,2187.271140,2187.181030,3,served
3565,2183.473739,2187.791072,2187.271140,3,served
3566,2183.473739,2189.693351,2187.645182,0,served
3567,2184.070207,2189.255280,2187.791072,3,served
3568,2184.070207,2188.797113,2187.974840,2,served
3569,2184.070207,2190.156853,2188.129773,1,served
3570,2184.813136,2189.781860,2188.797113,2,served
3571,2185.616509,2189.662761,2189.255280,3,served
3572,2185.616509,2193.096814,2189.662761,3,served
3573,2190.188471,2194.670414,2190.188471,0,served
3574,2192.042269,2193.940051,2192.042269,1,served
3575,2193.650136,2195.233945,2193.650136,3,served
3576,2195.021690,2196.584130,2195.021690,0,served
3577,2195.498340,2198.045493,2195.498340,3,served
3578,2195.498340,2196.594613,2195.498340,1,served
3579,2196.926247,2197.988611,2196.926247,0,served
3580,2196.926247,2196.959956,2196.926247,1,served
3581,2196.926247,2203.676252,2196.926247,2,served
3582,2197.983076,2203.722138,2197.983076,1,served
3583,2198.626022,2198.989840,2198.626022,3,served
3584,2198.782038,2199.768390,2198.782038,0,served
3585,2199.537194,2200.145700,2199.537194,3,served
3586,2200.034772,2200.051203,2200.034772,0,served
3587,2204.099196,2204.890813,2204.099196,3,served
3588,2204.099196,2205.676880,2204.099196,0,served
3589,2204.991665,2205.109398,2204.991665,3,served
3590,2204.991665,2208.673455,2204.991665,1,served
3591,2205.342553,2205.403934,2205.342553,3,served
3592,2207.370907,2207.638647,2207.370907,3,served
3593,2207.370907,2209.523928,2207.370907,0,served
3594,2207.370907,2209.057861,2207.370907,2,served
3595,2207.370907,2211.217766,2207.638647,3,served
3596,2207.370907,2211.946197,2208.673455,1,served
3597,2207.370907,2211.050214,2209.057861,2,served
3598,2207.851578,2211.364150,2209.523928,0,served
3599,2207.851578,2214.637440,2211.050214,2,served
3600,2211.174384,2211.535613,2211.217766,3,served
3601,2211.813909,2212.079582,2211.813909,3,served
3602,2213.048364,2213.262592,2213.048364,3,served
3603,2213.982292,2214.017387,2213.982292,3,served
3604,2214.130062,2214.423909,2214.130062,3,served
3605,2215.001296,2215.317999,2215.001296,3,served
3606,2216.487302,2218.677986,2216.487302,3,served
3607,2217.839089,2220.717530,2217.839089,0,served
3608,2219.804138,2220.340717,2219.804138,3,served
3609,2220.666784,2222.249903,2220.666784,3,served
3610,2222.729989,2223.680038,2222.729989,3,served
3611,2222.729989,2224.019531,2222.729989,0,served
3612,2222.829221,2223.758994,2222.829221,1,served
3613,2224.448058,2224.953128,2224.448058,3,served
3614,2224.448058,2226.216278,2224.448058,0,served
3615,2224.448058,2225.077641,2224.448058,1,served
3616,2224.617190,2228.064454,2224.617190,2,served
3617,2224.930297,2226.358866,2224.953128,3,served
3618,2225.688749,2230.677822,2225.688749,1,served
3619,2225.688749,2226.461892,2226.216278,0,served
3620,2225.688749,2226.390655,2226.358866,3,served
3621,2226.466488,2226.665822,2226.466488,3,served
3622,2227.506745,2229.444927,2227.506745,3,served
3623,2227.506745,2230.333141,2227.506745,0,served
3624,2227.506745,2230.987289,2228.064454,2,served
3625,2228.177213,2231.862359,2229.444927,3,served
3626,2228.177213,2230.951117,2230.333141,0,served
3627,2228.177213,2230.801655,2230.677822,1,served
3628,2229.054483,2234.060295,2230.801655,1,served
3629,2229.054483,2231.058215,2230.951117,0,served
3630,2229.054483,2232.745892,2230.987289,2,served
3631,2229.054483,2231.793463,2231.058215,0,served
3632,2229.054483,2231.929998,2231.793463,0,served
3633,2229.054483,2231.961181,2231.862359,3,served
3634,2229.054483,2234.447665,2231.929998,0,served
3635,2229.054483,2232.178746,2231.961181,3,served
3636,2229.054483,2232.384220,2232.178746,3,served
3637,2229.680156,2232.727702,2232.384220,3,served
3638,2229.712312,2232.872943,2232.727702,3,served
3639,2233.321137,2234.066215,2233.321137,3,served
3640,2233.361068,2237.505313,2233.361068,2,served
3641,2233.841848,2235.867020,2234.060295,1,served
3642,2233.841848,2235.452403,2234.066215,3,served
3643,2233.882497,2236.536862,2234.447665,0,served
3644,2233.882497,2235.535191,2235.452403,3,served
3645,2236.425375,2236.987888,2236.425375,3,served
3646,2236.425375,2236.533059,2236.425375,1,served
3647,2239.234631,2239.279417,2239.234631,3,served
3648,2239.234631,2239.545484,2239.234631,0,served
3649,2240.755169,2240.801261,2240.755169,3,served
3650,2240.755169,2240.854476,2240.755169,0,served
3651,2240.755169,2246.287650,2240.755169,1,served
3652,2240.869659,2241.209186,2240.869659,3,served
3653,2241.997895,2242.790786,2241.997895,3,served
3654,2244.392435,2245.208525,2244.392435,3,served
3655,2244.392435,2244.783821,2244.392435,0,served
3656,2244.392435,2248.092857,2244.392435,2,served
3657,2245.442065,2245.807211,2245.442065,3,served
3658,2245.442065,2248.462660,2245.442065,0,served
3659,2245.483019,2248.606750,2245.807211,3,served
3660,2245.483019,2246.301198,2246.287650,1,served
3661,2245.483019,2247.211883,2246.301198,1,served
3662,2246.692359,2248.724976,2247.211883,1,served
3663,2246.735478,2251.352869,2248.092857,2,served
3664,2246.735478,2248.523845,2248.462660,0,served
3665,2247.330665,2249.453661,2248.523845,0,served
3666,2247.330665,2248.621213,2248.606750,3,served
3667,2247.330665,2248.799978,2248.621213,3,served
3668,2247.330665,2251.838285,2248.724976,1,served
3669,2248.747187,2250.478274,2248.799978,3,served
3670,2248.942217,2249.553374,2249.453661,0,served
3671,2250.943486,2251.331716,2250.943486,3,served
3672,2250.943486,2252.294713,2250.943486,0,served
3673,2250.943486,2253.340766,2251.331716,3,served
3674,2253.364422,2259.058223,2253.364422,3,served
3675,2253.364422,2254.002484,2253.364422,0,served
3676,2253.590295,2254.236250,2253.590295,1,served
3677,2253.590295,2253.965286,2253.590295,2,served
3678,2253.590295,2264.551454,2253.965286,2,served
3679,2253.590295,2254.204004,2254.002484,0,served
3680,2253.590295,2254.337683,2254.204004,0,served
3681,2254.211610,2255.610467,2254.236250,1,served
3682,2255.361193,2257.269191,2255.361193,0,served
3683,2257.162912,2260.068265,2257.162912,1,served
3684,2257.162912,2257.543448,2257.269191,0,served
3685,2257.510946,2261.707963,2257.543448,0,served
3686,2257.510946,2259.548196,2259.058223,3,served
3687,2257.510946,2259.896330,2259.548196,3,served
3688,2259.015942,2260.046571,2259.896330,3,served
3689,2259.210792,2260.294907,2260.046571,3,served
3690,2259.210792,2262.806185,2260.068265,1,served
3691,2259.933896,2261.658802,2260.294907,3,served
3692,2260.452084,2262.883328,2261.658802,3,served
3693,2261.794846,2262.171816,2261.794846,0,served
3694,2261.794846,2266.813063,2262.171816,0,served
3695,2262.335739,2263.277404,2262.806185,1,served
3696,2262.362865,2263.761636,2262.883328,3,served
3697,2262.362865,2263.696176,2263.277404,1,served
3698,2262.362865,2265.423229,2263.696176,1,served
3699,2262.362865,2264.014209,2263.761636,3,served
3700,2265.433804,2267.926128,2265.433804,3,served
3701,2265.433804,2266.283855,2265.433804,1,served
3702,2266.673892,2274.619133,2266.673892,1,served
3703,2268.581214,2269.206653,2268.581214,3,served
3704,2268.581214,2269.367292,2268.581214,0,served
3705,2270.830283,2270.906167,2270.830283,3,served
3706,2270.830283,2271.101096,2270.830283,0,served
3707,2271.182395,2273.836916,2271.182395,3,served
3708,2273.446009,2274.601605,2273.446009,0,served
3709,2277.906769,2278.865591,2277.906769,3,served
3710,2278.513037,2280.145093,2278.513037,0,served
3711,2279.579046,2280.034748,2279.579046,3,served
3712,2281.069573,2282.129366,2281.069573,3,served
3713,2281.069573,2282.625499,2281.069573,0,served
3714,2281.512912,2281.733245,2281.512912,1,served
3715,2281.892819,2287.485199,2281.892819,1,served
3716,2285.999826,2286.336343,2285.999826,3,served
3717,2285.999826,2286.106888,2285.999826,0,served
3718,2286.396900,2286.662177,2286.396900,3,served
3719,2288.040190,2289.301088,2288.040190,3,served
3720,2289.473846,2289.910612,2289.473846,3,served
3721,2289.473846,2289.993931,2289.473846,0,served
3722,2289.473846,2289.609737,2289.473846,1,served
3723,2289.473846,2295.509145,2289.473846,2,served
3724,2289.473846,2290.602990,2289.609737,1,served
3725,2289.473846,2292.055770,2289.910612,3,served
3726,2290.642066,2290.873637,2290.642066,0,served
3727,2290.642066,2295.247245,2290.642066,1,served
3728,2291.888911,2292.549840,2291.888911,0,served
3729,2293.248808,2294.793090,2293.248808,3,served
3730,2293.248808,2293.267214,2293.248808,0,served
3731,2294.571436,2295.707513,2294.571436,0,served
3732,2296.406055,2296.675983,2296.406055,3,served
3733,2296.406055,2297.020078,2296.406055,0,served
3734,2296.750871,2297.397072,2296.750871,3,served
3735,2299.914325,2302.108595,2299.914325,3,served
3736,2299.914325,2300.629487,2299.914325,0,served
3737,2300.240780,2300.878294,2300.240780,1,served
3738,2300.240780,2300.548645,2300.240780,2,served
3739,2301.077156,2303.766854,2301.077156,0,served
3740,2301.190712,2311.087371,2301.190712,1,served
3741,2301.870984,2302.690828,2301.870984,2,served
3742,2301.870984,2302.328096,2302.108595,3,served
3743,2303.341090,2303.442469,2303.341090,3,served
3744,2303.341090,2304.375801,2303.341090,2,served
3745,2304.718696,2305.517189,2304.718696,3,served
3746,2304.718696,2307.233681,2304.718696,0,served
3747,2304.718696,2305.025963,2304.718696,2,served
3748,2305.329482,2309.387752,2305.329482,2,served
3749,2307.413555,2307.534449,2307.413555,3,served
3750,2307.413555,2307.588706,2307.413555,0,served
3751,2307.701958,2307.967848,2307.701958,3,served
3752,2307.701958,2308.717005,2307.701958,0,served
3753,2307.701958,2308.815189,2307.967848,3,served
3754,2307.701958,2309.150176,2308.717005,0,served
3755,2307.701958,2309.440721,2308.815189,3,served
3756,2309.564321,2309.634272,2309.564321,3,served
3757,2309.841055,2310.189288,2309.841055,3,served
3758,2309.841055,2312.449152,2309.841055,0,served
3759,2312.752370,2314.474730,2312.752370,3,served
3760,2312.752370,2315.218101,2312.752370,0,served
3761,2315.459034,2317.767555,2315.459034,3,served
3762,2318.752012,2318.829032,2318.752012,3,served
3763,2319.089695,2319.707365,2319.089695,3,served
3764,2321.120638,2324.403647,2321.120638,3,served
3765,2321.120638,2322.454307,2321.120638,0,served
3766,2321.120638,2321.699424,2321.120638,1,served
3767,2321.120638,2323.207434,2321.120638,2,served
3768,2321.717174,2325.336220,2321.717174,1,served
3769,2321.717174,2323.802463,2322.454307,0,served
3770,2322.712744,2328.088632,2323.207434,2,served
3771,2322.712744,2324.189031,2323.802463,0,served
3772,2323.367264,2324.513144,2324.189031,0,served
3773,2326.235168,2327.660196,2326.235168,3,served
3774,2326.789435,2328.266070,2326.789435,0,served
3775,2326.789435,2332.291111,2326.789435,1,served
3776,2326.789435,2327.953718,2327.660196,3,served
3777,2326.789435,2328.732060,2327.953718,3,served
3778,2328.170558,2329.014790,2328.170558,2,served
3779,2328.255743,2328.404544,2328.266070,0,served
3780,2328.343159,2330.898336,2328.404544,0,served
3781,2331.900930,2332.176660,2331.900930,3,served
3782,2332.618711,2333.678500,2332.618711,3,served
3783,2333.313527,2333.960176,2333.313527,0,served
3784,2334.410875,2335.008498,2334.410875,3,served
3785,2334.571669,2335.853625,2334.571669,0,served
3786,2334.571669,2334.838353,2334.571669,1,served
3787,2334.892625,2337.581190,2334.892625,1,served
3788,2334.918793,2338.593971,2334.918793,2,served
3789,2334.918793,2336.792917,2335.008498,3,served
3790,2335.400224,2336.322717,2335.853625,0,served
3791,2335.400224,2339.107262,2336.322717,0,served
3792,2335.978490,2337.643267,2336.792917,3,served
3793,2337.293699,2339.405497,2337.581190,1,served
3794,2339.889809,2340.318698,2339.889809,3,served
3795,2339.889809,2340.426293,2339.889809,0,served
3796,2339.889809,2339.895348,2339.889809,1,served
3797,2339.889809,2341.524287,2339.889809,2,served
3798,2339.889809,2349.055563,2339.895348,1,served
3799,2339.889809,2340.385688,2340.318698,3,served
3800,2339.889809,2341.340655,2340.385688,3,served
3801,2341.397535,2342.266543,2341.397535,3,served
3802,2341.397535,2343.255254,2341.397535,0,served
3803,2343.130868,2343.328815,2343.130868,3,served
3804,2343.130868,2343.922755,2343.130868,2,served
3805,2344.433932,2346.669090,2344.433932,3,served
3806,2347.764413,2351.686147,2347.764413,3,served
3807,2347.764413,2349.792514,2347.764413,0,served
3808,2349.450781,2349.765236,2349.450781,1,served
3809,2350.863239,2350.949121,2350.863239,0,served
3810,2350.863239,2354.823364,2350.863239,1,served
3811,2350.863239,2353.814697,2350.863239,2,served
3812,2351.057451,2352.499919,2351.057451,0,served
3813,2351.257527,2353.078956,2351.686147,3,served
3814,2351.503899,2357.157788,2352.499919,0,served
3815,2352.754945,2353.266571,2353.078956,3,served
3816,2352.754945,2354.245356,2353.266571,3,served
3817,2353.855537,2353.942104,2353.855537,2,served
3818,2353.855537,2355.617994,2353.942104,2,served
3819,2353.855537,2355.177155,2354.245356,3,served
3820,2353.855537,2358.535954,2354.823364,1,served
3821,2353.855537,2356.517814,2355.177155,3,served
3822,2353.855537,2355.986636,2355.617994,2,served
3823,2353.855537,2359.612854,2355.986636,2,served
3824,2353.855537,2356.588393,2356.517814,3,served
3825,2354.506728,2357.431427,2356.588393,3,served
3826,2355.409989,2357.793463,2357.157788,0,served
3827,2355.409989,2359.319706,2357.431427,3,served
3828,2355.409989,2359.707746,2357.793463,0,served
3829,2357.977358,2361.657091,2358.535954,1,served
3830,2357.977358,2360.510249,2359.319706,3,served
3831,2359.501685,2370.658956,2359.612854,2,served
3832,2359.501685,2361.326790,2359.707746,0,served
3833,2359.501685,2361.247881,2360.510249,3,served
3834,2360.640331,2362.429911,2361.247881,3,served
3835,2361.751034,2361.831036,2361.751034,0,served
3836,2361.966881,2363.504039,2361.966881,0,served
3837,2362.660901,2363.350993,2362.660901,3,served
3838,2363.392014,2367.585925,2363.392014,3,served
3839,2364.241566,2364.458680,2364.241566,0,served
3840,2364.243283,2368.050857,2364.243283,1,served
3841,2364.434648,2364.812030,2364.458680,0,served
3842,2365.468042,2367.592955,2365.468042,0,served
3843,2365.857570,2372.954667,2367.585925,3,served
3844,2367.290668,2367.767818,2367.592955,0,served
3845,2367.290668,2367.949747,2367.767818,0,served
3846,2367.290668,2371.219909,2367.949747,0,served
3847,2369.321556,2372.258786,2369.321556,1,served
3848,2369.321556,2376.967797,2370.658956,2,served
3849,2369.321556,2372.736718,2371.219909,0,served
3850,2370.478814,2377.930813,2372.258786,1,served
3851,2370.478814,2373.048088,2372.736718,0,served
3852,2370.478814,2374.737236,2372.954667,3,served
3853,2371.612345,2374.010391,2373.048088,0,served
3854,2371.612345,2377.908824,2374.010391,0,served
3855,2371.612345,2375.957849,2374.737236,3,served
3856,2375.485040,2376.547850,2375.957849,3,served
3857,2377.376477,2377.876821,2377.376477,3,served
3858,2377.376477,2381.728526,2377.376477,2,served
3859,2377.376477,2378.123726,2377.876821,3,served
3860,2377.376477,2379.018438,2377.908824,0,served
3861,2378.150707,2378.930145,2378.150707,3,served
3862,2378.304751,2384.531758,2378.304751,1,served
3863,2380.445652,2381.292017,2380.445652,3,served
3864,2385.726154,2385.848343,2385.726154,3,served
3865,2388.404424,2388.426127,2388.404424,3,served
3866,2390.255235,2390.348701,2390.255235,3,served
3867,2390.255235,2390.849659,2390.255235,0,served
3868,2390.255235,2394.787298,2390.255235,1,served
3869,2391.737151,2394.951021,2391.737151,3,served
3870,2393.314135,2396.305017,2393.314135,0,served
3871,2393.314135,2398.882874,2393.314135,2,served
3872,2394.575913,2401.426817,2394.787298,1,served
3873,2394.575913,2397.047561,2394.951021,3,served
3874,2394.575913,2397.039561,2396.305017,0,served
3875,2394.575913,2397.656188,2397.039561,0,served
3876,2394.707274,2397.926124,2397.047561,3,served
3877,2394.707274,2398.089950,2397.656188,0,served
3878,2394.707274,2400.806511,2397.926124,3,served
3879,2394.707274,2399.285746,2398.089950,0,served
3880,2395.500304,2406.645701,2398.882874,2,served
3881,2395.500304,2400.359368,2399.285746,0,served
3882,2395.500304,2404.262952,2400.359368,0,served
3883,2395.500304,2401.082091,2400.806511,3,served
3884,2395.500304,2402.731703,2401.082091,3,served
3885,2395.791616,2402.592691,2401.426817,1,served
3886,2395.791616,2403.391958,2402.592691,1,served
3887,2396.429555,2404.903461,2402.731703,3,served
3888,2396.429555,2404.099416,2403.391958,1,served
3889,2396.429555,2404.243349,2404.099416,1,served
3890,2396.429555,2406.067987,2404.243349,1,served
3891,2396.429555,2405.563883,2404.262952,0,served
3892,2396.434560,2405.205459,2404.903461,3,served
3893,2396.434560,2407.921029,2405.205459,3,served
3894,2396.434560,2411.025587,2405.563883,0,served
3895,2396.434560,2406.134194,2406.067987,1,served
3896,2399.458678,2406.519317,2406.134194,1,served
3897,2399.458678,2407.647131,2406.519317,1,served
3898,2400.300579,2407.934007,2406.645701,2,served
3899,2401.144115,2408.329831,2407.647131,1,served
3900,2402.017498,2408.594902,2407.921029,3,served
3901,2403.927536,2410.708870,2407.934007,2,served
3902,2406.404087,2409.343103,2408.329831,1,served
3903,2406.404087,2409.019791,2408.594902,3,served
3904,2407.828752,2412.117196,2409.019791,3,served
3905,2407.828752,2411.235081,2409.343103,1,served
3906,2407.828752,2428.091695,2410.708870,2,served
3907,2407.828752,2411.975281,2411.025587,0,served
3908,2407.828752,2418.845563,2411.235081,1,served
3909,2407.842516,2412.358375,2411.975281,0,served
3910,2407.842516,2412.171216,2412.117196,3,served
3911,2407.842516,2412.309395,2412.171216,3,served
3912,2407.894270,2413.593003,2412.309395,3,served
3913,2408.500885,2414.120029,2412.358375,0,served
3914,2409.508609,2413.641486,2413.593003,3,served
3915,2410.340959,2414.173653,2413.641486,3,served
3916,2411.036753,2415.249666,2414.120029,0,served
3917,2412.148725,2414.810994,2414.173653,3,served
3918,2412.148725,2419.276280,2414.810994,3,served
3919,2415.472704,2415.563957,2415.472704,0,served
3920,2415.472704,2416.936791,2415.563957,0,served
3921,2415.472704,2417.412894,2416.936791,0,served
3922,2418.056542,2419.096909,2418.056542,0,served
3923,2418.576093,2419.682812,2418.845563,1,served
3924,2418.585332,2419.462178,2419.096909,0,served
3925,2418.585332,2419.500262,2419.276280,3,served
3926,2419.084901,2425.607600,2419.462178,0,served
3927,2419.084901,2419.830183,2419.500262,3,served
3928,2419.084901,2423.710888,2419.682812,1,served
3929,2419.084901,2422.865936,2419.830183,3,served
3930,2419.849327,2422.908484,2422.865936,3,served
3931,2419.849327,2425.435109,2422.908484,3,served
3932,2419.849327,2430.464091,2423.710888,1,served
3933,2420.360128,2425.527606,2425.435109,3,served
3934,2422.762500,2426.334543,2425.527606,3,served
3935,2422.782491,2426.402281,2425.607600,0,served
3936,2422.782491,2427.479802,2426.334543,3,served
3937,2422.782491,2426.599052,2426.402281,0,served
3938,2422.782491,2427.930330,2426.599052,0,served
3939,2422.998063,2428.044942,2427.479802,3,served
3940,2422.998063,2429.557488,2427.930330,0,served
3941,2422.998063,2428.405834,2428.044942,3,served
3942,2427.200298,2428.629229,2428.091695,2,served
3943,2427.308620,2428.728373,2428.405834,3,served
3944,2427.308620,2432.672926,2428.629229,2,served
3945,2428.692400,2430.179618,2428.728373,3,served
3946,2428.692400,2429.981990,2429.557488,0,served
3947,2431.543757,2431.556101,2431.543757,3,served
3948,2431.543757,2433.667363,2431.543757,0,served
3949,2431.543757,2433.183405,2431.543757,1,served
3950,2435.709579,2437.538566,2435.709579,3,served
3951,2436.895897,2444.894354,2436.895897,0,served
3952,2438.970991,2440.580768,2438.970991,3,served
3953,2440.968471,2441.038749,2440.968471,3,served
3954,2440.968471,2442.930245,2440.968471,1,served
3955,2440.968471,2444.650526,2440.968471,2,served
3956,2441.048722,2443.798798,2441.048722,3,served
3957,2441.048722,2445.198525,2442.930245,1,served
3958,2441.048722,2445.568640,2443.798798,3,served
3959,2441.048722,2446.547090,2444.650526,2,served
3960,2441.089048,2445.439127,2444.894354,0,served
3961,2441.094720,2450.309498,2445.198525,1,served
3962,2443.103324,2445.667187,2445.439127,0,served
3963,2443.626549,2447.732160,2445.568640,3,served
3964,2443.626549,2449.305160,2445.667187,0,served
3965,2443.626549,2447.701720,2446.547090,2,served
3966,2443.825881,2451.895440,2447.701720,2,served
3967,2445.208346,2448.838319,2447.732160,3,served
3968,2445.208346,2450.028454,2448.838319,3,served
3969,2445.495044,2450.887421,2449.305160,0,served
3970,2445.732578,2450.686200,2450.028454,3,served
3971,2445.781116,2451.588809,2450.309498,1,served
3972,2445.911516,2451.643179,2450.686200,3,served
3973,2445.911516,2451.894267,2450.887421,0,served
3974,2445.911516,2452.941490,2451.588809,1,served
3975,2446.316323,2453.660366,2451.643179,3,served
3976,2447.845822,2452.570943,2451.894267,0,served
3977,2447.845822,2454.467598,2451.895440,2,served
3978,2448.935261,2453.188222,2452.570943,0,served
3979,2449.713598,2457.743767,2452.941490,1,served
3980,2451.077472,2454.491397,2453.188222,0,served
3981,2451.303726,2454.527657,2453.660366,3,served
3982,2451.303726,2461.995883,2454.467598,2,served
3983,2452.490918,2455.264859,2454.491397,0,served
3984,2453.592185,2456.347874,2454.527657,3,served
3985,2453.899111,2455.456709,2455.264859,0,served
3986,2454.444997,2455.901750,2455.456709,0,served
3987,2456.083675,2456.740147,2456.083675,0,served
3988,2456.414508,2458.156058,2456.414508,3,served
3989,2456.414508,2460.827677,2456.740147,0,served
3990,2458.420928,2459.737497,2458.420928,3,served
3991,2459.196834,2470.218742,2459.196834,1,served
3992,2459.196834,2460.642612,2459.737497,3,served
3993,2459.355791,2462.213744,2460.642612,3,served
3994,2459.355791,2461.188712,2460.827677,0,served
3995,2459.628220,2462.657928,2461.188712,0,served
3996,2459.797209,2464.235725,2461.995883,2,served
3997,2459.873266,2463.403197,2462.213744,3,served
3998,2459.873266,2462.764383,2462.657928,0,served
3999,2459.873266,2464.387289,2462.764383,0,served
4000,2460.709943,2466.049210,2463.403197,3,served
4001,2460.709943,2467.708800,2464.235725,2,served
4002,2460.709943,2464.486191,2464.387289,0,served
4003,2462.971844,2467.177965,2464.486191,0,served
4004,2463.368970,2468.189543,2466.049210,3,served
4005,2468.178755,2469.927102,2468.178755,0,served
4006,2468.715186,2469.113815,2468.715186,3,served
4007,2468.715186,2471.333572,2468.715186,2,served
4008,2470.689203,2471.140602,2470.689203,3,served
4009,2472.357185,2472.393322,2472.357185,3,served
4010,2472.357185,2473.864424,2472.357185,0,served
4011,2472.357185,2479.681567,2472.357185,1,served
4012,2472.357185,2474.299067,2472.357185,2,served
4013,2473.225270,2473.910972,2473.225270,3,served
4014,2475.020253,2477.093056,2475.020253,3,served
4015,2475.274150,2475.981515,2475.274150,0,served
4016,2475.340206,2478.301775,2475.340206,2,served
4017,2475.340206,2476.232920,2475.981515,0,served
4018,2475.340206,2476.730773,2476.232920,0,served
4019,2475.340206,2479.299069,2476.730773,0,served
4020,2478.739736,2479.850182,2478.739736,3,served
4021,2478.739736,2486.467121,2478.739736,2,served
4022,2478.739736,2479.384627,2479.299069,0,served
4023,2478.739736,2479.843832,2479.384627,0,served
4024,2480.656974,2481.638074,2480.656974,3,served
4025,2480.656974,2482.926356,2480.656974,0,served
4026,2481.315144,2485.259570,2481.315144,1,served
4027,2481.315144,2482.469361,2481.638074,3,served
4028,2481.482332,2484.195901,2482.469361,3,served
4029,2481.576848,2485.976558,2482.926356,0,served
4030,2483.142409,2484.484363,2484.195901,3,served
4031,2483.391171,2484.583108,2484.484363,3,served
4032,2484.459139,2484.959143,2484.583108,3,served
4033,2484.459139,2486.306309,2484.959143,3,served
4034,2487.884544,2488.236015,2487.884544,3,served
4035,2487.963539,2490.620070,2487.963539,0,served
4036,2489.795490,2492.402402,2489.795490,3,served
4037,2490.581600,2492.704818,2490.581600,1,served
4038,2491.473586,2491.703603,2491.473586,0,served
4039,2491.473586,2496.351060,2491.473586,2,served
4040,2492.466361,2494.007029,2492.466361,3,served
4041,2492.720942,2493.505189,2492.720942,0,served
4042,2493.942763,2498.287613,2493.942763,0,served
4043,2493.942763,2497.960585,2493.942763,1,served
4044,2493.942763,2495.181144,2494.007029,3,served
4045,2494.096590,2495.955152,2495.181144,3,served
4046,2494.096590,2496.717919,2495.955152,3,served
4047,2494.096590,2497.420135,2496.351060,2,served
4048,2495.833117,2498.549456,2496.717919,3,served
4049,2495.833117,2498.521978,2497.420135,2,served
4050,2495.833117,2498.600970,2497.960585,1,served
4051,2496.518871,2500.009204,2498.287613,0,served
4052,2496.518871,2500.146454,2498.521978,2,served
4053,2496.518871,2498.562919,2498.549456,3,served
4054,2497.721580,2499.395346,2498.562919,3,served
4055,2497.721580,2502.502577,2498.600970,1,served
4056,2497.721580,2500.202506,2499.395346,3,served
4057,2497.721580,2501.142972,2500.009204,0,served
4058,2499.801575,2504.667377,2500.146454,2,served
4059,2508.811486,2508.887674,2508.811486,3,served
4060,2509.444798,2509.620176,2509.444798,3,served
4061,2512.641639,2513.309841,2512.641639,3,served
4062,2512.641639,2513.834674,2512.641639,0,served
4063,2512.641639,2513.368724,2512.641639,1,served
4064,2512.641639,2517.428886,2512.641639,2,served
4065,2512.641639,2513.580790,2513.309841,3,served
4066,2513.044935,2513.420150,2513.368724,1,served
4067,2513.044935,2518.113037,2513.420150,1,served
4068,2513.044935,2514.804440,2513.580790,3,served
4069,2513.044935,2515.114312,2513.834674,0,served
4070,2513.044935,2516.001994,2514.804440,3,served
4071,2513.044935,2515.321700,2515.114312,0,served
4072,2513.044935,2516.968562,2515.321700,0,served
4073,2513.939190,2516.076425,2516.001994,3,served
4074,2514.130856,2516.717609,2516.076425,3,served
4075,2518.155121,2518.292552,2518.155121,3,served
4076,2518.155121,2518.897797,2518.155121,0,served
4077,2520.592410,2521.902281,2520.592410,3,served
4078,2523.741779,2524.132797,2523.741779,3,served
4079,2526.251600,2527.271164,2526.251600,3,served
4080,2526.831195,2527.687449,2526.831195,0,served
4081,2526.831195,2530.780946,2526.831195,1,served
4082,2528.870043,2529.603363,2528.870043,3,served
4083,2528.870043,2528.890270,2528.870043,0,served
4084,2533.645151,2535.975370,2533.645151,3,served
4085,2534.270936,2536.721374,2534.270936,0,served
4086,2536.103048,2536.229722,2536.103048,3,served
4087,2536.103048,2538.594052,2536.103048,1,served
4088,2536.103048,2539.083177,2536.103048,2,served
4089,2536.171220,2536.627826,2536.229722,3,served
4090,2536.171220,2536.929787,2536.627826,3,served
4091,2536.171220,2536.915661,2536.721374,0,served
4092,2536.171220,2541.061897,2536.915661,0,served
4093,2536.171220,2537.418265,2536.929787,3,served
4094,2536.171220,2538.004683,2537.418265,3,served
4095,2536.171220,2539.989810,2538.004683,3,served
4096,2537.727411,2542.821333,2538.594052,1,served
4097,2537.727411,2541.822201,2539.083177,2,served
4098,2538.251060,2541.395695,2539.989810,3,served
4099,2538.441042,2543.425912,2541.061897,0,served
4100,2538.551066,2541.593794,2541.395695,3,served
4101,2538.551066,2542.937164,2541.593794,3,served
4102,2538.551066,2544.261448,2541.822201,2,served
4103,2538.690377,2543.856584,2542.821333,1,served
4104,2538.690377,2543.505430,2542.937164,3,served
4105,2539.305075,2543.560663,2543.425912,0,served
4106,2539.305075,2543.740563,2543.505430,3,served
4107,2539.456399,2544.432125,2543.560663,0,served
4108,2539.456399,2544.108394,2543.740563,3,served
4109,2539.994085,2544.275489,2543.856584,1,served
4110,2539.997833,2544.628344,2544.108394,3,served
4111,2539.997833,2544.949778,2544.261448,2,served
4112,2539.997833,2550.346709,2544.275489,1,served
4113,2539.997833,2552.178339,2544.432125,0,served
4114,2539.997833,2544.821718,2544.628344,3,served
4115,2539.997833,2545.857378,2544.821718,3,served
4116,2539.997833,2545.546083,2544.949778,2,served
4117,2541.500530,2546.282458,2545.546083,2,served
4118,2541.500530,2547.132178,2545.857378,3,served
4119,2542.829008,2551.605562,2546.282458,2,served
4120,2542.829008,2547.267042,2547.132178,3,served
4121,2543.327438,2548.270397,2547.267042,3,served
4122,2543.327438,2548.929467,2548.270397,3,served
4123,2543.327438,2549.055100,2548.929467,3,served
4124,2545.989708,2549.306494,2549.055100,3,served
4125,2547.411190,2549.535694,2549.306494,3,served
4126,2547.411190,2549.761330,2549.535694,3,served
4127,2548.015190,2552.522829,2549.761330,3,served
4128,2548.766141,2553.653585,2550.346709,1,served
4129,2548.766141,2551.940580,2551.605562,2,served
4130,2549.040274,2555.882967,2551.940580,2,served
4131,2549.473798,2554.032100,2552.178339,0,served
4132,2549.473798,2554.156162,2552.522829,3,served
4133,2550.307503,2554.473576,2553.653585,1,served
4134,2550.307503,2559.705133,2554.032100,0,served
4135,2552.451108,2554.408459,2554.156162,3,served
4136,2552.451108,2555.528531,2554.408459,3,served
4137,2552.451108,2555.286041,2554.473576,1,served
4138,2554.534796,2559.199631,2555.286041,1,served
4139,2554.590331,2555.761928,2555.528531,3,served
4140,2554.828541,2556.094094,2555.761928,3,served
4141,2555.153854,2558.791760,2555.882967,2,served
4142,2555.153854,2556.226991,2556.094094,3,served
4143,2555.153854,2557.343168,2556.226991,3,served
4144,2555.153854,2557.595458,2557.343168,3,served
4145,2557.254158,2559.668467,2557.595458,3,served
4146,2557.254158,2563.159607,2558.791760,2,served
4147,2557.858943,2562.727784,2559.199631,1,served
4148,2557.858943,2559.920519,2559.668467,3,served
4149,2558.639547,2561.586697,2559.705133,0,served
4150,2559.347810,2561.938743,2559.920519,3,served
4151,2559.347810,2562.715004,2561.586697,0,served
4152,2562.220169,2562.371722,2562.220169,3,served
4153,2562.220169,2563.311238,2562.371722,3,served
4154,2562.984945,2563.795190,2562.984945,0,served
4155,2565.175324,2565.704917,2565.175324,3,served
4156,2566.039219,2566.043105,2566.039219,3,served
4157,2566.039219,2566.305609,2566.039219,0,served
4158,2566.884366,2567.447417,2566.884366,3,served
4159,2566.884366,2567.950753,2566.884366,0,served
4160,2566.884366,2575.783662,2566.884366,1,served
4161,2566.884366,2570.727305,2566.884366,2,served
4162,2566.884366,2568.167633,2567.447417,3,served
4163,2566.884366,2570.539174,2567.950753,0,served
4164,2567.484757,2569.356290,2568.167633,3,served
4165,2567.610570,2570.428904,2569.356290,3,served
4166,2567.610570,2571.151034,2570.428904,3,served
4167,2567.610570,2572.349894,2570.539174,0,served
4168,2568.351884,2570.781195,2570.727305,2,served
4169,2568.491289,2573.267894,2570.781195,2,served
4170,2568.491289,2572.178475,2571.151034,3,served
4171,2568.491289,2573.039522,2572.178475,3,served
4172,2568.491289,2572.529629,2572.349894,0,served
4173,2568.491289,2573.707144,2572.529629,0,served
4174,2568.491289,2573.867633,2573.039522,3,served
4175,2570.895346,2573.387170,2573.267894,2,served
4176,2570.895346,2573.556728,2573.387170,2,served
4177,2570.895346,2577.721604,2573.556728,2,served
4178,2572.148961,2573.972166,2573.707144,0,served
4179,2572.322420,2574.125513,2573.867633,3,served
4180,2574.173543,2574.611133,2574.173543,3,served
4181,2574.173543,2574.582257,2574.173543,0,served
4182,2577.681776,2578.109602,2577.681776,3,served
4183,2577.681776,2577.819468,2577.681776,0,served
4184,2578.693704,2579.152674,2578.693704,3,served
4185,2578.693704,2579.662708,2578.693704,0,served
4186,2578.693704,2585.734141,2578.693704,1,served
4187,2579.664411,2579.917204,2579.664411,3,served
4188,2579.806343,2581.602929,2579.806343,0,served
4189,2579.806343,2584.429232,2579.806343,2,served
4190,2581.793899,2582.332994,2581.793899,3,served
4191,2581.802508,2582.072508,2581.802508,0,served
4192,2582.755741,2583.074388,2582.755741,3,served
4193,2582.755741,2583.834222,2582.755741,0,served
4194,2582.755741,2587.230819,2583.074388,3,served
4195,2582.975483,2585.171447,2583.834222,0,served
4196,2582.975483,2588.474863,2584.429232,2,served
4197,2584.241728,2586.409118,2585.171447,0,served
4198,2584.837782,2586.279642,2585.734141,1,served
4199,2584.837782,2588.363834,2586.279642,1,served
4200,2584.837782,2586.481978,2586.409118,0,served
4201,2585.210438,2587.020985,2586.481978,0,served
4202,2585.210438,2587.345782,2587.020985,0,served
4203,2585.210438,2587.497883,2587.230819,3,served
4204,2585.210438,2588.377654,2587.345782,0,served
4205,2587.054261,2589.286632,2587.497883,3,served
4206,2587.054261,2588.683616,2588.363834,1,served
4207,2587.784152,2588.939901,2588.377654,0,served
4208,2588.225293,2593.909748,2588.474863,2,served
4209,2588.225293,2593.375511,2588.683616,1,served
4210,2588.225293,2590.642524,2588.939901,0,served
4211,2588.225293,2589.553718,2589.286632,3,served
4212,2588.225293,2593.062011,2589.553718,3,served
4213,2588.933007,2590.881563,2590.642524,0,served
4214,2590.221441,2593.404368,2590.881563,0,served
4215,2590.221441,2593.217629,2593.062011,3,served
4216,2590.221441,2596.146900,2593.217629,3,served
4217,2590.572986,2597.609040,2593.375511,1,served
4218,2590.572986,2596.208432,2593.404368,0,served
4219,2597.432916,2598.449566,2597.432916,3,served
4220,2597.797466,2604.683340,2597.797466,0,served
4221,2597.797466,2601.075911,2597.797466,1,served
4222,2597.797466,2598.812225,2597.797466,2,served
4223,2597.797466,2600.334482,2598.449566,3,served
4224,2598.630343,2599.351686,2598.812225,2,served
4225,2599.050272,2600.317351,2599.351686,2,served
4226,2599.409494,2605.545367,2600.317351,2,served
4227,2600.591399,2601.325671,2600.591399,3,served
4228,2600.591399,2602.023988,2601.075911,1,served
4229,2600.591399,2602.642149,2601.325671,3,served
4230,2600.591399,2604.103473,2602.023988,1,served
4231,2602.612788,2603.920388,2602.642149,3,served
4232,2603.443165,2604.177068,2603.920388,3,served
4233,2603.443165,2604.439498,2604.103473,1,served
4234,2604.756122,2605.124426,2604.756122,3,served
4235,2604.756122,2604.930694,2604.756122,0,served
4236,2607.878656,2609.153921,2607.878656,3,served
4237,2609.697780,2609.851596,2609.697780,3,served
4238,2612.059354,2614.599385,2612.059354,3,served
4239,2613.608201,2615.065675,2613.608201,0,served
4240,2613.608201,2627.567442,2613.608201,1,served
4241,2613.886452,2614.286758,2613.886452,2,served
4242,2613.886452,2617.325628,2614.286758,2,served
4243,2615.020744,2615.767613,2615.020744,3,served
4244,2616.384937,2616.490844,2616.384937,3,served
4245,2619.044070,2619.599169,2619.044070,3,served
4246,2619.044070,2619.182892,2619.044070,0,served
4247,2619.044070,2626.791698,2619.044070,2,served
4248,2619.044070,2626.535695,2619.182892,0,served
4249,2620.295986,2620.429657,2620.295986,3,served
4250,2621.082117,2621.347078,2621.082117,3,served
4251,2621.472085,2622.118405,2621.472085,3,served
4252,2623.502015,2623.606080,2623.502015,3,served
4253,2624.995944,2625.505413,2624.995944,3,served
4254,2626.336391,2628.742905,2626.336391,3,served
4255,2626.336391,2627.754979,2626.535695,0,served
4256,2626.677605,2628.123062,2626.791698,2,served
4257,2627.634025,2634.030847,2627.634025,1,served
4258,2631.102075,2631.958535,2631.102075,3,served
4259,2631.102075,2631.416814,2631.102075,0,served
4260,2631.102075,2635.791200,2631.102075,2,served
4261,2631.102075,2631.957127,2631.416814,0,served
4262,2631.102075,2632.104639,2631.957127,0,served
4263,2631.263514,2633.616267,2631.958535,3,served
4264,2633.189574,2641.130002,2633.189574,0,served
4265,2633.219488,2634.483053,2633.616267,3,served
4266,2634.106795,2634.864290,2634.106795,1,served
4267,2638.087660,2640.381014,2638.087660,3,served
4268,2641.487151,2641.564224,2641.487151,3,served
4269,2641.487151,2641.750252,2641.487151,0,served
4270,2642.027535,2643.447420,2642.027535,3,served
4271,2642.027535,2649.721134,2642.027535,0,served
4272,2643.604217,2644.602557,2643.604217,3,served
4273,2645.037106,2646.244301,2645.037106,3,served
4274,2645.037106,2650.085683,2645.037106,1,served
4275,2645.037106,2646.525121,2645.037106,2,served
4276,2645.037106,2648.308660,2646.244301,3,served
4277,2645.588895,2648.154459,2646.525121,2,served
4278,2646.325526,2650.190881,2648.154459,2,served
4279,2646.325526,2649.207193,2648.308660,3,served
4280,2646.325526,2649.661615,2649.207193,3,served
4281,2646.325526,2651.473688,2649.661615,3,served
4282,2646.325526,2650.549946,2649.721134,0,served
4283,2646.325526,2650.335394,2650.085683,1,served
4284,2647.903021,2650.469537,2650.190881,2,served
4285,2647.903021,2655.219354,2650.335394,1,served
4286,2650.100153,2651.185194,2650.469537,2,served
4287,2653.059175,2653.168079,2653.059175,3,served
4288,2653.616255,2654.539171,2653.616255,3,served
4289,2653.616255,2653.991298,2653.616255,0,served
4290,2653.743192,2656.613475,2653.743192,2,served
4291,2653.827936,2654.038128,2653.991298,0,served
4292,2653.827936,2655.554826,2654.038128,0,served
4293,2653.827936,2655.063292,2654.539171,3,served
4294,2653.827936,2655.607885,2655.063292,3,served
4295,2653.928511,2657.083629,2655.219354,1,served
4296,2653.928511,2657.410709,2655.554826,0,served
4297,2654.860884,2655.890623,2655.607885,3,served
4298,2657.172768,2657.329156,2657.172768,3,served
4299,2657.172768,2659.506435,2657.172768,1,served
4300,2657.172768,2659.275213,2657.172768,2,served
4301,2657.172768,2659.032547,2657.329156,3,served
4302,2657.942666,2658.587257,2657.942666,0,served
4303,2657.942666,2660.070498,2658.587257,0,served
4304,2657.942666,2659.350610,2659.032547,3,served
4305,2659.021907,2661.161366,2659.275213,2,served
4306,2660.758175,2661.430204,2660.758175,3,served
4307,2660.758175,2661.606097,2660.758175,0,served
4308,2660.758175,2666.383238,2660.758175,1,served
4309,2662.761943,2663.655295,2662.761943,3,served
4310,2662.904805,2663.223903,2662.904805,0,served
4311,2663.772578,2664.544445,2663.772578,3,served
4312,2663.772578,2667.097029,2663.772578,0,served
4313,2663.822498,2671.736068,2663.822498,2,served
4314,2663.822498,2665.921021,2664.544445,3,served
4315,2665.006679,2666.223182,2665.921021,3,served
4316,2666.990394,2667.893693,2666.990394,3,served
4317,2669.279721,2669.756466,2669.279721,3,served
4318,2669.279721,2670.098370,2669.279721,0,served
4319,2669.279721,2670.364552,2669.279721,1,served
4320,2670.319486,2670.728730,2670.319486,3,served
4321,2670.319486,2671.992621,2670.319486,0,served
4322,2670.319486,2672.630264,2670.364552,1,served
4323,2672.040494,2672.319974,2672.040494,3,served
4324,2672.414939,2672.538185,2672.414939,3,served
4325,2673.373834,2673.749476,2673.373834,3,served
4326,2673.373834,2673.864016,2673.373834,0,served
4327,2673.471379,2673.492657,2673.471379,1,served
4328,2673.668360,2683.191883,2673.668360,1,served
4329,2673.668360,2674.814426,2673.668360,2,served
4330,2675.060783,2675.399465,2675.060783,3,served
4331,2675.060783,2677.355264,2675.060783,0,served
4332,2676.023154,2676.346968,2676.023154,3,served
4333,2676.712293,2677.609010,2676.712293,3,served
4334,2677.882006,2680.829718,2677.882006,3,served
4335,2679.284944,2686.277710,2679.284944,0,served
4336,2681.980634,2682.075018,2681.980634,3,served
4337,2681.980634,2685.926218,2681.980634,2,served
4338,2682.056814,2682.370540,2682.075018,3,served
4339,2685.258952,2689.003544,2685.258952,3,served
4340,2686.747368,2692.004350,2686.747368,0,served
4341,2686.822572,2693.103726,2686.822572,1,served
4342,2688.160616,2693.729701,2688.160616,2,served
4343,2689.834904,2690.181602,2689.834904,3,served
4344,2690.286278,2691.043185,2690.286278,3,served
4345,2690.286278,2691.498144,2691.043185,3,served
4346,2690.286278,2692.314578,2691.498144,3,served
4347,2690.286278,2693.800035,2692.004350,0,served
4348,2690.286278,2692.980914,2692.314578,3,served
4349,2690.286278,2693.275929,2692.980914,3,served
4350,2690.349687,2694.236424,2693.103726,1,served
4351,2690.349687,2693.292771,2693.275929,3,served
4352,2691.129659,2696.778244,2693.292771,3,served
4353,2691.129659,2694.534010,2693.729701,2,served
4354,2691.129659,2694.995939,2693.800035,0,served
4355,2691.129659,2694.804770,2694.236424,1,served
4356,2691.129659,2695.789762,2694.534010,2,served
4357,2691.954929,2701.955893,2694.804770,1,served
4358,2692.240126,2695.991386,2694.995939,0,served
4359,2692.240126,2695.982870,2695.789762,2,served
4360,2692.240126,2698.580336,2695.982870,2,served
4361,2695.032021,2696.123576,2695.991386,0,served
4362,2695.032021,2697.221964,2696.123576,0,served
4363,2695.032021,2697.342576,2696.778244,3,served
4364,2695.032021,2698.379238,2697.221964,0,served
4365,2699.144926,2699.231159,2699.144926,3,served
4366,2699.144926,2699.288384,2699.144926,0,served
4367,2699.144926,2699.405162,2699.144926,2,served
4368,2699.144926,2699.516608,2699.231159,3,served
4369,2699.144926,2700.138146,2699.288384,0,served
4370,2699.144926,2702.054983,2699.405162,2,served
4371,2699.387152,2699.675877,2699.516608,3,served
4372,2699.387152,2699.692411,2699.675877,3,served
4373,2699.858774,2700.069412,2699.858774,3,served
4374,2704.490469,2704.755541,2704.490469,3,served
4375,2704.490469,2709.361299,2704.490469,0,served
4376,2704.490469,2704.678778,2704.490469,1,served
4377,2705.093068,2706.316804,2705.093068,3,served
4378,2706.241853,2706.944645,2706.241853,1,served
4379,2706.241853,2707.581024,2706.241853,2,served
4380,2706.241853,2707.336534,2706.316804,3,served
4381,2706.241853,2709.078511,2706.944645,1,served
4382,2706.679955,2707.382964,2707.336534,3,served
4383,2706.912508,2707.428537,2707.382964,3,served
4384,2707.998315,2708.433882,2707.998315,3,served
4385,2708.732264,2710.203144,2708.732264,3,served
4386,2708.732264,2720.132309,2708.732264,2,served
4387,2708.820709,2710.664749,2709.078511,1,served
4388,2709.160301,2710.679758,2709.361299,0,served
4389,2709.160301,2710.539039,2710.203144,3,served
4390,2709.160301,2711.942922,2710.539039,3,served
4391,2709.168502,2723.751463,2710.664749,1,served
4392,2709.168502,2710.936738,2710.679758,0,served
4393,2710.651222,2717.165173,2710.936738,0,served
4394,2710.651222,2712.116285,2711.942922,3,served
4395,2711.136323,2715.423174,2712.116285,3,served
4396,2712.549182,2715.497869,2715.423174,3,served
4397,2713.441443,2716.587691,2715.497869,3,served
4398,2714.610170,2718.447534,2716.587691,3,served
4399,2714.610170,2719.704407,2717.165173,0,served
4400,2715.142573,2718.830451,2718.447534,3,served
4401,2715.142573,2719.014710,2718.830451,3,served
4402,2716.119475,2721.013746,2719.014710,3,served
4403,2716.878974,2723.445811,2719.704407,0,served
4404,2718.661238,2722.224279,2720.132309,2,served
4405,2718.661238,2721.660038,2721.013746,3,served
4406,2720.734425,2722.715459,2721.660038,3,served
4407,2720.734425,2723.890463,2722.224279,2,served
4408,2720.734425,2723.809486,2722.715459,3,served
4409,2721.067966,2723.641814,2723.445811,0,served
4410,2721.067966,2726.212662,2723.641814,0,served
4411,2721.067966,2732.318677,2723.751463,1,served
4412,2721.111669,2724.496479,2723.809486,3,served
4413,2722.628717,2725.024548,2723.890463,2,served
4414,2725.642414,2726.829636,2725.642414,3,served
4415,2727.181094,2729.548012,2727.181094,3,served
4416,2730.851252,2731.436259,2730.851252,3,served
4417,2731.204671,2734.053845,2731.204671,0,served
4418,2731.204671,2735.091022,2731.204671,2,served
4419,2733.497819,2735.224354,2733.497819,3,served
4420,2734.645773,2735.354081,2734.645773,0,served
4421,2736.060164,2736.187108,2736.060164,3,served
4422,2737.840288,2737.894838,2737.840288,3,served
4423,2739.184584,2739.975681,2739.184584,3,served
4424,2739.184584,2739.709320,2739.184584,0,served
4425,2739.184584,2739.288691,2739.184584,1,served
4426,2739.460258,2740.155682,2739.460258,1,served
4427,2744.109788,2746.389642,2744.109788,3,served
4428,2744.816846,2745.368488,2744.816846,0,served
4429,2745.693443,2746.936410,2745.693443,0,served
4430,2745.726371,2749.707926,2745.726371,1,served
4431,2747.149150,2749.185643,2747.149150,3,served
4432,2749.586235,2751.891537,2749.586235,3,served
4433,2749.598999,2749.655399,2749.598999,0,served
4434,2749.598999,2749.814357,2749.598999,2,served
4435,2753.664423,2754.787234,2753.664423,3,served
4436,2753.664423,2755.414623,2753.664423,0,served
4437,2754.202743,2755.164592,2754.202743,1,served
4438,2754.583981,2755.481726,2754.583981,2,served
4439,2755.011714,2755.716361,2755.011714,3,served
4440,2755.011714,2760.982864,2755.164592,1,served
4441,2757.981870,2758.884476,2757.981870,3,served
4442,2759.197421,2760.900306,2759.197421,3,served
4443,2759.609834,2760.585094,2759.609834,0,served
4444,2761.525982,2761.663331,2761.525982,3,served
4445,2762.236776,2763.113476,2762.236776,3,served
4446,2762.236776,2764.008363,2762.236776,0,served
4447,2762.236776,2764.939623,2762.236776,1,served
4448,2763.004455,2764.820732,2763.004455,2,served
4449,2763.004455,2763.300175,2763.113476,3,served
4450,2763.004455,2763.416914,2763.300175,3,served
4451,2763.004455,2764.576851,2763.416914,3,served
4452,2763.913686,2765.241136,2764.008363,0,served
4453,2764.455668,2764.803681,2764.576851,3,served
4454,2764.455668,2765.085869,2764.803681,3,served
4455,2764.455668,2766.800480,2764.820732,2,served
4456,2764.510215,2765.542257,2764.939623,1,served
4457,2765.195174,2765.429298,2765.195174,3,served
4458,2765.195174,2766.833438,2765.241136,0,served
4459,2765.195174,2765.714029,2765.429298,3,served
4460,2765.195174,2767.507412,2765.542257,1,served
4461,2765.308939,2765.771184,2765.714029,3,served
4462,2766.008681,2766.336269,2766.008681,3,served
4463,2766.008681,2766.809088,2766.336269,3,served
4464,2766.098684,2770.941403,2766.800480,2,served
4465,2766.692076,2767.199560,2766.809088,3,served
4466,2766.692076,2768.028421,2766.833438,0,served
4467,2766.702275,2767.507831,2767.199560,3,served
4468,2766.702275,2777.201853,2767.507412,1,served
4469,2766.702275,2770.786973,2767.507831,3,served
4470,2766.797780,2768.442503,2768.028421,0,served
4471,2766.797780,2768.630060,2768.442503,0,served
4472,2766.797780,2770.943826,2768.630060,0,served
4473,2766.797780,2771.171045,2770.786973,3,served
4474,2766.832597,2772.235721,2770.941403,2,served
4475,2767.717876,2776.870519,2770.943826,0,served
4476,2767.717876,2772.837327,2771.171045,3,served
4477,2767.717876,2774.509298,2772.235721,2,served
4478,2767.852299,2773.473349,2772.837327,3,served
4479,2767.852299,2774.252083,2773.473349,3,served
4480,2767.852299,2776.396836,2774.252083,3,served
4481,2767.893774,2775.985996,2774.509298,2,served
4482,2769.076606,2781.873379,2775.985996,2,served
4483,2769.283797,2778.146206,2776.396836,3,served
4484,2769.283797,2781.494221,2776.870519,0,served
4485,2769.580108,2779.591192,2777.201853,1,served
4486,2769.580108,2778.154575,2778.146206,3,served
4487,2770.976976,2780.453260,2778.154575,3,served
4488,2770.976976,2782.943642,2779.591192,1,served
4489,2772.406714,2780.476944,2780.453260,3,served
4490,2774.200181,2780.668550,2780.476944,3,served
4491,2774.200181,2781.827405,2780.668550,3,served
4492,2775.405970,2781.775200,2781.494221,0,served
4493,2776.230512,2781.827287,2781.775200,0,served
4494,2779.375683,2784.868658,2781.827287,0,served
4495,2781.203997,2782.790190,2781.827405,3,served
4496,2781.203997,2783.658100,2781.873379,2,served
4497,2781.511012,2782.943406,2782.790190,3,served
4498,2781.511012,2782.965926,2782.943406,3,served
4499,2781.856976,2794.044931,2782.943642,1,served
4500,2782.454490,2783.749561,2782.965926,3,served
4501,2782.516748,2786.746145,2783.658100,2,served
4502,2782.753347,2784.371055,2783.749561,3,served
4503,2784.785398,2784.832071,2784.785398,3,served
4504,2785.018931,2786.055134,2785.018931,3,served
4505,2785.577118,2790.833609,2785.577118,0,served
4506,2785.577118,2786.691576,2786.055134,3,served
4507,2786.043597,2787.379480,2786.691576,3,served
4508,2786.345751,2787.761402,2786.746145,2,served
4509,2786.536838,2788.335302,2787.379480,3,served
4510,2787.285760,2787.947445,2787.761402,2,served
4511,2787.285760,2795.978299,2787.947445,2,served
4512,2788.430231,2789.021240,2788.430231,3,served
4513,2788.430231,2789.442422,2789.021240,3,served
4514,2789.143770,2789.518243,2789.442422,3,served
4515,2789.253233,2791.878870,2789.518243,3,served
4516,2789.253233,2791.223981,2790.833609,0,served
4517,2789.253233,2798.508597,2791.223981,0,served
4518,2789.253233,2793.624615,2791.878870,3,served
4519,2789.324057,2794.175577,2793.624615,3,served
4520,2790.835590,2795.722801,2794.044931,1,served
4521,2790.835590,2794.966807,2794.175577,3,served
4522,2790.856544,2797.773120,2794.966807,3,served
4523,2790.856544,2796.669258,2795.722801,1,served
4524,2790.856544,2796.067469,2795.978299,2,served
4525,2791.459774,2798.688696,2796.067469,2,served
4526,2791.459774,2798.324318,2796.669258,1,served
4527,2791.966254,2799.594714,2797.773120,3,served
4528,2791.966254,2799.101052,2798.324318,1,served
4529,2791.966254,2800.560844,2798.508597,0,served
4530,2792.388911,2800.556996,2798.688696,2,served
4531,2792.388911,2799.368772,2799.101052,1,served
4532,2794.374992,2809.722208,2799.368772,1,served
4533,2794.651476,2799.810014,2799.594714,3,served
4534,2795.525708,2800.423994,2799.810014,3,served
4535,2796.081616,2800.697453,2800.423994,3,served
4536,2798.034816,2800.817707,2800.556996,2,served
4537,2798.153698,2802.411939,2800.560844,0,served
4538,2798.223499,2801.795932,2800.697453,3,served
4539,2798.223499,2801.048920,2800.817707,2,served
4540,2798.223499,2801.641955,2801.048920,2,served
4541,2798.390916,2803.290556,2801.641955,2,served
4542,2799.660674,2802.887554,2801.795932,3,served
4543,2799.660674,2803.462515,2802.411939,0,served
4544,2800.832641,2803.235088,2802.887554,3,served
4545,2801.577758,2803.556590,2803.235088,3,served
4546,2801.577758,2804.540185,2803.290556,2,served
4547,2801.577758,2803.717464,2803.462515,0,served
4548,2801.577758,2809.014041,2803.556590,3,served
4549,2801.577758,2804.413587,2803.717464,0,served
4550,2803.539045,2809.672159,2804.413587,0,served
4551,2803.539045,2806.310263,2804.540185,2,served
4552,2803.539045,2811.025658,2806.310263,2,served
4553,2803.886487,2809.714325,2809.014041,3,served
4554,2803.886487,2811.826004,2809.672159,0,served
4555,2803.886487,2810.716550,2809.714325,3,served
4556,2803.886487,2810.377211,2809.722208,1,served
4557,2805.117052,2813.423104,2810.377211,1,served
4558,2805.117052,2811.617541,2810.716550,3,served
4559,2805.117052,2811.133696,2811.025658,2,served
4560,2805.117052,2813.049103,2811.133696,2,served
4561,2806.689731,2812.999365,2811.617541,3,served
4562,2811.532413,2814.286118,2811.826004,0,served
4563,2811.731483,2814.203852,2812.999365,3,served
4564,2812.406977,2821.189159,2813.049103,2,served
4565,2812.406977,2813.547140,2813.423104,1,served
4566,2812.406977,2813.657287,2813.547140,1,served
4567,2812.406977,2817.793958,2813.657287,1,served
4568,2812.406977,2814.912292,2814.203852,3,served
4569,2812.406977,2814.631101,2814.286118,0,served
4570,2812.406977,2816.009407,2814.631101,0,served
4571,2812.406977,2815.405540,2814.912292,3,served
4572,2812.406977,2816.353856,2815.405540,3,served
4573,2812.406977,2817.778513,2816.009407,0,served
4574,2814.128089,2817.465646,2816.353856,3,served
4575,2814.128089,2817.637699,2817.465646,3,served
4576,2814.128089,2818.229406,2817.637699,3,served
4577,2815.409494,2818.754259,2817.778513,0,served
4578,2815.409494,2820.136081,2817.793958,1,served
4579,2815.409494,2819.130994,2818.229406,3,served
4580,2815.409494,2820.485513,2818.754259,0,served
4581,2815.983465,2821.750183,2819.130994,3,served
4582,2816.399208,2820.549488,2820.136081,1,served
4583,2816.399208,2822.268106,2820.485513,0,served
4584,2817.027915,2822.355057,2820.549488,1,served
4585,2819.991268,2823.176646,2821.189159,2,served
4586,2820.597269,2824.092163,2821.750183,3,served
4587,2821.116042,2824.495453,2822.268106,0,served
4588,2821.116042,2823.267171,2822.355057,1,served
4589,2821.378018,2824.610634,2823.176646,2,served
4590,2823.617418,2824.094686,2823.617418,1,served
4591,2824.732815,2825.248092,2824.732815,3,served
4592,2824.732815,2826.788900,2824.732815,0,served
4593,2824.732815,2828.337793,2824.732815,1,served
4594,2824.732815,2825.908984,2824.732815,2,served
4595,2824.732815,2826.033298,2825.248092,3,served
4596,2824.732815,2826.293256,2825.908984,2,served
4597,2826.476500,2826.790768,2826.476500,3,served
4598,2826.476500,2827.238272,2826.476500,2,served
4599,2826.549208,2827.842756,2826.788900,0,served
4600,2826.549208,2827.452288,2826.790768,3,served
4601,2827.275583,2827.695683,2827.275583,2,served
4602,2827.305559,2828.373471,2827.452288,3,served
4603,2827.305559,2828.628716,2827.695683,2,served
4604,2827.418745,2827.907003,2827.842756,0,served
4605,2829.186468,2829.315993,2829.186468,3,served
4606,2829.786333,2830.347801,2829.786333,3,served
4607,2829.786333,2832.304044,2829.786333,0,served
4608,2830.382580,2830.570281,2830.382580,3,served
4609,2830.382580,2832.253963,2830.382580,1,served
4610,2830.382580,2830.465233,2830.382580,2,served
4611,2830.382580,2837.316204,2830.465233,2,served
4612,2831.654612,2833.475189,2831.654612,3,served
4613,2832.057699,2842.262312,2832.253963,1,served
4614,2832.269096,2832.944791,2832.304044,0,served
4615,2833.132544,2833.416166,2833.132544,0,served
4616,2833.141597,2835.110821,2833.416166,0,served
4617,2834.884003,2834.920141,2834.884003,3,served
4618,2835.621014,2838.057850,2835.621014,3,served
4619,2835.938053,2836.011433,2835.938053,0,served
4620,2835.938053,2838.754663,2836.011433,0,served
4621,2835.938053,2840.277564,2837.316204,2,served
4622,2837.306854,2839.161087,2838.057850,3,served
4623,2837.306854,2840.955951,2838.754663,0,served
4624,2837.306854,2839.545842,2839.161087,3,served
4625,2837.437766,2840.033913,2839.545842,3,served
4626,2837.437766,2840.128169,2840.033913,3,served
4627,2837.437766,2841.685968,2840.128169,3,served
4628,2837.437766,2842.603325,2840.277564,2,served
4629,2838.234508,2841.305875,2840.955951,0,served
4630,2838.234508,2841.640823,2841.305875,0,served
4631,2838.234508,2845.406066,2841.640823,0,served
4632,2838.234508,2841.687712,2841.685968,3,served
4633,2838.234508,2842.223438,2841.687712,3,served
4634,2839.118402,2844.667818,2842.223438,3,served
4635,2839.994181,2842.485210,2842.262312,1,served
4636,2839.994181,2844.040343,2842.485210,1,served
4637,2842.118776,2845.847459,2842.603325,2,served
4638,2842.118776,2844.510887,2844.040343,1,served
4639,2842.118776,2850.334579,2844.510887,1,served
4640,2842.118776,2844.750534,2844.667818,3,served
4641,2844.115764,2845.057451,2844.750534,3,served
4642,2847.397334,2852.335257,2847.397334,3,served
4643,2847.397334,2849.247691,2847.397334,0,served
4644,2847.484342,2849.720977,2847.484342,2,served
4645,2847.484342,2851.061889,2849.247691,0,served
4646,2850.860423,2854.694805,2850.860423,1,served
4647,2854.553197,2854.651501,2854.553197,3,served
4648,2855.057675,2856.067328,2855.057675,3,served
4649,2856.610857,2856.698609,2856.610857,3,served
4650,2856.610857,2856.805279,2856.610857,0,served
4651,2858.298991,2859.505149,2858.298991,3,served
4652,2858.298991,2860.695039,2858.298991,0,served
4653,2858.652614,2859.058765,2858.652614,1,served
4654,2860.246322,2860.376466,2860.246322,3,served
4655,2860.824148,2861.086060,2860.824148,3,served
4656,2860.824148,2861.880882,2860.824148,0,served
4657,2860.824148,2861.147540,2860.824148,1,served
4658,2861.654943,2861.720374,2861.654943,3,served
4659,2861.654943,2862.016382,2861.654943,1,served
4660,2861.654943,2863.720065,2861.654943,2,served
4661,2861.654943,2862.839497,2861.720374,3,served
4662,2863.244734,2863.360277,2863.244734,3,served
4663,2865.190640,2867.324586,2865.190640,3,served
4664,2865.677582,2868.091792,2865.677582,0,served
4665,2865.677582,2869.169704,2865.677582,1,served
4666,2865.903979,2866.601632,2865.903979,2,served
4667,2868.188814,2870.718980,2868.188814,3,served
4668,2868.188814,2868.576077,2868.188814,0,served
4669,2869.397242,2869.713091,2869.397242,0,served
4670,2869.397242,2872.968033,2869.397242,1,served
4671,2869.397242,2869.926782,2869.397242,2,served
4672,2870.167213,2871.015066,2870.167213,0,served
4673,2870.167213,2875.376505,2870.167213,2,served
4674,2870.167213,2872.548226,2870.718980,3,served
4675,2872.763477,2874.116130,2872.763477,3,served
4676,2876.153706,2876.870902,2876.153706,3,served
4677,2876.153706,2876.298256,2876.153706,0,served
4678,2876.153706,2876.187681,2876.153706,1,served
4679,2876.153706,2882.127681,2876.153706,2,served
4680,2877.104417,2877.466685,2877.104417,3,served
4681,2878.609654,2880.676401,2878.609654,3,served
4682,2881.741964,2882.871312,2881.741964,3,served
4683,2882.933571,2883.367610,2882.933571,3,served
4684,2884.079446,2884.605042,2884.079446,3,served
4685,2884.079446,2886.222789,2884.079446,0,served
4686,2884.079446,2885.212470,2884.079446,1,served
4687,2884.943245,2885.524808,2884.943245,3,served
4688,2886.190311,2888.114546,2886.190311,3,served
4689,2886.525704,2887.232920,2886.525704,0,served
4690,2886.525704,2889.247361,2886.525704,1,served
4691,2886.525704,2887.752926,2886.525704,2,served
4692,2889.316152,2889.946411,2889.316152,3,served
4693,2889.316152,2890.783464,2889.316152,0,served
4694,2889.316152,2893.965900,2889.316152,1,served
4695,2889.316152,2893.152854,2889.316152,2,served
4696,2889.484194,2890.623788,2889.946411,3,served
4697,2890.180747,2891.341064,2890.623788,3,served
4698,2893.636252,2894.760660,2893.636252,3,served
4699,2894.949955,2895.309284,2894.949955,3,served
4700,2894.949955,2895.383355,2894.949955,0,served
4701,2895.401384,2895.427120,2895.401384,3,served
4702,2896.488540,2897.549027,2896.488540,3,served
4703,2897.883710,2899.312577,2897.883710,3,served
4704,2898.199307,2900.432894,2898.199307,0,served
4705,2901.574892,2902.345653,2901.574892,3,served
4706,2901.746760,2901.848874,2901.746760,0,served
4707,2901.746760,2902.442522,2901.746760,1,served
4708,2904.177580,2904.964139,2904.177580,3,served
4709,2904.518910,2904.703257,2904.518910,0,served
4710,2906.735914,2907.005923,2906.735914,3,served
4711,2910.154577,2911.658121,2910.154577,3,served
4712,2910.154577,2911.284485,2910.154577,0,served
4713,2910.154577,2912.053898,2910.154577,1,served
4714,2910.154577,2910.870281,2910.154577,2,served
4715,2910.154577,2914.382037,2910.870281,2,served
4716,2913.348561,2914.608906,2913.348561,3,served
4717,2914.419522,2915.160596,2914.419522,0,served
4718,2914.419522,2916.653706,2914.419522,1,served
4719,2914.419522,2920.466496,2914.419522,2,served
4720,2914.419522,2915.766517,2914.608906,3,served
4721,2914.419522,2915.988998,2915.160596,0,served
4722,2914.419522,2915.934858,2915.766517,3,served
4723,2914.419522,2918.499019,2915.934858,3,served
4724,2914.419522,2916.269020,2915.988998,0,served
4725,2916.750876,2916.964770,2916.750876,0,served
4726,2917.726218,2918.766708,2917.726218,0,served
4727,2919.247217,2919.653602,2919.247217,3,served
4728,2919.247217,2919.834750,2919.247217,0,served
4729,2920.899289,2920.929578,2920.899289,3,served
4730,2924.038705,2925.809968,2924.038705,3,served
4731,2926.206930,2928.501750,2926.206930,3,served
4732,2926.206930,2927.363571,2926.206930,0,served
4733,2926.206930,2926.748259,2926.206930,1,served
4734,2926.206930,2926.482201,2926.206930,2,served
4735,2926.827762,2932.449569,2926.827762,1,served
4736,2927.674182,2927.997993,2927.674182,0,served
4737,2931.139499,2932.005466,2931.139499,3,served
4738,2931.139499,2932.746054,2931.139499,0,served
4739,2931.139499,2931.262180,2931.139499,2,served
4740,2931.192051,2932.987188,2931.262180,2,served
4741,2932.435080,2932.566146,2932.435080,3,served
4742,2932.435080,2932.778585,2932.449569,1,served
4743,2932.435080,2932.714606,2932.566146,3,served
4744,2933.088470,2933.545413,2933.088470,3,served
4745,2933.088470,2935.613225,2933.088470,0,served
4746,2933.088470,2946.249012,2933.088470,1,served
4747,2933.574969,2933.722365,2933.574969,3,served
4748,2933.574969,2937.732642,2933.574969,2,served
4749,2933.574969,2934.112567,2933.722365,3,served
4750,2933.574969,2934.583116,2934.112567,3,served
4751,2933.574969,2937.668561,2934.583116,3,served
4752,2935.404591,2938.046096,2935.613225,0,served
4753,2938.422638,2939.508187,2938.422638,3,served
4754,2939.070603,2939.516402,2939.070603,0,served
4755,2939.070603,2940.141714,2939.070603,2,served
4756,2939.070603,2942.080619,2939.508187,3,served
4757,2939.070603,2940.355493,2939.516402,0,served
4758,2939.070603,2943.382417,2940.141714,2,served
4759,2939.070603,2940.386358,2940.355493,0,served
4760,2939.070603,2941.247192,2940.386358,0,served
4761,2940.919358,2942.062661,2941.247192,0,served
4762,2941.112734,2946.136961,2942.062661,0,served
4763,2941.112734,2942.293828,2942.080619,3,served
4764,2941.112734,2943.059145,2942.293828,3,served
4765,2941.112734,2943.280327,2943.059145,3,served
4766,2941.112734,2944.095827,2943.280327,3,served
4767,2941.324533,2947.416180,2943.382417,2,served
4768,2941.827323,2944.895960,2944.095827,3,served
4769,2942.242765,2945.174890,2944.895960,3,served
4770,2942.242765,2946.669384,2945.174890,3,served
4771,2942.330956,2946.249373,2946.136961,0,served
4772,2943.775298,2946.457167,2946.249012,1,served
4773,2944.032047,2946.811135,2946.249373,0,served
4774,2945.258326,2949.273926,2946.457167,1,served
4775,2946.121015,2947.627242,2946.669384,3,served
4776,2948.745357,2949.597942,2948.745357,3,served
4777,2949.469152,2949.758297,2949.469152,0,served
4778,2949.469152,2950.518720,2949.469152,1,served
4779,2952.228111,2952.744665,2952.228111,3,served
4780,2952.548210,2953.946568,2952.548210,0,served
4781,2954.076093,2955.884755,2954.076093,3,served
4782,2955.838098,2956.043778,2955.838098,0,served
4783,2955.838098,2958.377074,2955.838098,1,served
4784,2955.880562,2959.308051,2955.880562,2,served
4785,2955.880562,2956.546927,2955.884755,3,served
4786,2955.880562,2956.466014,2956.043778,0,served
4787,2955.880562,2956.576735,2956.466014,0,served
4788,2955.880562,2959.954315,2956.546927,3,served
4789,2955.880562,2957.015453,2956.576735,0,served
4790,2957.541688,2958.629842,2957.541688,0,served
4791,2957.805344,2958.568834,2958.377074,1,served
4792,2957.805344,2961.571795,2958.568834,1,served
4793,2958.077037,2960.078290,2958.629842,0,served
4794,2960.761365,2961.247147,2960.761365,3,served
4795,2960.761365,2962.507038,2960.761365,0,served
4796,2960.761365,2960.824600,2960.761365,2,served
4797,2960.761365,2961.627212,2960.824600,2,served
4798,2961.093320,2962.303575,2961.247147,3,served
4799,2961.093320,2963.401694,2961.571795,1,served
4800,2961.873913,2962.696533,2961.873913,2,served
4801,2961.873913,2962.377068,2962.303575,3,served
4802,2961.873913,2964.955678,2962.377068,3,served
4803,2961.873913,2962.573612,2962.507038,0,served
4804,2962.339383,2963.586201,2962.573612,0,served
4805,2963.175567,2963.347902,2963.175567,2,served
4806,2964.303346,2965.762911,2964.303346,0,served
4807,2967.259701,2967.435094,2967.259701,3,served
4808,2967.259701,2968.244411,2967.259701,0,served
4809,2967.916471,2968.200790,2967.916471,3,served
4810,2968.253225,2968.380585,2968.253225,3,served
4811,2968.253225,2976.992680,2968.253225,0,served
4812,2970.146538,2970.862501,2970.146538,3,served
4813,2971.302017,2972.860313,2971.302017,3,served
4814,2971.388510,2973.672696,2971.388510,1,served
4815,2971.388510,2974.632841,2971.388510,2,served
4816,2972.685842,2973.746624,2972.860313,3,served
4817,2972.685842,2982.161892,2973.672696,1,served
4818,2974.678248,2975.369724,2974.678248,3,served
4819,2974.678248,2975.229095,2974.678248,2,served
4820,2974.678248,2976.796332,2975.229095,2,served
4821,2974.678248,2977.740390,2975.369724,3,served
4822,2974.678248,2985.068501,2976.796332,2,served
4823,2975.015744,2978.848523,2976.992680,0,served
4824,2975.259314,2978.723777,2977.740390,3,served
4825,2975.259314,2978.862406,2978.723777,3,served
4826,2977.201921,2980.824779,2978.848523,0,served
4827,2977.201921,2979.443380,2978.862406,3,served
4828,2978.059342,2983.153416,2979.443380,3,served
4829,2980.866796,2981.921017,2980.866796,0,served
4830,2980.866796,2988.375272,2981.921017,0,served
4831,2980.975971,2985.303391,2982.161892,1,served
4832,2980.975971,2984.492468,2983.153416,3,served
4833,2980.975971,2984.732460,2984.492468,3,served
4834,2980.975971,2986.523468,2984.732460,3,served
4835,2982.276319,2988.424342,2985.068501,2,served
4836,2982.276319,2986.557190,2985.303391,1,served
4837,2984.690540,2986.774298,2986.523468,3,served
4838,2984.696241,2988.421107,2986.557190,1,served
4839,2984.696241,2987.463714,2986.774298,3,served
4840,2984.696241,2987.785326,2987.463714,3,served
4841,2984.696241,2988.408435,2987.785326,3,served
4842,2984.696241,2988.466120,2988.375272,0,served
4843,2984.696241,2990.251703,2988.408435,3,served
4844,2984.696241,2991.394961,2988.421107,1,served
4845,2984.794000,2988.610463,2988.424342,2,served
4846,2985.915952,2989.314652,2988.466120,0,served
4847,2985.915952,2993.965950,2988.610463,2,served
4848,2986.365810,2991.447979,2989.314652,0,served
4849,2986.500640,2992.493273,2990.251703,3,served
4850,2986.984728,2991.971006,2991.394961,1,served
4851,2986.984728,2993.908783,2991.447979,0,served
4852,2988.109051,2993.618518,2991.971006,1,served
4853,2988.109051,2992.990477,2992.493273,3,served
4854,2988.586855,2994.154184,2992.990477,3,served
4855,2989.980789,2994.799318,2993.618518,1,served
4856,2989.980789,2994.668848,2993.908783,0,served
4857,2991.311385,2999.052660,2993.965950,2,served
4858,2991.509497,2994.358512,2994.154184,3,served
4859,2991.509497,2997.816187,2994.358512,3,served
4860,2991.509497,2995.868788,2994.668848,0,served
4861,2995.187175,2996.525299,2995.187175,1,served
4862,2995.187175,2996.768733,2995.868788,0,served
4863,2995.705592,2998.568701,2996.525299,1,served
4864,3001.521088,3004.010483,3001.521088,3,served
4865,3001.881994,3005.860905,3001.881994,0,served
4866,3003.543720,3003.575908,3003.543720,1,served
4867,3003.543720,3003.744958,3003.543720,2,served
4868,3003.543720,3018.247766,3003.575908,1,served
4869,3003.543720,3003.938856,3003.744958,2,served
4870,3004.094229,3006.744612,3004.094229,3,served
4871,3004.094229,3007.618203,3004.094229,2,served
4872,3004.094229,3006.198008,3005.860905,0,served
4873,3004.094229,3007.054285,3006.198008,0,served
4874,3005.075833,3007.581167,3006.744612,3,served
4875,3005.285772,3007.483480,3007.054285,0,served
4876,3006.711704,3007.669393,3007.483480,0,served
4877,3007.338752,3009.265998,3007.581167,3,served
4878,3007.338752,3007.787401,3007.618203,2,served
4879,3010.725134,3011.072942,3010.725134,3,served
4880,3010.725134,3012.869788,3010.725134,0,served
4881,3012.912937,3012.973008,3012.912937,3,served
4882,3013.042738,3014.680256,3013.042738,3,served
4883,3013.042738,3014.245251,3013.042738,0,served
4884,3013.042738,3015.601827,3013.042738,2,served
4885,3013.042738,3015.420279,3014.245251,0,served
4886,3013.042738,3015.501238,3014.680256,3,served
4887,3013.042738,3018.565781,3015.420279,0,served
4888,3017.088838,3017.355850,3017.088838,3,served
4889,3017.802857,3018.022110,3017.802857,3,served
4890,3017.802857,3022.462518,3017.802857,2,served
4891,3017.814320,3021.896952,3018.022110,3,served
4892,3017.814320,3018.886719,3018.247766,1,served
4893,3018.186859,3018.831627,3018.565781,0,served
4894,3019.632930,3021.054105,3019.632930,0,served
4895,3019.632930,3025.373867,3019.632930,1,served
4896,3019.901866,3022.005237,3021.054105,0,served
4897,3020.362623,3024.454214,3021.896952,3,served
4898,3022.233939,3022.964436,3022.233939,0,served
4899,3023.395578,3024.516456,3023.395578,0,served
4900,3028.540724,3030.784021,3028.540724,3,served
4901,3029.055552,3031.972397,3029.055552,0,served
4902,3032.214649,3034.153042,3032.214649,3,served
4903,3035.274542,3036.027506,3035.274542,3,served
4904,3035.274542,3038.643628,3035.274542,0,served
4905,3037.718848,3042.183870,3037.718848,3,served
4906,3037.718848,3042.279883,3037.718848,1,served
4907,3038.326999,3044.794226,3038.326999,2,served
4908,3038.326999,3039.771936,3038.643628,0,served
4909,3038.326999,3043.462624,3039.771936,0,served
4910,3038.326999,3044.196915,3042.183870,3,served
4911,3038.326999,3048.145073,3042.279883,1,served
4912,3039.317199,3043.931181,3043.462624,0,served
4913,3039.317199,3045.264811,3043.931181,0,served
4914,3039.569825,3044.373766,3044.196915,3,served
4915,3040.903995,3045.251392,3044.373766,3,served
4916,3040.903995,3045.997250,3044.794226,2,served
4917,3040.903995,3050.687029,3045.251392,3,served
4918,3040.903995,3046.659305,3045.264811,0,served
4919,3040.903995,3049.598009,3045.997250,2,served
4920,3043.939565,3046.696793,3046.659305,0,served
4921,3044.130819,3047.425578,3046.696793,0,served
4922,3044.130819,3048.559171,3047.425578,0,served
4923,3044.130819,3048.949408,3048.145073,1,served
4924,3046.408741,3049.010073,3048.559171,0,served
4925,3046.408741,3049.464978,3048.949408,1,served
4926,3046.408741,3049.672377,3049.010073,0,served
4927,3046.408741,3051.540224,3049.464978,1,served
4928,3046.556301,3049.662898,3049.598009,2,served
4929,3047.541989,3051.510616,3049.662898,2,served
4930,3048.069856,3050.305371,3049.672377,0,served
4931,3048.262287,3050.380797,3050.305371,0,served
4932,3048.537511,3052.038792,3050.380797,0,served
4933,3049.770023,3050.835854,3050.687029,3,served
4934,3049.770023,3052.281249,3050.835854,3,served
4935,3051.137225,3056.303881,3051.510616,2,served
4936,3051.137225,3051.815699,3051.540224,1,served
4937,3051.137225,3055.497092,3051.815699,1,served
4938,3053.977952,3054.815089,3053.977952,3,served
4939,3053.977952,3055.081753,3053.977952,0,served
4940,3053.977952,3054.850763,3054.815089,3,served
4941,3053.986225,3055.038932,3054.850763,3,served
4942,3053.986225,3055.464631,3055.038932,3,served
4943,3054.024611,3055.099774,3055.081753,0,served
4944,3056.116917,3057.842209,3056.116917,3,served
4945,3057.485205,3058.285019,3057.485205,0,served
4946,3057.485205,3060.916888,3057.485205,1,served
4947,3057.485205,3059.795289,3057.485205,2,served
4948,3057.485205,3057.875827,3057.842209,3,served
4949,3058.704425,3060.836106,3058.704425,3,served
4950,3058.704425,3058.822892,3058.704425,0,served
4951,3058.704425,3061.160887,3058.822892,0,served
4952,3061.972635,3062.527287,3061.972635,3,served
4953,3062.854976,3063.189440,3062.854976,3,served
4954,3062.854976,3065.400257,3062.854976,0,served
4955,3062.854976,3064.322900,3062.854976,1,served
4956,3062.854976,3064.987586,3062.854976,2,served
4957,3064.976190,3065.651026,3064.976190,3,served
4958,3064.976190,3065.293527,3064.976190,1,served
4959,3068.006819,3069.546527,3068.006819,3,served
4960,3068.006819,3068.440733,3068.006819,0,served
4961,3068.006819,3070.220400,3068.006819,1,served
4962,3069.150721,3073.516228,3069.150721,0,served
4963,3069.150721,3070.752238,3069.150721,2,served
4964,3069.150721,3071.700322,3069.546527,3,served
4965,3069.150721,3079.305327,3070.220400,1,served
4966,3069.150721,3074.463396,3070.752238,2,served
4967,3069.150721,3072.915565,3071.700322,3,served
4968,3069.150721,3075.585245,3072.915565,3,served
4969,3069.150721,3073.595807,3073.516228,0,served
4970,3069.150721,3074.578240,3073.595807,0,served
4971,3069.948270,3077.312831,3074.463396,2,served
4972,3069.975493,3077.080275,3074.578240,0,served
4973,3069.975493,3075.803317,3075.585245,3,served
4974,3069.975493,3077.362583,3075.803317,3,served
4975,3069.975493,3077.771946,3077.080275,0,served
4976,3069.975493,3078.507272,3077.312831,2,served
4977,3070.330065,3078.219513,3077.362583,3,served
4978,3070.330065,3084.213981,3077.771946,0,served
4979,3070.330065,3078.539351,3078.219513,3,served
4980,3075.363036,3082.232379,3078.507272,2,served
4981,3075.434509,3078.768193,3078.539351,3,served
4982,3075.486355,3079.139338,3078.768193,3,served
4983,3077.438836,3082.885875,3079.139338,3,served
4984,3077.438836,3084.926065,3079.305327,1,served
4985,3078.643175,3083.076600,3082.232379,2,served
4986,3078.643175,3083.730127,3082.885875,3,served
4987,3078.643175,3084.107760,3083.076600,2,served
4988,3078.643175,3084.835703,3083.730127,3,served
4989,3080.232851,3085.391836,3084.107760,2,served
4990,3080.232851,3089.902819,3084.213981,0,served
4991,3080.232851,3086.329318,3084.835703,3,served
4992,3080.232851,3085.521797,3084.926065,1,served
4993,3080.232851,3085.557485,3085.391836,2,served
4994,3080.835901,3085.590010,3085.521797,1,served
4995,3082.176507,3092.299919,3085.557485,2,served
4996,3082.176507,3085.870917,3085.590010,1,served
4997,3082.176507,3088.971474,3085.870917,1,served
4998,3082.176507,3086.420910,3086.329318,3,served
4999,3082.176507,3086.756093,3086.420910,3,served
5000,3083.907315,3089.105621,3086.756093,3,served
5001,3084.180364,3089.260586,3088.971474,1,served
5002,3084.808801,3089.405313,3089.105621,3,served
5003,3084.808801,3094.048664,3089.260586,1,served
5004,3087.401154,3090.739891,3089.405313,3,served
5005,3087.401154,3090.306209,3089.902819,0,served
5006,3087.755713,3091.157101,3090.306209,0,served
5007,3087.755713,3090.835696,3090.739891,3,served
5008,3087.968237,3091.262472,3090.835696,3,served
5009,3090.516860,3091.462675,3091.157101,0,served
5010,3090.516860,3093.906440,3091.262472,3,served
5011,3090.516860,3091.917951,3091.462675,0,served
5012,3090.516860,3092.950222,3091.917951,0,served
5013,3090.516860,3092.629160,3092.299919,2,served
5014,3090.516860,3102.307426,3092.629160,2,served
5015,3090.516860,3094.344379,3092.950222,0,served
5016,3090.516860,3094.201649,3093.906440,3,served
5017,3090.516860,3095.006888,3094.048664,1,served
5018,3090.516860,3094.354573,3094.201649,3,served
5019,3092.492779,3098.420531,3094.344379,0,served
5020,3093.560653,3094.660832,3094.354573,3,served
5021,3093.560653,3096.607611,3094.660832,3,served
5022,3093.560653,3095.225087,3095.006888,1,served
5023,3098.880255,3099.051380,3098.880255,3,served
5024,3098.880255,3099.752827,3098.880255,0,served
5025,3098.880255,3099.388840,3098.880255,1,served
5026,3098.880255,3099.501063,3099.051380,3,served
5027,3102.243419,3102.621501,3102.243419,3,served
5028,3102.243419,3102.338268,3102.243419,0,served
5029,3102.243419,3112.309258,3102.243419,1,served
5030,3102.243419,3102.836081,3102.307426,2,served
5031,3102.243419,3103.238310,3102.338268,0,served
5032,3102.638654,3103.797982,3102.638654,3,served
5033,3105.185519,3106.194642,3105.185519,3,served
5034,3107.944220,3108.196580,3107.944220,3,served
5035,3107.944220,3107.952792,3107.944220,0,served
5036,3110.459914,3111.960419,3110.459914,3,served
5037,3110.459914,3112.982594,3110.459914,0,served
5038,3110.459914,3114.606248,3110.459914,2,served
5039,3110.459914,3112.785570,3111.960419,3,served
5040,3111.748910,3114.368814,3112.309258,1,served
5041,3111.748910,3113.341324,3112.785570,3,served
5042,3111.748910,3115.907496,3112.982594,0,served
5043,3111.927782,3113.643545,3113.341324,3,served
5044,3111.927782,3114.276421,3113.643545,3,served
5045,3112.916669,3115.555190,3114.276421,3,served
5046,3112.916669,3114.757970,3114.368814,1,served
5047,3113.842438,3114.806437,3114.606248,2,served
5048,3114.584734,3119.506212,3114.757970,1,served
5049,3116.020160,3116.328886,3116.020160,3,served
5050,3116.020160,3117.420814,3116.020160,0,served
5051,3116.020160,3121.593889,3116.020160,2,served
5052,3118.268738,3120.430623,3118.268738,3,served
5053,3119.493852,3121.823845,3119.493852,0,served
5054,3119.493852,3120.053671,3119.506212,1,served
5055,3119.493852,3121.785505,3120.053671,1,served
5056,3120.904305,3123.978934,3120.904305,3,served
5057,3121.081934,3124.195454,3121.593889,2,served
5058,3122.331128,3122.619793,3122.331128,0,served
5059,3123.916008,3125.395499,3123.916008,0,served
5060,3123.916008,3131.238224,3123.916008,1,served
5061,3128.046486,3129.204369,3128.046486,3,served
5062,3128.505171,3128.505652,3128.505171,0,served
5063,3129.119017,3130.088870,3129.119017,0,served
5064,3129.119017,3131.571860,3129.119017,2,served
5065,3129.493438,3131.655049,3129.493438,3,served
5066,3129.493438,3133.576331,3130.088870,0,served
5067,3129.493438,3138.434438,3131.238224,1,served
5068,3131.819434,3132.553885,3131.819434,3,served
5069,3131.980188,3133.857585,3131.980188,2,served
5070,3131.980188,3133.410353,3132.553885,3,served
5071,3133.769600,3134.559678,3133.769600,3,served
5072,3134.385109,3135.116708,3134.385109,0,served
5073,3134.658248,3135.188228,3134.658248,3,served
5074,3138.004034,3138.621470,3138.004034,3,served
5075,3138.004034,3138.272860,3138.004034,0,served
5076,3138.004034,3141.214578,3138.004034,2,served
5077,3138.346478,3140.098020,3138.346478,0,served
5078,3141.369270,3145.735808,3141.369270,3,served
5079,3141.481142,3141.593767,3141.481142,0,served
5080,3141.614250,3145.084475,3141.614250,0,served
5081,3141.614250,3143.185852,3141.614250,1,served
5082,3141.614250,3143.542663,3141.614250,2,served
5083,3142.690604,3146.618581,3143.185852,1,served
5084,3143.085870,3146.668625,3143.542663,2,served
5085,3143.085870,3145.674722,3145.084475,0,served
5086,3143.085870,3147.252400,3145.674722,0,served
5087,3143.085870,3148.208000,3145.735808,3,served
5088,3143.085870,3157.342435,3146.618581,1,served
5089,3146.042026,3150.768490,3146.668625,2,served
5090,3146.042026,3147.349677,3147.252400,0,served
5091,3146.042026,3148.076862,3147.349677,0,served
5092,3147.128016,3149.963191,3148.076862,0,served
5093,3147.128016,3148.693338,3148.208000,3,served
5094,3148.155690,3148.844408,3148.693338,3,served
5095,3148.155690,3148.944520,3148.844408,3,served
5096,3148.155690,3149.619328,3148.944520,3,served
5097,3148.277731,3150.522544,3149.619328,3,served
5098,3148.771323,3152.022513,3149.963191,0,served
5099,3150.039973,3150.956482,3150.522544,3,served
5100,3150.206218,3153.603402,3150.768490,2,served
5101,3150.850904,3151.185643,3150.956482,3,served
5102,3153.335582,3153.524311,3153.335582,3,served
5103,3154.003331,3154.514624,3154.003331,3,served
5104,3154.003331,3154.241064,3154.003331,0,served
5105,3154.734965,3155.662649,3154.734965,3,served
5106,3154.734965,3155.827266,3154.734965,0,served
5107,3155.389778,3155.938438,3155.389778,2,served
5108,3155.389778,3156.339680,3155.662649,3,served
5109,3155.389778,3156.170567,3155.827266,0,served
5110,3156.164095,3157.352277,3156.164095,2,served
5111,3156.164095,3157.353349,3156.170567,0,served
5112,3156.230730,3156.661484,3156.339680,3,served
5113,3160.725998,3160.965153,3160.725998,3,served
5114,3160.725998,3162.151663,3160.725998,0,served
5115,3162.264855,3163.066060,3162.264855,3,served
5116,3162.491751,3163.411821,3162.491751,0,served
5117,3162.491751,3166.826279,3162.491751,1,served
5118,3163.360748,3164.100305,3163.360748,3,served
5119,3163.360748,3173.906487,3163.360748,2,served
5120,3163.360748,3163.706021,3163.411821,0,served
5121,3163.360748,3168.185746,3163.706021,0,served
5122,3165.772296,3166.465395,3165.772296,3,served
5123,3168.490023,3171.628014,3168.490023,3,served
5124,3168.490023,3170.987410,3168.490023,0,served
5125,3169.234690,3175.379130,3169.234690,1,served
5126,3169.243492,3171.338969,3170.987410,0,served
5127,3169.243492,3173.941928,3171.338969,0,served
5128,3169.243492,3172.559736,3171.628014,3,served
5129,3169.243492,3173.058389,3172.559736,3,served
5130,3169.243492,3173.555311,3173.058389,3,served
5131,3170.052540,3173.897114,3173.555311,3,served
5132,3170.052540,3175.763181,3173.897114,3,served
5133,3170.052540,3174.551170,3173.906487,2,served
5134,3170.264106,3176.377944,3173.941928,0,served
5135,3170.264106,3175.983270,3174.551170,2,served
5136,3171.522078,3176.652377,3175.379130,1,served
5137,3173.777776,3176.043103,3175.763181,3,served
5138,3173.777776,3177.283249,3175.983270,2,served
5139,3176.221989,3176.652264,3176.221989,3,served
5140,3177.347166,3178.751792,3177.347166,3,served
5141,3177.672447,3178.184528,3177.672447,0,served
5142,3177.672447,3177.956355,3177.672447,1,served
5143,3177.672447,3181.803369,3177.672447,2,served
5144,3177.672447,3188.209014,3177.956355,1,served
5145,3178.143723,3179.737693,3178.184528,0,served
5146,3178.889758,3181.003356,3178.889758,3,served
5147,3179.580498,3180.784226,3179.737693,0,served
5148,3179.580498,3184.035096,3180.784226,0,served
5149,3180.331220,3181.182364,3181.003356,3,served
5150,3180.331220,3181.690653,3181.182364,3,served
5151,3180.331220,3182.267562,3181.690653,3,served
5152,3181.670198,3182.164409,3181.803369,2,served
5153,3184.221523,3185.039359,3184.221523,3,served
5154,3184.880303,3186.019966,3184.880303,0,served
5155,3185.116406,3187.612486,3185.116406,3,served
5156,3185.116406,3189.186526,3185.116406,2,served
5157,3185.116406,3188.918958,3186.019966,0,served
5158,3185.897692,3187.943641,3187.612486,3,served
5159,3185.897692,3188.934969,3187.943641,3,served
5160,3185.897692,3188.992211,3188.209014,1,served
5161,3187.640974,3190.030332,3188.918958,0,served
5162,3187.640974,3191.252618,3188.934969,3,served
5163,3187.764392,3189.472605,3188.992211,1,served
5164,3189.202700,3194.747578,3189.202700,2,served
5165,3189.441598,3196.299897,3189.472605,1,served
5166,3189.679960,3191.484112,3190.030332,0,served
5167,3189.679960,3191.605549,3191.252618,3,served
5168,3189.679960,3192.196380,3191.484112,0,served
5169,3189.679960,3191.930397,3191.605549,3,served
5170,3189.679960,3191.957039,3191.930397,3,served
5171,3196.565594,3196.787267,3196.565594,3,served
5172,3200.275558,3200.574031,3200.275558,3,served
5173,3200.275558,3200.282694,3200.275558,0,served
5174,3200.275558,3200.560276,3200.275558,1,served
5175,3200.275558,3207.191019,3200.275558,2,served
5176,3200.489242,3203.487688,3200.489242,0,served
5177,3200.489242,3205.977026,3200.560276,1,served
5178,3200.489242,3201.333847,3200.574031,3,served
5179,3201.203159,3202.865536,3201.333847,3,served
5180,3208.050526,3208.319767,3208.050526,3,served
5181,3208.050526,3209.486606,3208.050526,0,served
5182,3208.050526,3212.413682,3208.050526,1,served
5183,3208.050526,3208.962374,3208.050526,2,served
5184,3208.050526,3209.240647,3208.319767,3,served
5185,3209.053082,3213.111103,3209.053082,2,served
5186,3209.176754,3209.765147,3209.240647,3,served
5187,3209.176754,3209.905471,3209.486606,0,served
5188,3209.176754,3210.373392,3209.765147,3,served
5189,3210.508728,3214.041098,3210.508728,3,served
5190,3215.188960,3215.244842,3215.188960,3,served
5191,3215.188960,3221.471645,3215.188960,0,served
5192,3215.575034,3217.011075,3215.575034,3,served
5193,3216.101280,3219.478279,3216.101280,1,served
5194,3216.101280,3217.270590,3216.101280,2,served
5195,3216.894345,3217.137326,3217.011075,3,served
5196,3217.365736,3219.043856,3217.365736,3,served
5197,3217.365736,3220.552669,3217.365736,2,served
5198,3217.365736,3219.671117,3219.043856,3,served
5199,3217.365736,3221.492379,3219.478279,1,served
5200,3217.365736,3219.695409,3219.671117,3,served
5201,3217.365736,3219.920948,3219.695409,3,served
5202,3218.087396,3220.584097,3219.920948,3,served
5203,3219.252230,3221.572403,3220.552669,2,served
5204,3219.854087,3222.203464,3220.584097,3,served
5205,3219.965062,3221.745780,3221.471645,0,served
5206,3219.965062,3224.094840,3221.492379,1,served
5207,3221.684002,3223.065680,3221.684002,2,served
5208,3228.267811,3228.406132,3228.267811,3,served
5209,3228.267811,3229.387768,3228.267811,0,served
5210,3228.267811,3228.398160,3228.267811,1,served
5211,3228.286508,3229.494226,3228.286508,2,served
5212,3228.307853,3232.867893,3228.398160,1,served
5213,3228.307853,3228.994348,3228.406132,3,served
5214,3230.953485,3231.272574,3230.953485,3,served
5215,3231.517005,3231.847650,3231.517005,3,served
5216,3231.517005,3233.039881,3231.517005,0,served
5217,3231.517005,3232.365377,3231.517005,2,served
5218,3231.517005,3231.875980,3231.847650,3,served
5219,3233.427614,3233.512019,3233.427614,3,served
5220,3233.427614,3235.207671,3233.427614,0,served
5221,3233.427614,3241.937537,3233.427614,1,served
5222,3234.131527,3236.047101,3234.131527,3,served
5223,3234.143661,3236.540456,3234.143661,2,served
5224,3234.143661,3235.468918,3235.207671,0,served
5225,3235.137618,3235.917640,3235.468918,0,served
5226,3235.898864,3240.323331,3235.917640,0,served
5227,3237.235289,3237.459445,3237.235289,3,served
5228,3237.235289,3245.451268,3237.235289,2,served
5229,3239.444150,3241.305345,3239.444150,3,served
5230,3239.952688,3244.910466,3240.323331,0,served
5231,3241.059678,3243.698821,3241.305345,3,served
5232,3242.059332,3251.505760,3242.059332,1,served
5233,3242.059332,3245.110942,3243.698821,3,served
5234,3242.059332,3254.077530,3244.910466,0,served
5235,3242.059332,3246.361359,3245.110942,3,served
5236,3242.059332,3248.409816,3245.451268,2,served
5237,3248.288125,3250.284285,3248.288125,3,served
5238,3250.090870,3257.941376,3250.090870,2,served
5239,3251.414636,3251.650559,3251.414636,3,served
5240,3251.414636,3252.167498,3251.505760,1,served
5241,3251.414636,3252.248436,3251.650559,3,served
5242,3253.849434,3254.699494,3253.849434,3,served
5243,3253.849434,3259.358622,3253.849434,1,served
5244,3253.849434,3254.098174,3254.077530,0,served
5245,3255.663750,3258.556336,3255.663750,3,served
5246,3259.184166,3259.795425,3259.184166,3,served
5247,3260.455036,3264.376309,3260.455036,3,served
5248,3262.774791,3263.751554,3262.774791,0,served
5249,3262.774791,3264.985149,3262.774791,1,served
5250,3263.063179,3263.853071,3263.063179,2,served
5251,3263.063179,3264.715470,3263.751554,0,served
5252,3263.361948,3267.168234,3263.853071,2,served
5253,3264.259169,3266.130713,3264.376309,3,served
5254,3264.259169,3269.795021,3264.715470,0,served
5255,3265.955155,3270.736661,3265.955155,1,served
5256,3265.955155,3266.284231,3266.130713,3,served
5257,3265.955155,3266.787429,3266.284231,3,served
5258,3266.825141,3267.276575,3266.825141,3,served
5259,3266.825141,3275.191113,3267.168234,2,served
5260,3266.825141,3268.111330,3267.276575,3,served
5261,3271.503385,3274.771819,3271.503385,3,served
5262,3271.503385,3275.394989,3271.503385,0,served
5263,3271.643550,3273.409160,3271.643550,1,served
5264,3271.994097,3274.495807,3273.409160,1,served
5265,3272.346224,3276.054451,3274.495807,1,served
5266,3272.346224,3274.910904,3274.771819,3,served
5267,3273.259192,3275.709282,3274.910904,3,served
5268,3274.193725,3275.914886,3275.191113,2,served
5269,3274.193725,3276.170155,3275.394989,0,served
5270,3274.760300,3276.276849,3275.709282,3,served
5271,3274.760300,3278.063226,3275.914886,2,served
5272,3274.760300,3280.943167,3276.054451,1,served
5273,3274.760300,3276.723362,3276.170155,0,served
5274,3275.360267,3276.392772,3276.276849,3,served
5275,3275.360267,3276.744619,3276.392772,3,served
5276,3275.360267,3276.814217,3276.723362,0,served
5277,3276.891683,3277.597549,3276.891683,3,served
5278,3276.914703,3277.888653,3276.914703,0,served
5279,3278.096826,3279.109167,3278.096826,3,served
5280,3278.096826,3278.923230,3278.096826,0,served
5281,3278.096826,3278.473334,3278.096826,2,served
5282,3278.096826,3283.518832,3278.473334,2,served
5283,3278.563081,3279.634168,3278.923230,0,served
5284,3278.563081,3281.149418,3279.109167,3,served
5285,3278.712717,3280.571280,3279.634168,0,served
5286,3278.712717,3280.761347,3280.571280,0,served
5287,3279.405209,3281.463540,3280.761347,0,served
5288,3281.490562,3281.964992,3281.490562,3,served
5289,3283.793088,3284.091326,3283.793088,3,served
5290,3283.793088,3284.540260,3283.793088,0,served
5291,3283.793088,3287.225049,3283.793088,1,served
5292,3284.391734,3284.885630,3284.391734,3,served
5293,3286.281609,3288.083488,3286.281609,3,served
5294,3287.103687,3287.476252,3287.103687,0,served
5295,3287.103687,3293.681309,3287.103687,2,served
5296,3287.103687,3289.954082,3287.225049,1,served
5297,3287.449426,3288.352835,3287.476252,0,served
5298,3287.896746,3288.673896,3288.083488,3,served
5299,3290.492735,3292.392046,3290.492735,3,served
5300,3291.324401,3292.258555,3291.324401,0,served
5301,3291.324401,3292.108426,3291.324401,1,served
5302,3291.324401,3294.235391,3292.108426,1,served
5303,3293.887321,3294.051791,3293.887321,3,served
5304,3293.887321,3296.376641,3293.887321,0,served
5305,3295.690201,3296.535801,3295.690201,3,served
5306,3295.690201,3296.333250,3295.690201,1,served
5307,3295.739432,3298.349596,3295.739432,2,served
5308,3295.739432,3298.486031,3296.333250,1,served
5309,3297.014389,3297.812836,3297.014389,3,served
5310,3297.886078,3301.970799,3297.886078,3,served
5311,3299.015555,3301.838313,3299.015555,0,served
5312,3299.015555,3308.614755,3299.015555,1,served
5313,3299.300393,3302.664900,3299.300393,2,served
5314,3299.789902,3302.175867,3301.838313,0,served
5315,3300.226507,3302.997167,3301.970799,3,served
5316,3300.226507,3302.553098,3302.175867,0,served
5317,3300.687223,3304.573334,3302.553098,0,served
5318,3300.687223,3305.100047,3302.664900,2,served
5319,3301.033015,3306.919477,3302.997167,3,served
5320,3301.719962,3306.107818,3304.573334,0,served
5321,3301.719962,3308.028481,3305.100047,2,served
5322,3301.936873,3308.751487,3306.107818,0,served
5323,3301.936873,3307.451288,3306.919477,3,served
5324,3307.994768,3308.107066,3307.994768,3,served
5325,3307.994768,3316.019056,3308.028481,2,served
5326,3308.316954,3309.363842,3308.316954,3,served
5327,3312.047329,3313.986081,3312.047329,3,served
5328,3314.286083,3315.577835,3314.286083,3,served
5329,3314.286083,3315.067821,3314.286083,0,served
5330,3314.286083,3315.916410,3314.286083,1,served
5331,3314.286083,3317.726017,3315.067821,0,served
5332,3317.906147,3318.571088,3317.906147,3,served
5333,3317.906147,3319.691294,3317.906147,0,served
5334,3317.906147,3317.931660,3317.906147,1,served
5335,3317.906147,3319.980576,3317.906147,2,served
5336,3320.591276,3320.718948,3320.591276,3,served
5337,3322.050057,3322.460242,3322.050057,3,served
5338,3322.567220,3322.646101,3322.567220,3,served
5339,3324.616556,3327.180415,3324.616556,3,served
5340,3327.189729,3327.880061,3327.189729,3,served
5341,3327.189729,3330.321980,3327.189729,0,served
5342,3327.459154,3330.229209,3327.459154,1,served
5343,3327.459154,3328.026430,3327.459154,2,served
5344,3328.725710,3329.409992,3328.725710,3,served
5345,3331.938380,3332.003420,3331.938380,3,served
5346,3332.301058,3333.684625,3332.301058,3,served
5347,3332.301058,3338.422139,3332.301058,0,served
5348,3333.334266,3333.723463,3333.334266,1,served
5349,3335.586377,3336.932756,3335.586377,3,served
5350,3336.498772,3341.245220,3336.498772,1,served
5351,3336.498772,3336.728179,3336.498772,2,served
5352,3337.579559,3337.889476,3337.579559,3,served
5353,3338.754106,3338.775741,3338.754106,3,served
5354,3338.754106,3341.917777,3338.754106,0,served
5355,3338.921053,3339.033015,3338.921053,3,served
5356,3340.845369,3340.882627,3340.845369,3,served
5357,3341.760014,3343.952971,3341.760014,3,served
5358,3341.760483,3350.186138,3341.760483,1,served
5359,3341.760483,3341.952987,3341.760483,2,served
5360,3341.760483,3342.016049,3341.917777,0,served
5361,3344.123439,3346.017892,3344.123439,3,served
5362,3350.218176,3351.806396,3350.218176,3,served
5363,3350.218176,3351.664930,3350.218176,0,served
5364,3350.218176,3350.921237,3350.218176,1,served
5365,3351.753257,3353.509514,3351.753257,0,served
5366,3353.020220,3353.858847,3353.020220,3,served
5367,3358.850051,3361.602857,3358.850051,3,served
5368,3358.850051,3360.124969,3358.850051,0,served
5369,3360.638489,3363.880952,3360.638489,0,served
5370,3360.708480,3367.547913,3360.708480,1,served
5371,3360.708480,3363.776498,3360.708480,2,served
5372,3360.708480,3361.738786,3361.602857,3,served
5373,3360.708480,3362.708372,3361.738786,3,served
5374,3360.762078,3363.825699,3362.708372,3,served
5375,3363.940307,3364.078411,3363.940307,3,served
5376,3363.940307,3365.524731,3363.940307,0,served
5377,3364.021526,3366.473127,3364.021526,2,served
5378,3364.028193,3364.078466,3364.078411,3,served
5379,3364.226862,3365.979187,3364.226862,3,served
5380,3366.473238,3368.865673,3366.473238,3,served
5381,3369.281483,3370.231614,3369.281483,3,served
5382,3369.281483,3370.373879,3369.281483,0,served
5383,3369.281483,3370.608156,3369.281483,1,served
5384,3369.281483,3369.495724,3369.281483,2,served
5385,3371.686039,3372.042105,3371.686039,3,served
5386,3372.814344,3376.281398,3372.814344,3,served
5387,3373.501449,3373.661220,3373.501449,0,served
5388,3373.834579,3375.283694,3373.834579,0,served
5389,3376.526120,3377.439619,3376.526120,3,served
5390,3382.872105,3385.707616,3382.872105,3,served
5391,3383.310126,3385.848448,3383.310126,0,served
5392,3383.310126,3386.399250,3383.310126,1,served
5393,3385.997934,3386.504999,3385.997934,3,served
5394,3385.997934,3388.194226,3385.997934,0,served
5395,3386.789348,3386.848838,3386.789348,3,served
5396,3386.789348,3389.380061,3386.789348,1,served
5397,3387.295659,3387.963181,3387.295659,3,served
5398,3387.295659,3392.224916,3387.295659,2,served
5399,3391.248718,3393.080302,3391.248718,3,served
5400,3391.248718,3393.667006,3391.248718,0,served
5401,3391.415742,3394.975888,3391.415742,1,served
5402,3392.398439,3393.074511,3392.398439,2,served
5403,3397.666805,3400.212285,3397.666805,3,served
5404,3400.382841,3401.635397,3400.382841,3,served
5405,3400.382841,3403.868186,3400.382841,0,served
5406,3400.644929,3404.767916,3400.644929,1,served
5407,3401.965075,3403.421853,3401.965075,3,served
5408,3401.965075,3404.252894,3401.965075,2,served
5409,3404.538365,3405.101689,3404.538365,3,served
5410,3404.538365,3405.969454,3404.538365,0,served
5411,3405.298215,3407.005828,3405.298215,3,served
5412,3405.298215,3405.752673,3405.298215,1,served
5413,3405.298215,3406.440363,3405.298215,2,served
5414,3405.298215,3406.119648,3405.752673,1,served
5415,3407.796910,3408.810200,3407.796910,3,served
5416,3407.796910,3408.264369,3407.796910,0,served
5417,3410.516869,3412.200958,3410.516869,3,served
5418,3410.736218,3415.124654,3410.736218,0,served
5419,3413.434923,3413.716191,3413.434923,3,served
5420,3413.434923,3416.157770,3413.434923,1,served
5421,3415.162360,3416.916760,3415.162360,3,served
5422,3420.198061,3420.507057,3420.198061,3,served
5423,3420.198061,3420.608861,3420.198061,0,served
5424,3420.198061,3420.727547,3420.198061,1,served
5425,3420.198061,3422.721755,3420.198061,2,served
5426,3420.531073,3420.568322,3420.531073,3,served
5427,3421.122784,3421.157591,3421.122784,3,served
5428,3424.641972,3424.666268,3424.641972,3,served
5429,3426.442799,3426.998815,3426.442799,3,served
5430,3426.442799,3426.631271,3426.442799,0,served
5431,3430.842763,3430.961319,3430.842763,3,served
5432,3430.906779,3431.298594,3430.906779,0,served
5433,3430.906779,3435.778618,3430.906779,1,served
5434,3430.906779,3432.469924,3430.906779,2,served
5435,3430.906779,3431.318307,3430.961319,3,served
5436,3431.649965,3431.869126,3431.649965,3,served
5437,3431.704437,3433.066048,3431.704437,0,served
5438,3431.704437,3432.230913,3431.869126,3,served
5439,3432.158816,3432.750712,3432.230913,3,served
5440,3432.515776,3439.749298,3432.515776,2,served
5441,3432.842145,3433.374075,3432.842145,3,served
5442,3432.842145,3435.480288,3433.066048,0,served
5443,3432.842145,3433.533106,3433.374075,3,served
5444,3435.291284,3435.878617,3435.291284,3,served
5445,3435.291284,3435.916284,3435.480288,0,served
5446,3435.291284,3442.570004,3435.778618,1,served
5447,3437.692988,3438.092492,3437.692988,3,served
5448,3438.075898,3440.211961,3438.075898,0,served
5449,3438.075898,3438.209500,3438.092492,3,served
5450,3438.155424,3440.193860,3438.209500,3,served
5451,3438.155424,3440.089526,3439.749298,2,served
5452,3438.155424,3440.755854,3440.089526,2,served
5453,3438.155424,3440.704698,3440.193860,3,served
5454,3438.245000,3443.054003,3440.211961,0,served
5455,3438.245000,3440.707603,3440.704698,3,served
5456,3438.946275,3441.053584,3440.707603,3,served
5457,3439.042801,3446.707115,3440.755854,2,served
5458,3439.042801,3444.079719,3441.053584,3,served
5459,3439.849051,3442.848005,3442.570004,1,served
5460,3441.036761,3444.975325,3442.848005,1,served
5461,3441.358296,3444.027227,3443.054003,0,served
5462,3441.358296,3444.169707,3444.027227,0,served
5463,3441.358296,3444.660463,3444.079719,3,served
5464,3441.883567,3447.423292,3444.169707,0,served
5465,3441.883567,3445.664162,3444.660463,3,served
5466,3441.883567,3445.160603,3444.975325,1,served
5467,3441.883567,3453.692247,3445.160603,1,served
5468,3442.285930,3448.335135,3445.664162,3,served
5469,3443.983075,3447.413278,3446.707115,2,served
5470,3444.705825,3451.400285,3447.413278,2,served
5471,3446.410040,3449.487871,3447.423292,0,served
5472,3446.410040,3448.762939,3448.335135,3,served
5473,3446.410040,3449.387892,3448.762939,3,served
5474,3446.410040,3449.569504,3449.387892,3,served
5475,3446.410040,3454.377488,3449.487871,0,served
5476,3447.512192,3449.672558,3449.569504,3,served
5477,3447.512192,3450.723083,3449.672558,3,served
5478,3447.512192,3451.321032,3450.723083,3,served
5479,3447.512192,3451.503618,3451.321032,3,served
5480,3449.502614,3451.880370,3451.400285,2,served
5481,3449.502614,3451.529453,3451.503618,3,served
5482,3449.554390,3451.740580,3451.529453,3,served
5483,3449.554390,3452.404342,3451.740580,3,served
5484,3451.475070,3455.690263,3451.880370,2,served
5485,3451.475070,3452.990607,3452.404342,3,served
5486,3451.713981,3453.153849,3452.990607,3,served
5487,3451.713981,3453.763049,3453.153849,3,served
5488,3452.443387,3457.605346,3453.692247,1,served
5489,3452.443387,3454.285888,3453.763049,3,served
5490,3455.376653,3457.593558,3455.376653,3,served
5491,3455.376653,3456.402056,3455.376653,0,served
5492,3455.759279,3456.482115,3455.759279,2,served
5493,3458.862661,3460.167613,3458.862661,3,served
5494,3459.143030,3461.911848,3459.143030,0,served
5495,3459.143030,3461.347207,3459.143030,1,served
5496,3461.949799,3463.793269,3461.949799,3,served
5497,3461.949799,3463.281734,3461.949799,0,served
5498,3461.949799,3463.881753,3461.949799,1,served
5499,3461.949799,3462.082629,3461.949799,2,served
5500,3461.949799,3463.786968,3462.082629,2,served
5501,3461.949799,3463.660876,3463.281734,0,served
5502,3461.949799,3464.855507,3463.660876,0,served
5503,3464.272385,3466.053526,3464.272385,3,served
5504,3465.016825,3466.759966,3465.016825,0,served
5505,3465.016825,3469.635364,3465.016825,1,served
5506,3465.541940,3469.403837,3465.541940,2,served
5507,3465.541940,3466.357785,3466.053526,3,served
5508,3465.541940,3467.162284,3466.357785,3,served
5509,3465.541940,3468.085875,3466.759966,0,served
5510,3465.541940,3467.302147,3467.162284,3,served
5511,3465.875567,3468.479766,3467.302147,3,served
5512,3465.875567,3468.741381,3468.085875,0,served
5513,3468.617216,3468.982645,3468.617216,3,served
5514,3471.079363,3472.585236,3471.079363,3,served
5515,3471.079363,3471.439696,3471.079363,0,served
5516,3471.079363,3475.596559,3471.079363,1,served
5517,3471.079363,3471.866953,3471.079363,2,served
5518,3471.079363,3471.592804,3471.439696,0,served
5519,3471.079363,3474.139049,3471.592804,0,served
5520,3471.500423,3472.793434,3471.866953,2,served
5521,3471.500423,3475.327440,3472.585236,3,served
5522,3471.500423,3476.769454,3472.793434,2,served
5523,3473.405567,3474.921013,3474.139049,0,served
5524,3473.884710,3474.926906,3474.921013,0,served
5525,3474.470545,3479.638081,3474.926906,0,served
5526,3475.430800,3476.298459,3475.430800,3,served
5527,3475.430800,3479.688941,3475.596559,1,served
5528,3475.430800,3477.140543,3476.298459,3,served
5529,3476.155197,3476.915537,3476.769454,2,served
5530,3476.170352,3479.310297,3476.915537,2,served
5531,3476.735252,3479.661310,3477.140543,3,served
5532,3478.655852,3482.985646,3479.310297,2,served
5533,3481.819599,3483.014411,3481.819599,3,served
5534,3481.819599,3482.593089,3481.819599,0,served
5535,3482.687192,3483.382401,3482.687192,0,served
5536,3484.491134,3486.790918,3484.491134,3,served
5537,3484.491134,3484.830902,3484.491134,0,served
5538,3484.491134,3487.895408,3484.491134,1,served
5539,3484.491134,3485.711686,3484.491134,2,served
5540,3484.491134,3485.136598,3484.830902,0,served
5541,3484.607050,3485.822920,3485.136598,0,served
5542,3486.869942,3487.859940,3486.869942,3,served
5543,3486.869942,3487.689306,3486.869942,0,served
5544,3489.434261,3492.351345,3489.434261,3,served
5545,3489.450631,3492.221235,3489.450631,0,served
5546,3491.412755,3497.096066,3491.412755,1,served
5547,3491.412755,3493.041728,3491.412755,2,served
5548,3493.297867,3493.696845,3493.297867,3,served
5549,3493.919627,3494.419890,3493.919627,3,served
5550,3493.993140,3499.563118,3493.993140,0,served
5551,3493.993140,3494.710202,3493.993140,2,served
5552,3493.993140,3494.781462,3494.419890,3,served
5553,3494.707226,3499.419017,3494.710202,2,served
5554,3494.707226,3496.278787,3494.781462,3,served
5555,3494.707226,3498.047127,3496.278787,3,served
5556,3494.707226,3498.650173,3497.096066,1,served
5557,3494.707226,3500.299730,3498.047127,3,served
5558,3494.707226,3500.568114,3498.650173,1,served
5559,3494.733930,3503.688596,3499.419017,2,served
5560,3495.663927,3500.206004,3499.563118,0,served
5561,3495.663927,3500.804719,3500.206004,0,served
5562,3496.091714,3501.650325,3500.299730,3,served
5563,3497.981051,3501.150248,3500.568114,1,served
5564,3497.981051,3500.880342,3500.804719,0,served
5565,3504.108898,3504.702483,3504.108898,3,served
5566,3505.095338,3505.159289,3505.095338,3,served
5567,3505.232859,3505.516658,3505.232859,3,served
5568,3505.756470,3506.294082,3505.756470,3,served
5569,3510.567918,3510.997293,3510.567918,3,served
5570,3510.567918,3514.354314,3510.567918,0,served
5571,3513.916978,3515.530193,3513.916978,3,served
5572,3514.052188,3514.813150,3514.052188,1,served
5573,3514.052188,3514.129852,3514.052188,2,served
5574,3514.052188,3515.508948,3514.129852,2,served
5575,3516.649617,3518.227341,3516.649617,3,served
5576,3516.649617,3525.471907,3516.649617,0,served
5577,3516.649617,3517.107430,3516.649617,1,served
5578,3516.649617,3516.993356,3516.649617,2,served
5579,3516.649617,3518.748157,3516.993356,2,served
5580,3516.649617,3524.771494,3517.107430,1,served
5581,3518.984302,3522.317735,3518.984302,3,served
5582,3518.984302,3519.305682,3518.984302,2,served
5583,3518.984302,3522.145116,3519.305682,2,served
5584,3518.984302,3523.866667,3522.145116,2,served
5585,3518.984302,3522.637338,3522.317735,3,served
5586,3520.291774,3523.985360,3522.637338,3,served
5587,3520.291774,3524.856864,3523.866667,2,served
5588,3520.291774,3526.441721,3523.985360,3,served
5589,3520.291774,3524.783232,3524.771494,1,served
5590,3520.291774,3527.235408,3524.783232,1,served
5591,3520.786915,3538.505048,3524.856864,2,served
5592,3520.786915,3526.256254,3525.471907,0,served
5593,3520.786915,3527.263505,3526.256254,0,served
5594,3520.982597,3527.000013,3526.441721,3,served
5595,3521.462157,3527.530268,3527.000013,3,served
5596,3522.817883,3529.965524,3527.235408,1,served
5597,3522.992832,3532.837918,3527.263505,0,served
5598,3523.901857,3528.041357,3527.530268,3,served
5599,3525.720347,3529.313809,3528.041357,3,served
5600,3526.320904,3529.524940,3529.313809,3,served
5601,3526.320904,3530.260309,3529.524940,3,served
5602,3527.307649,3531.759739,3529.965524,1,served
5603,3528.931464,3531.178709,3530.260309,3,served
5604,3528.931464,3532.534979,3531.178709,3,served
5605,3529.550710,3533.465617,3531.759739,1,served
5606,3529.550710,3532.819831,3532.534979,3,served
5607,3529.550710,3533.121980,3532.819831,3,served
5608,3529.550710,3534.933285,3532.837918,0,served
5609,3529.550710,3533.753741,3533.121980,3,served
5610,3530.963186,3534.170675,3533.465617,1,served
5611,3531.044672,3533.840450,3533.753741,3,served
5612,3532.181640,3533.984362,3533.840450,3,served
5613,3533.170276,3534.064745,3533.984362,3,served
5614,3534.599334,3535.453790,3534.599334,3,served
5615,3534.599334,3535.697569,3534.599334,1,served
5616,3535.654259,3535.930770,3535.654259,3,served
5617,3537.141606,3538.329730,3537.141606,3,served
5618,3539.349348,3539.746413,3539.349348,3,served
5619,3541.538812,3541.995637,3541.538812,3,served
5620,3541.538812,3542.580753,3541.538812,0,served
5621,3541.544235,3542.356718,3541.544235,1,served
5622,3541.544235,3543.539017,3541.544235,2,served
5623,3541.544235,3542.304756,3541.995637,3,served
5624,3542.062786,3542.337558,3542.304756,3,served
5625,3542.543454,3546.616856,3542.543454,3,served
5626,3542.959402,3543.155328,3542.959402,0,served
5627,3542.959402,3552.714832,3542.959402,1,served
5628,3542.959402,3544.300146,3543.155328,0,served
5629,3543.772784,3545.633521,3543.772784,2,served
5630,3545.250993,3548.052437,3545.250993,0,served
5631,3545.250993,3548.954038,3545.633521,2,served
5632,3547.396778,3547.595636,3547.396778,3,served
5633,3550.656165,3552.488928,3550.656165,3,served
5634,3551.388976,3551.507597,3551.388976,0,served
5635,3551.524037,3552.835116,3551.524037,0,served
5636,3551.524037,3553.002401,3551.524037,2,served
5637,3553.131625,3553.335170,3553.131625,3,served
5638,3553.131625,3556.235974,3553.131625,0,served
5639,3553.131625,3556.086772,3553.131625,1,served
5640,3554.185623,3554.347959,3554.185623,3,served
5641,3554.185623,3557.105324,3554.185623,2,served
5642,3554.452788,3555.826636,3554.452788,3,served
5643,3554.452788,3556.115750,3555.826636,3,served
5644,3555.433688,3557.643415,3556.086772,1,served
5645,3556.467390,3556.783748,3556.467390,3,served
5646,3556.467390,3557.000183,3556.467390,0,served
5647,3556.500774,3558.545831,3556.783748,3,served
5648,3557.239842,3557.286354,3557.239842,0,served
5649,3557.239842,3565.873558,3557.239842,2,served
5650,3557.239842,3558.828183,3557.286354,0,served
5651,3557.239842,3565.470096,3557.643415,1,served
5652,3557.250532,3558.921454,3558.545831,3,served
5653,3558.665625,3559.469077,3558.828183,0,served
5654,3558.665625,3559.419122,3558.921454,3,served
5655,3558.867565,3560.335854,3559.419122,3,served
5656,3558.867565,3559.698828,3559.469077,0,served
5657,3558.867565,3560.402596,3559.698828,0,served
5658,3558.867565,3561.518034,3560.335854,3,served
5659,3558.867565,3561.811115,3560.402596,0,served
5660,3560.674172,3562.748981,3561.518034,3,served
5661,3560.674172,3561.994590,3561.811115,0,served
5662,3562.728129,3563.051498,3562.728129,0,served
5663,3564.410963,3565.387142,3564.410963,3,served
5664,3564.494571,3564.544078,3564.494571,0,served
5665,3564.494571,3565.414536,3564.544078,0,served
5666,3564.494571,3565.934231,3565.387142,3,served
5667,3565.236137,3565.578553,3565.414536,0,served
5668,3565.571123,3567.384184,3565.571123,1,served
5669,3566.808634,3567.767119,3566.808634,3,served
5670,3566.808634,3568.530556,3566.808634,0,served
5671,3567.111592,3567.905851,3567.111592,2,served
5672,3567.953503,3570.011348,3567.953503,3,served
5673,3567.953503,3569.983427,3567.953503,1,served
5674,3568.021438,3569.743684,3568.021438,2,served
5675,3571.643551,3571.756762,3571.643551,3,served
5676,3571.643551,3572.643706,3571.643551,0,served
5677,3571.643551,3572.955118,3571.643551,1,served
5678,3571.643551,3572.144078,3571.643551,2,served
5679,3572.911500,3573.896905,3572.911500,3,served
5680,3572.911500,3573.467712,3572.911500,0,served
5681,3572.911500,3576.141155,3572.911500,2,served
5682,3572.911500,3575.194996,3572.955118,1,served
5683,3574.016443,3574.949560,3574.016443,3,served
5684,3575.384790,3576.174113,3575.384790,3,served
5685,3576.058297,3577.320447,3576.058297,0,served
5686,3576.058297,3577.566149,3576.058297,1,served
5687,3578.926855,3580.560845,3578.926855,3,served
5688,3578.926855,3578.934208,3578.926855,0,served
5689,3579.715337,3579.873082,3579.715337,0,served
5690,3579.715337,3580.943384,3579.715337,1,served
5691,3579.798889,3581.803592,3579.798889,2,served
5692,3580.423605,3581.739103,3580.423605,0,served
5693,3583.100173,3584.621209,3583.100173,3,served
5694,3584.018934,3584.600298,3584.018934,0,served
5695,3585.606247,3588.013079,3585.606247,3,served
5696,3586.879773,3589.328025,3586.879773,0,served
5697,3588.006513,3588.301763,3588.006513,1,served
5698,3588.364251,3589.168754,3588.364251,3,served
5699,3588.364251,3590.421466,3588.364251,1,served
5700,3594.425210,3594.698731,3594.425210,3,served
5701,3594.425210,3597.552133,3594.425210,0,served
5702,3594.425210,3596.416908,3594.425210,1,served
5703,3595.861884,3595.877381,3595.861884,3,served
5704,3603.593434,3605.883276,3603.593434,3,served
5705,3604.576890,3606.139203,3604.576890,0,served
5706,3604.586779,3604.986113,3604.586779,1,served
5707,3608.412041,3611.102865,3608.412041,3,served
5708,3608.412041,3615.447226,3608.412041,0,served
5709,3609.986677,3619.489191,3609.986677,1,served
5710,3609.986677,3611.703441,3609.986677,2,served
5711,3609.986677,3611.311570,3611.102865,3,served
5712,3609.986677,3611.640922,3611.311570,3,served
5713,3609.986677,3611.947817,3611.640922,3,served
5714,3609.986677,3615.233685,3611.703441,2,served
5715,3612.345616,3613.017035,3612.345616,3,served
5716,3612.696915,3613.662869,3613.017035,3,served
5717,3612.696915,3615.503728,3613.662869,3,served
5718,3612.704250,3617.415594,3615.233685,2,served
5719,3612.704250,3615.642693,3615.447226,0,served
5720,3612.704250,3615.973628,3615.503728,3,served
5721,3612.827945,3615.706484,3615.642693,0,served
5722,3613.787777,3616.130447,3615.706484,0,served
5723,3613.891392,3616.184915,3615.973628,3,served
5724,3613.953163,3617.666684,3616.130447,0,served
5725,3614.116383,3616.281945,3616.184915,3,served
5726,3614.116383,3617.816531,3616.281945,3,served
5727,3614.552668,3618.395385,3617.415594,2,served
5728,3614.552668,3618.725292,3617.666684,0,served
5729,3614.552668,3618.044371,3617.816531,3,served
5730,3614.552668,3619.197343,3618.044371,3,served
5731,3614.884566,3619.939871,3618.395385,2,served
5732,3614.884566,3618.733297,3618.725292,0,served
5733,3615.562458,3622.835651,3618.733297,0,served
5734,3615.562458,3621.444548,3619.197343,3,served
5735,3615.562458,3622.337349,3619.489191,1,served
5736,3616.936307,3622.148089,3619.939871,2,served
5737,3616.936307,3621.644520,3621.444548,3,served
5738,3616.936307,3622.762482,3621.644520,3,served
5739,3616.936307,3622.599316,3622.148089,2,served
5740,3616.936307,3623.880241,3622.337349,1,served
5741,3617.125503,3623.304025,3622.599316,2,served
5742,3618.057563,3623.938238,3622.762482,3,served
5743,3619.748104,3624.640350,3622.835651,0,served
5744,3619.748104,3623.374126,3623.304025,2,served
5745,3621.157209,3627.058075,3623.374126,2,served
5746,3622.480523,3624.729067,3623.880241,1,served
5747,3622.981173,3625.910639,3623.938238,3,served
5748,3623.296044,3626.804658,3624.640350,0,served
5749,3623.296044,3627.087103,3624.729067,1,served
5750,3623.304946,3626.629822,3625.910639,3,served
5751,3625.838081,3628.534613,3626.629822,3,served
5752,3626.580496,3626.910706,3626.804658,0,served
5753,3626.580496,3627.461271,3626.910706,0,served
5754,3626.580496,3628.948451,3627.058075,2,served
5755,3627.886060,3628.831592,3627.886060,0,served
5756,3628.748609,3629.299306,3628.748609,3,served
5757,3628.748609,3633.645936,3628.748609,1,served
5758,3628.748609,3630.438118,3628.831592,0,served
5759,3628.748609,3629.631820,3628.948451,2,served
5760,3628.881184,3630.527789,3629.299306,3,served
5761,3628.881184,3635.030301,3629.631820,2,served
5762,3628.881184,3631.845139,3630.438118,0,served
5763,3632.435424,3634.386017,3632.435424,3,served
5764,3632.435424,3634.343013,3632.435424,0,served
5765,3633.122187,3633.763280,3633.645936,1,served
5766,3634.000551,3634.004651,3634.000551,1,served
5767,3634.000551,3641.193677,3634.004651,1,served
5768,3634.000551,3637.155105,3634.343013,0,served
5769,3634.000551,3636.418946,3634.386017,3,served
5770,3634.436699,3637.175952,3635.030301,2,served
5771,3639.027335,3640.101021,3639.027335,3,served
5772,3639.027335,3641.182896,3639.027335,0,served
5773,3639.027335,3641.047322,3639.027335,2,served
5774,3640.157152,3640.182108,3640.157152,3,served
5775,3640.157152,3641.169930,3640.182108,3,served
5776,3640.276782,3645.483218,3641.047322,2,served
5777,3641.236029,3641.534278,3641.236029,3,served
5778,3641.333963,3643.680274,3641.333963,0,served
5779,3642.190246,3642.758129,3642.190246,3,served
5780,3643.445705,3648.602424,3643.445705,3,served
5781,3644.738761,3646.504157,3644.738761,0,served
5782,3647.296212,3648.313824,3647.296212,0,served
5783,3648.002918,3652.447923,3648.002918,1,served
5784,3650.575223,3650.673083,3650.575223,3,served
5785,3650.575223,3653.635524,3650.575223,0,served
5786,3651.188374,3651.396401,3651.188374,3,served
5787,3651.586550,3652.396897,3651.586550,3,served
5788,3651.586550,3651.855904,3651.586550,2,served
5789,3651.684355,3653.217870,3651.855904,2,served
5790,3654.833391,3655.035235,3654.833391,3,served
5791,3658.739616,3660.280231,3658.739616,3,served
5792,3664.213210,3666.096656,3664.213210,3,served
5793,3667.605423,3669.460454,3667.605423,3,served
5794,3667.605423,3668.737730,3667.605423,0,served
5795,3667.605423,3667.958637,3667.605423,1,served
5796,3667.605423,3669.068310,3667.605423,2,served
5797,3671.298703,3671.859890,3671.298703,3,served
5798,3671.298703,3671.386210,3671.298703,0,served
5799,3672.837233,3672.939058,3672.837233,3,served
5800,3672.928617,3673.729009,3672.928617,0,served
5801,3672.928617,3678.070404,3672.928617,1,served
5802,3673.571377,3674.434944,3673.571377,3,served
5803,3673.571377,3679.491388,3673.571377,2,served
5804,3675.384281,3676.804195,3675.384281,3,served
5805,3675.384281,3676.193402,3675.384281,0,served
5806,3675.384281,3677.045491,3676.193402,0,served
5807,3676.763683,3676.853745,3676.804195,3,served
5808,3676.763683,3677.685693,3676.853745,3,served
5809,3676.763683,3678.227079,3677.045491,0,served
5810,3676.763683,3678.397490,3677.685693,3,served
5811,3677.044294,3680.370430,3678.070404,1,served
5812,3677.044294,3678.308807,3678.227079,0,served
5813,3677.103973,3678.454358,3678.308807,0,served
5814,3677.103973,3680.640501,3678.397490,3,served
5815,3677.103973,3679.291499,3678.454358,0,served
5816,3678.784115,3679.458556,3679.291499,0,served
5817,3678.803676,3680.565330,3679.458556,0,served
5818,3679.118338,3686.405393,3679.491388,2,served
5819,3679.118338,3682.725087,3680.370430,1,served
5820,3681.434897,3681.454802,3681.434897,3,served
5821,3681.434897,3681.583614,3681.434897,0,served
5822,3682.751895,3683.784869,3682.751895,3,served
5823,3683.751998,3686.586954,3683.751998,0,served
5824,3684.615708,3685.916715,3684.615708,3,served
5825,3684.968749,3685.578146,3684.968749,1,served
5826,3686.856816,3686.881531,3686.856816,3,served
5827,3687.248270,3688.814914,3687.248270,3,served
5828,3687.248270,3688.685914,3687.248270,0,served
5829,3687.248270,3689.601749,3687.248270,1,served
5830,3689.732244,3690.294291,3689.732244,3,served
5831,3691.340423,3691.561156,3691.340423,3,served
5832,3691.340423,3691.618327,3691.340423,0,served
5833,3694.799200,3695.107891,3694.799200,3,served
5834,3697.223792,3698.274906,3697.223792,3,served
5835,3697.223792,3697.714632,3697.223792,0,served
5836,3697.223792,3697.807942,3697.223792,1,served
5837,3697.223792,3698.107696,3697.223792,2,served
5838,3697.733228,3698.394116,3697.733228,0,served
5839,3697.733228,3699.987652,3697.807942,1,served
5840,3699.899346,3699.929060,3699.899346,3,served
5841,3700.645301,3702.871519,3700.645301,3,served
5842,3701.894158,3703.623195,3701.894158,0,served
5843,3701.894158,3702.481861,3701.894158,1,served
5844,3701.894158,3702.466354,3701.894158,2,served
5845,3701.894158,3703.119598,3702.466354,2,served
5846,3701.894158,3706.165881,3702.481861,1,served
5847,3701.894158,3704.050057,3702.871519,3,served
5848,3702.760884,3705.720705,3703.119598,2,served
5849,3702.760884,3703.914496,3703.623195,0,served
5850,3704.065156,3705.094379,3704.065156,3,served
5851,3704.065156,3707.007911,3704.065156,0,served
5852,3705.435885,3707.296049,3705.435885,3,served
5853,3706.372752,3707.509664,3706.372752,1,served
5854,3706.372752,3710.819864,3706.372752,2,served
5855,3706.527269,3707.406444,3707.007911,0,served
5856,3706.527269,3708.734643,3707.296049,3,served
5857,3706.527269,3707.650200,3707.406444,0,served
5858,3707.292473,3714.185121,3707.509664,1,served
5859,3707.292473,3708.207974,3707.650200,0,served
5860,3707.292473,3710.107607,3708.207974,0,served
5861,3710.182594,3710.616219,3710.182594,3,served
5862,3711.451225,3711.893650,3711.451225,3,served
5863,3712.883923,3715.522019,3712.883923,3,served
5864,3713.121716,3717.631649,3713.121716,0,served
5865,3713.121716,3715.496203,3713.121716,2,served
5866,3715.421170,3717.936811,3715.421170,1,served
5867,3717.564815,3717.683195,3717.564815,3,served
5868,3718.968366,3719.822371,3718.968366,3,served
5869,3718.968366,3720.020031,3718.968366,0,served
5870,3720.590343,3720.972834,3720.590343,3,served
5871,3721.063526,3721.155457,3721.063526,3,served
5872,3721.416385,3721.832889,3721.416385,3,served
5873,3721.416385,3722.444767,3721.416385,0,served
5874,3723.546463,3724.309597,3723.546463,3,served
5875,3724.705259,3725.148843,3724.705259,3,served
5876,3729.372138,3729.717554,3729.372138,3,served
5877,3729.372138,3730.645439,3729.372138,0,served
5878,3729.372138,3731.484479,3729.372138,1,served
5879,3729.372138,3729.800911,3729.372138,2,served
5880,3729.372138,3730.887361,3729.717554,3,served
5881,3729.372138,3736.763096,3729.800911,2,served
5882,3729.372138,3732.517224,3730.645439,0,served
5883,3729.372138,3731.179956,3730.887361,3,served
5884,3729.372138,3732.495732,3731.179956,3,served
5885,3732.818794,3734.617729,3732.818794,3,served
5886,3732.818794,3733.184642,3732.818794,0,served
5887,3732.818794,3735.568793,3732.818794,1,served
5888,3732.818794,3734.831045,3733.184642,0,served
5889,3733.224652,3735.072579,3734.617729,3,served
5890,3733.967929,3735.297324,3734.831045,0,served
5891,3733.967929,3735.153378,3735.072579,3,served
5892,3733.967929,3736.075466,3735.153378,3,served
5893,3734.538873,3735.609947,3735.297324,0,served
5894,3734.538873,3738.299352,3735.568793,1,served
5895,3735.517855,3737.062683,3735.609947,0,served
5896,3739.279130,3739.455305,3739.279130,3,served
5897,3741.913282,3741.988141,3741.913282,3,served
5898,3741.913282,3742.003880,3741.913282,0,served
5899,3741.913282,3748.349629,3741.913282,1,served
5900,3742.001952,3742.294970,3742.001952,3,served
5901,3742.623585,3743.260835,3742.623585,3,served
5902,3742.623585,3743.356956,3742.623585,0,served
5903,3742.623585,3744.749137,3742.623585,2,served
5904,3744.157190,3745.425229,3744.157190,3,served
5905,3745.962890,3747.302356,3745.962890,3,served
5906,3745.962890,3747.463312,3745.962890,0,served
5907,3745.962890,3746.848885,3745.962890,2,served
5908,3745.982223,3752.472522,3746.848885,2,served
5909,3750.166372,3751.047957,3750.166372,3,served
5910,3751.922775,3751.949501,3751.922775,3,served
5911,3752.005433,3752.554185,3752.005433,3,served
5912,3752.005433,3752.802851,3752.005433,0,served
5913,3753.433023,3754.513233,3753.433023,3,served
5914,3753.433023,3756.188650,3753.433023,0,served
5915,3753.433023,3755.698131,3753.433023,1,served
5916,3753.481101,3755.843088,3753.481101,2,served
5917,3753.481101,3754.607238,3754.513233,3,served
5918,3753.481101,3755.528608,3754.607238,3,served
5919,3754.002828,3755.675740,3755.528608,3,served
5920,3754.002828,3756.106162,3755.675740,3,served
5921,3754.476265,3758.153206,3755.698131,1,served
5922,3754.476265,3756.154183,3755.843088,2,served
5923,3754.476265,3758.006452,3756.106162,3,served
5924,3755.691615,3757.163087,3756.154183,2,served
5925,3755.981435,3759.456462,3756.188650,0,served
5926,3756.221231,3757.489140,3757.163087,2,served
5927,3756.706462,3760.471575,3757.489140,2,served
5928,3758.627856,3759.075190,3758.627856,3,served
5929,3758.627856,3758.715360,3758.627856,1,served
5930,3758.627856,3759.636923,3758.715360,1,served
5931,3760.554214,3761.401511,3760.554214,3,served
5932,3760.554214,3761.615178,3760.554214,0,served
5933,3761.275158,3762.253966,3761.275158,1,served
5934,3761.537249,3762.853981,3761.537249,3,served
5935,3762.088230,3764.489808,3762.088230,0,served
5936,3762.613816,3764.442645,3762.613816,1,served
5937,3762.613816,3764.566869,3762.613816,2,served
5938,3763.509275,3763.894951,3763.509275,3,served
5939,3764.605034,3764.971525,3764.605034,3,served
5940,3765.132105,3765.257618,3765.132105,3,served
5941,3767.469026,3768.630955,3767.469026,3,served
5942,3767.809721,3770.574075,3767.809721,0,served
5943,3768.415842,3771.003349,3768.415842,1,served
5944,3768.415842,3769.465037,3768.415842,2,served
5945,3768.415842,3769.410284,3768.630955,3,served
5946,3768.415842,3769.698233,3769.410284,3,served
5947,3770.865375,3772.286796,3770.865375,3,served
5948,3770.865375,3771.563713,3770.865375,0,served
5949,3772.195811,3777.909861,3772.195811,0,served
5950,3772.195811,3776.282833,3772.195811,1,served
5951,3772.195811,3774.356375,3772.195811,2,served
5952,3772.195811,3772.859824,3772.286796,3,served
5953,3772.195811,3773.627145,3772.859824,3,served
5954,3772.195811,3773.792912,3773.627145,3,served
5955,3774.164500,3775.942195,3774.164500,3,served
5956,3774.164500,3775.746112,3774.356375,2,served
5957,3774.164500,3777.435743,3775.746112,2,served
5958,3774.164500,3776.714053,3775.942195,3,served
5959,3774.164500,3780.787826,3776.282833,1,served
5960,3774.164500,3778.317810,3776.714053,3,served
5961,3774.164500,3780.711263,3777.435743,2,served
5962,3775.472347,3779.028770,3777.909861,0,served
5963,3775.665213,3780.190603,3778.317810,3,served
5964,3781.106308,3784.181308,3781.106308,3,served
5965,3781.106308,3781.408000,3781.106308,0,served
5966,3781.106308,3781.443737,3781.106308,1,served
5967,3781.106308,3791.367362,3781.106308,2,served
5968,3781.106308,3785.836851,3781.408000,0,served
5969,3781.106308,3781.719144,3781.443737,1,served
5970,3781.555494,3782.876063,3781.719144,1,served
5971,3782.443550,3785.573593,3782.876063,1,served
5972,3784.793502,3785.173589,3784.793502,3,served
5973,3785.251540,3788.992082,3785.251540,3,served
5974,3785.251540,3787.447561,3785.573593,1,served
5975,3785.251540,3787.445578,3785.836851,0,served
5976,3785.251540,3787.573559,3787.445578,0,served
5977,3785.701831,3788.005483,3787.447561,1,served
5978,3786.279875,3792.602055,3787.573559,0,served
5979,3786.279875,3793.848999,3788.005483,1,served
5980,3786.590000,3789.628135,3788.992082,3,served
5981,3788.577713,3789.838596,3789.628135,3,served
5982,3789.373004,3790.940936,3789.838596,3,served
5983,3790.036324,3792.290328,3790.940936,3,served
5984,3790.036324,3792.705444,3791.367362,2,served
5985,3790.036324,3792.588479,3792.290328,3,served
5986,3790.797391,3793.335972,3792.588479,3,served
5987,3790.797391,3794.691094,3792.602055,0,served
5988,3790.797391,3796.179887,3792.705444,2,served
5989,3792.241021,3797.291437,3793.335972,3,served
5990,3792.241021,3797.938277,3793.848999,1,served
5991,3792.241021,3800.137688,3794.691094,0,served
5992,3792.241021,3796.406724,3796.179887,2,served
5993,3794.875319,3797.924727,3796.406724,2,served
5994,3794.875319,3798.491856,3797.291437,3,served
5995,3795.091722,3798.284039,3797.924727,2,served
5996,3795.091722,3800.837599,3797.938277,1,served
5997,3799.013698,3802.386064,3799.013698,3,served
5998,3799.276301,3805.477803,3799.276301,2,served
5999,3799.782355,3803.001274,3800.137688,0,served
6000,3803.878658,3803.965709,3803.878658,3,served
6001,3803.878658,3813.524176,3803.878658,0,served
6002,3804.380197,3807.215366,3804.380197,3,served
6003,3804.727781,3805.748842,3804.727781,1,served
6004,3804.727781,3809.704183,3805.477803,2,served
6005,3808.237268,3808.940686,3808.237268,3,served
6006,3808.314168,3811.572420,3808.314168,1,served
6007,3808.314168,3808.978480,3808.940686,3,served
6008,3809.484599,3810.245750,3809.484599,3,served
6009,3810.346549,3812.375702,3810.346549,3,served
6010,3810.346549,3813.354503,3810.346549,2,served
6011,3811.543276,3812.684049,3811.572420,1,served
6012,3811.833214,3812.845637,3812.375702,3,served
6013,3811.833214,3819.858831,3812.684049,1,served
6014,3811.833214,3813.181071,3812.845637,3,served
6015,3812.334040,3814.083545,3813.181071,3,served
6016,3812.688431,3824.136151,3813.354503,2,served
6017,3814.245914,3815.002353,3814.245914,3,served
6018,3814.245914,3816.439890,3814.245914,0,served
6019,3814.597092,3815.434448,3815.002353,3,served
6020,3814.875446,3816.354906,3815.434448,3,served
6021,3815.132311,3819.864870,3816.354906,3,served
6022,3815.132311,3818.997848,3816.439890,0,served
6023,3815.132311,3819.065952,3818.997848,0,served
6024,3815.440311,3824.693358,3819.065952,0,served
6025,3815.673942,3826.850880,3819.858831,1,served
6026,3817.731485,3820.125746,3819.864870,3,served
6027,3817.731485,3824.465177,3820.125746,3,served
6028,3817.731485,3824.837384,3824.136151,2,served
6029,3817.731485,3825.814725,3824.465177,3,served
6030,3817.731485,3825.199161,3824.693358,0,served
6031,3818.042175,3827.138843,3824.837384,2,served
6032,3818.468753,3826.740459,3825.199161,0,served
6033,3818.468753,3826.254456,3825.814725,3,served
6034,3819.920856,3827.892249,3826.254456,3,served
6035,3821.199211,3828.092942,3826.740459,0,served
6036,3821.199211,3835.555572,3826.850880,1,served
6037,3821.199211,3829.476320,3827.138843,2,served
6038,3821.199211,3830.765814,3827.892249,3,served
6039,3822.326325,3828.613208,3828.092942,0,served
6040,3823.338597,3830.634561,3828.613208,0,served
6041,3824.286558,3829.995078,3829.476320,2,served
6042,3825.541928,3830.298250,3829.995078,2,served
6043,3825.541928,3838.450974,3830.298250,2,served
6044,3826.263085,3831.862464,3830.634561,0,served
6045,3826.263085,3831.669945,3830.765814,3,served
6046,3826.263085,3831.934605,3831.669945,3,served
6047,3826.263085,3832.410032,3831.862464,0,served
6048,3829.005789,3837.591161,3831.934605,3,served
6049,3829.058100,3833.603052,3832.410032,0,served
6050,3829.058100,3833.952450,3833.603052,0,served
6051,3829.058100,3834.210082,3833.952450,0,served
6052,3831.569998,3834.547599,3834.210082,0,served
6053,3831.569998,3837.527867,3834.547599,0,served
6054,3831.569998,3836.299783,3835.555572,1,served
6055,3831.679491,3842.170660,3836.299783,1,served
6056,3831.679491,3841.402635,3837.527867,0,served
6057,3831.679491,3838.844396,3837.591161,3,served
6058,3831.749880,3839.552655,3838.450974,2,served
6059,3831.749880,3839.506125,3838.844396,3,served
6060,3831.749880,3843.554467,3839.506125,3,served
6061,3832.891726,3840.226828,3839.552655,2,served
6062,3834.020655,3840.822427,3840.226828,2,served
6063,3834.508177,3844.810466,3840.822427,2,served
6064,3834.508177,3841.491187,3841.402635,0,served
6065,3836.960805,3843.756213,3841.491187,0,served
6066,3838.686458,3843.804124,3842.170660,1,served
6067,3838.686458,3843.901145,3843.554467,3,served
6068,3840.583046,3845.900979,3843.756213,0,served
6069,3841.468535,3845.575836,3843.804124,1,served
6070,3841.468535,3844.510616,3843.901145,3,served
6071,3841.468535,3845.946193,3844.510616,3,served
6072,3841.468535,3847.152208,3844.810466,2,served
6073,3843.673620,3846.132648,3845.575836,1,served
6074,3843.673620,3846.095508,3845.900979,0,served
6075,3843.673620,3847.983636,3845.946193,3,served
6076,3843.673620,3848.892620,3846.095508,0,served
6077,3846.478951,3846.685205,3846.478951,1,served
6078,3846.733047,3848.693290,3846.733047,1,served
6079,3851.561837,3852.775199,3851.561837,3,served
6080,3851.561837,3854.037125,3851.561837,0,served
6081,3851.639540,3852.992507,3851.639540,1,served
6082,3851.927632,3852.294879,3851.927632,2,served
6083,3852.428523,3853.375806,3852.428523,2,served
6084,3852.428523,3856.219025,3852.775199,3,served
6085,3853.869147,3854.082195,3853.869147,1,served
6086,3853.869147,3853.982506,3853.869147,2,served
6087,3855.030538,3857.298340,3855.030538,0,served
6088,3858.921262,3861.230294,3858.921262,3,served
6089,3858.921262,3862.330062,3858.921262,0,served
6090,3862.847038,3866.782119,3862.847038,3,served
6091,3863.140513,3863.181371,3863.140513,0,served
6092,3864.275448,3864.463673,3864.275448,0,served
6093,3864.275448,3867.909033,3864.275448,1,served
6094,3864.275448,3873.768221,3864.275448,2,served
6095,3864.275448,3865.870904,3864.463673,0,served
6096,3868.202889,3868.847988,3868.202889,3,served
6097,3868.202889,3869.664821,3868.202889,0,served
6098,3868.202889,3871.213022,3868.202889,1,served
6099,3868.202889,3869.294317,3868.847988,3,served
6100,3868.202889,3869.323504,3869.294317,3,served
6101,3868.202889,3871.931751,3869.323504,3,served
6102,3868.322989,3872.173056,3869.664821,0,served
6103,3869.250677,3872.447970,3871.213022,1,served
6104,3869.490491,3872.161249,3871.931751,3,served
6105,3871.022982,3873.078839,3872.161249,3,served
6106,3871.022982,3875.525178,3872.173056,0,served
6107,3871.022982,3875.922341,3872.447970,1,served
6108,3871.022982,3874.136244,3873.078839,3,served
6109,3871.022982,3876.448703,3873.768221,2,served
6110,3873.350837,3874.293061,3874.136244,3,served
6111,3873.697872,3874.675434,3874.293061,3,served
6112,3873.697872,3874.776846,3874.675434,3,served
6113,3873.697872,3874.779758,3874.776846,3,served
6114,3873.697872,3876.631827,3874.779758,3,served
6115,3873.697872,3876.295858,3875.525178,0,served
6116,3873.697872,3882.095128,3875.922341,1,served
6117,3873.697872,3877.054075,3876.295858,0,served
6118,3873.715181,3877.019831,3876.448703,2,served
6119,3873.715181,3876.784113,3876.631827,3,served
6120,3873.840117,3876.958981,3876.784113,3,served
6121,3875.920043,3877.544752,3876.958981,3,served
6122,3876.102139,3878.242046,3877.019831,2,served
6123,3876.986850,3877.625836,3877.054075,0,served
6124,3876.986850,3877.718995,3877.544752,3,served
6125,3876.986850,3877.776751,3877.625836,0,served
6126,3877.761628,3879.102270,3877.761628,3,served
6127,3881.114016,3881.585689,3881.114016,3,served
6128,3884.285641,3884.809069,3884.285641,3,served
6129,3886.667064,3887.411940,3886.667064,3,served
6130,3886.754458,3886.937817,3886.754458,0,served
6131,3886.754458,3889.832903,3886.754458,1,served
6132,3887.734610,3888.781668,3887.734610,3,served
6133,3890.619715,3893.855864,3890.619715,3,served
6134,3890.619715,3891.050114,3890.619715,0,served
6135,3890.619715,3892.097596,3890.619715,1,served
6136,3890.619715,3890.862002,3890.619715,2,served
6137,3890.619715,3893.299588,3890.862002,2,served
6138,3890.619715,3891.793715,3891.050114,0,served
6139,3891.058413,3892.638407,3891.793715,0,served
6140,3891.334440,3894.344699,3892.097596,1,served
6141,3892.337831,3893.170220,3892.638407,0,served
6142,3893.097320,3893.553088,3893.170220,0,served
6143,3893.097320,3894.869516,3893.299588,2,served
6144,3894.004014,3894.844393,3894.004014,3,served
6145,3894.004014,3895.806631,3894.004014,0,served
6146,3894.328570,3896.117783,3894.344699,1,served
6147,3894.328570,3895.459152,3894.844393,3,served
6148,3894.328570,3896.225592,3894.869516,2,served
6149,3894.428644,3895.642703,3895.459152,3,served
6150,3894.428644,3895.652180,3895.642703,3,served
6151,3895.049040,3899.391135,3895.652180,3,served
6152,3895.759610,3897.685201,3895.806631,0,served
6153,3895.759610,3897.514170,3896.117783,1,served
6154,3895.759610,3903.653950,3896.225592,2,served
6155,3898.960524,3899.771089,3898.960524,0,served
6156,3898.960524,3900.318144,3898.960524,1,served
6157,3901.044283,3901.160660,3901.044283,3,served
6158,3902.154205,3902.336579,3902.154205,3,served
6159,3902.595273,3903.016209,3902.595273,3,served
6160,3903.982028,3904.328965,3903.982028,3,served
6161,3904.101045,3904.496927,3904.101045,0,served
6162,3904.101045,3905.129225,3904.101045,1,served
6163,3904.900449,3905.394685,3904.900449,3,served
6164,3905.021585,3905.824617,3905.021585,0,served
6165,3905.021585,3905.028078,3905.021585,2,served
6166,3905.021585,3905.120611,3905.028078,2,served
6167,3905.021585,3906.132839,3905.120611,2,served
6168,3905.021585,3905.508170,3905.129225,1,served
6169,3905.184989,3905.420328,3905.394685,3,served
6170,3905.184989,3906.513352,3905.420328,3,served
6171,3905.976288,3911.862458,3905.976288,0,served
6172,3905.976288,3905.981120,3905.976288,1,served
6173,3907.478379,3908.819238,3907.478379,3,served
6174,3907.478379,3918.354159,3907.478379,1,served
6175,3910.017265,3910.779838,3910.017265,3,served
6176,3910.017265,3911.253779,3910.017265,2,served
6177,3910.017265,3910.832217,3910.779838,3,served
6178,3910.017265,3911.573772,3910.832217,3,served
6179,3910.740591,3913.190308,3911.253779,2,served
6180,3910.740591,3912.256762,3911.573772,3,served
6181,3911.327078,3912.299978,3911.862458,0,served
6182,3911.932393,3912.486202,3912.256762,3,served
6183,3912.559477,3912.642963,3912.559477,3,served
6184,3912.705289,3913.639716,3912.705289,3,served
6185,3922.033797,3923.991455,3922.033797,3,served
6186,3922.033797,3923.359998,3922.033797,0,served
6187,3922.033797,3923.332320,3922.033797,1,served
6188,3922.033797,3928.145235,3922.033797,2,served
6189,3923.155520,3940.253717,3923.332320,1,served
6190,3925.649998,3925.716402,3925.649998,3,served
6191,3927.515051,3928.623110,3927.515051,3,served
6192,3929.584579,3929.809222,3929.584579,3,served
6193,3929.584579,3931.758792,3929.584579,0,served
6194,3929.584579,3931.324602,3929.584579,2,served
6195,3932.622976,3933.041678,3932.622976,3,served
6196,3932.622976,3932.716670,3932.622976,0,served
6197,3933.786241,3935.282282,3933.786241,3,served
6198,3933.786241,3934.520104,3933.786241,0,served
6199,3935.805521,3935.879347,3935.805521,3,served
6200,3937.777589,3939.142523,3937.777589,3,served
6201,3938.482849,3941.456202,3938.482849,0,served
6202,3939.082835,3941.285353,3939.082835,2,served
6203,3939.296768,3939.851330,3939.296768,3,served
6204,3939.296768,3939.938247,3939.851330,3,served
6205,3939.608048,3939.985196,3939.938247,3,served
6206,3939.608048,3940.438824,3939.985196,3,served
6207,3939.608048,3943.570759,3940.253717,1,served
6208,3942.346956,3942.771575,3942.346956,3,served
6209,3942.346956,3942.970443,3942.346956,0,served
6210,3942.346956,3942.932241,3942.346956,2,served
6211,3942.978596,3944.299920,3942.978596,3,served
6212,3942.978596,3943.318235,3942.978596,0,served
6213,3944.634288,3947.307348,3944.634288,3,served
6214,3946.053783,3946.328937,3946.053783,0,served
6215,3946.053783,3954.789342,3946.053783,1,served
6216,3946.053783,3946.422662,3946.053783,2,served
6217,3946.053783,3946.991946,3946.328937,0,served
6218,3947.250348,3949.453603,3947.250348,0,served
6219,3947.250348,3947.516143,3947.250348,2,served
6220,3949.499268,3950.717426,3949.499268,3,served
6221,3949.499268,3950.288405,3949.499268,0,served
6222,3949.499268,3950.540073,3949.499268,2,served
6223,3949.499268,3951.194405,3950.288405,0,served
6224,3950.424484,3956.436035,3950.540073,2,served
6225,3958.856452,3960.135829,3958.856452,3,served
6226,3961.294168,3961.446011,3961.294168,3,served
6227,3964.079870,3964.410548,3964.079870,3,served
6228,3964.079870,3965.914531,3964.079870,0,served
6229,3964.278854,3964.857689,3964.278854,1,served
6230,3964.278854,3965.685175,3964.278854,2,served
6231,3966.728705,3967.241157,3966.728705,3,served
6232,3969.145207,3969.539190,3969.145207,3,served
6233,3969.145207,3970.011122,3969.145207,0,served
6234,3969.145207,3970.557187,3969.145207,1,served
6235,3969.145207,3969.851619,3969.145207,2,served
6236,3971.124375,3971.381946,3971.124375,3,served
6237,3972.032775,3972.200964,3972.032775,3,served
6238,3972.032775,3974.229918,3972.032775,0,served
6239,3972.032775,3978.391417,3972.032775,1,served
6240,3972.032775,3989.574156,3972.032775,2,served
6241,3972.032775,3972.920213,3972.200964,3,served
6242,3972.879193,3974.111962,3972.920213,3,served
6243,3972.879193,3974.238584,3974.111962,3,served
6244,3973.824157,3974.425181,3974.229918,0,served
6245,3973.824157,3975.853645,3974.238584,3,served
6246,3973.824157,3975.748739,3974.425181,0,served
6247,3974.148205,3975.847445,3975.748739,0,served
6248,3974.148205,3975.884290,3975.847445,0,served
6249,3974.148205,3978.617188,3975.853645,3,served
6250,3974.318606,3976.155194,3975.884290,0,served
6251,3974.318606,3976.603319,3976.155194,0,served
6252,3974.318606,3979.265717,3976.603319,0,served
6253,3974.651928,3981.718935,3978.391417,1,served
6254,3974.651928,3979.287575,3978.617188,3,served
6255,3974.651928,3980.389607,3979.265717,0,served
6256,3974.651928,3981.116570,3979.287575,3,served
6257,3975.480313,3980.961911,3980.389607,0,served
6258,3978.683050,3981.492921,3980.961911,0,served
6259,3979.110367,3983.157975,3981.116570,3,served
6260,3980.750655,3985.568021,3981.492921,0,served
6261,3980.750655,3984.259501,3981.718935,1,served
6262,3981.929040,3983.950389,3983.157975,3,served
6263,3981.929040,3986.198407,3983.950389,3,served
6264,3984.328000,3986.735160,3984.328000,1,served
6265,3984.883306,3985.994972,3985.568021,0,served
6266,3985.275342,3987.469964,3985.994972,0,served
6267,3987.015773,3987.254797,3987.015773,3,served
6268,3991.188421,3992.568249,3991.188421,3,served
6269,3991.188421,3992.679147,3991.188421,0,served
6270,3991.945559,3993.744955,3991.945559,1,served
6271,3992.107892,3999.797866,3992.107892,2,served
6272,3992.556590,3992.626507,3992.568249,3,served
6273,3992.765745,3993.856647,3992.765745,3,served
6274,3992.960365,3995.409344,3992.960365,0,served
6275,3992.960365,3998.972437,3993.744955,1,served
6276,3993.136530,3995.948738,3993.856647,3,served
6277,3993.136530,3997.129697,3995.409344,0,served
6278,3994.229092,3996.895150,3995.948738,3,served
6279,3996.517235,3997.082392,3996.895150,3,served
6280,3996.517235,3997.115392,3997.082392,3,served
6281,3996.637677,3999.732947,3997.115392,3,served
6282,3996.637677,3998.314862,3997.129697,0,served
6283,3996.637677,4000.501351,3998.314862,0,served
6284,3996.637677,4000.646978,3998.972437,1,served
6285,3996.637677,4003.375401,3999.732947,3,served
6286,3996.637677,4002.577703,3999.797866,2,served
6287,3998.837366,4000.515031,4000.501351,0,served
6288,3998.837366,4001.344878,4000.515031,0,served
6289,3999.264930,4002.416469,4000.646978,1,served
6290,4000.302392,4001.778557,4001.344878,0,served
6291,4001.958511,4003.087885,4001.958511,0,served
6292,4001.958511,4003.693086,4002.416469,1,served
6293,4001.958511,4002.650840,4002.577703,2,served
6294,4001.958511,4002.790504,4002.650840,2,served
6295,4002.444191,4003.928963,4002.790504,2,served
6296,4002.644803,4005.906896,4003.087885,0,served
6297,4003.299430,4004.691640,4003.375401,3,served
6298,4003.299430,4005.057823,4003.693086,1,served
6299,4005.838463,4006.143845,4005.838463,3,served
6300,4006.082253,4008.169346,4006.082253,0,served
6301,4006.742832,4007.382580,4006.742832,3,served
6302,4006.742832,4008.555820,4006.742832,1,served
6303,4006.742832,4006.844982,4006.742832,2,served
6304,4008.850656,4009.311974,4008.850656,3,served
6305,4008.850656,4010.452637,4008.850656,0,served
6306,4008.850656,4010.408948,4008.850656,1,served
6307,4008.850656,4013.479510,4008.850656,2,served
6308,4008.850656,4009.702322,4009.311974,3,served
6309,4008.850656,4011.045695,4009.702322,3,served
6310,4013.341676,4014.027859,4013.341676,3,served
6311,4013.341676,4014.169519,4013.341676,0,served
6312,4013.376942,4015.534780,4013.376942,1,served
6313,4013.427653,4019.444597,4013.479510,2,served
6314,4014.525246,4015.523842,4014.525246,3,served
6315,4014.525246,4015.542592,4014.525246,0,served
6316,4015.005305,4017.570799,4015.523842,3,served
6317,4015.005305,4016.969960,4015.534780,1,served
6318,4015.005305,4016.395479,4015.542592,0,served
6319,4015.005305,4017.224279,4016.395479,0,served
6320,4015.005305,4018.131855,4016.969960,1,served
6321,4015.005305,4017.868084,4017.224279,0,served
6322,4015.470840,4017.764808,4017.570799,3,served
6323,4015.470840,4018.407934,4017.764808,3,served
6324,4015.470840,4024.877831,4017.868084,0,served
6325,4015.859758,4022.816946,4018.131855,1,served
6326,4017.428565,4022.107568,4018.407934,3,served
6327,4017.428565,4019.637430,4019.444597,2,served
6328,4017.428565,4020.090092,4019.637430,2,served
6329,4017.889056,4024.514113,4020.090092,2,served
6330,4018.267604,4022.300774,4022.107568,3,served
6331,4019.073585,4023.860619,4022.300774,3,served
6332,4019.355133,4023.933516,4022.816946,1,served
6333,4019.355133,4024.181641,4023.860619,3,served
6334,4020.758378,4025.168874,4023.933516,1,served
6335,4021.150279,4024.353481,4024.181641,3,served
6336,4021.150279,4024.514827,4024.353481,3,served
6337,4023.317231,4024.668874,4024.514113,2,served
6338,4024.198790,4024.704254,4024.514827,3,served
6339,4024.198790,4028.130134,4024.668874,2,served
6340,4024.198790,4026.339608,4024.704254,3,served
6341,4024.198790,4026.451414,4024.877831,0,served
6342,4024.628638,4030.986102,4025.168874,1,served
6343,4024.628638,4026.440953,4026.339608,3,served
6344,4024.824472,4028.055246,4026.440953,3,served
6345,4024.824472,4027.354082,4026.451414,0,served
6346,4024.824472,4028.887730,4027.354082,0,served
6347,4024.824472,4028.063553,4028.055246,3,served
6348,4025.182704,4028.498064,4028.063553,3,served
6349,4028.217585,4029.845027,4028.217585,2,served
6350,4029.517849,4030.645548,4029.517849,3,served
6351,4029.517849,4029.754757,4029.517849,0,served
6352,4029.517849,4031.957114,4029.754757,0,served
6353,4029.872628,4030.245993,4029.872628,2,served
6354,4030.281804,4031.881947,4030.281804,2,served
6355,4030.281804,4032.977990,4030.645548,3,served
6356,4030.827864,4032.263306,4030.986102,1,served
6357,4031.979579,4032.566559,4031.979579,0,served
6358,4032.838325,4035.889211,4032.838325,0,served
6359,4035.484877,4036.462488,4035.484877,3,served
6360,4036.046524,4036.164110,4036.046524,0,served
6361,4036.563472,4038.421359,4036.563472,3,served
6362,4038.667996,4038.786768,4038.667996,3,served
6363,4043.748495,4043.870907,4043.748495,3,served
6364,4043.748495,4044.847190,4043.748495,0,served
6365,4044.999865,4045.777971,4044.999865,3,served
6366,4045.172431,4046.493600,4045.172431,0,served
6367,4045.172431,4049.697365,4045.172431,1,served
6368,4045.172431,4048.321760,4045.172431,2,served
6369,4046.254974,4046.402653,4046.254974,3,served
6370,4046.254974,4047.873211,4046.402653,3,served
6371,4046.254974,4047.018852,4046.493600,0,served
6372,4046.254974,4049.224675,4047.018852,0,served
6373,4051.148517,4055.134660,4051.148517,3,served
6374,4051.328692,4051.427532,4051.328692,0,served
6375,4053.466823,4058.540872,4053.466823,0,served
6376,4055.685537,4056.603035,4055.685537,3,served
6377,4057.440681,4062.870676,4057.440681,3,served
6378,4057.440681,4057.868448,4057.440681,1,served
6379,4057.771901,4060.017954,4057.771901,2,served
6380,4057.771901,4059.571502,4057.868448,1,served
6381,4057.771901,4058.667786,4058.540872,0,served
6382,4058.997647,4059.467803,4058.997647,0,served
6383,4058.997647,4059.625921,4059.467803,0,served
6384,4058.997647,4059.995083,4059.571502,1,served
6385,4058.997647,4063.217255,4059.625921,0,served
6386,4058.997647,4064.313094,4059.995083,1,served
6387,4059.607576,4060.631750,4060.017954,2,served
6388,4059.918980,4061.605616,4060.631750,2,served
6389,4062.076902,4063.031006,4062.076902,2,served
6390,4064.689679,4065.202182,4064.689679,3,served
6391,4064.689679,4066.112920,4064.689679,0,served
6392,4064.689679,4067.275203,4064.689679,1,served
6393,4064.689679,4064.963682,4064.689679,2,served
6394,4065.822624,4065.943353,4065.822624,3,served
6395,4066.493681,4067.210588,4066.493681,3,served
6396,4066.986233,4069.403146,4066.986233,0,served
6397,4066.986233,4069.437113,4066.986233,2,served
6398,4068.274044,4070.988919,4068.274044,3,served
6399,4069.165412,4069.297137,4069.165412,1,served
6400,4069.165412,4071.604730,4069.297137,1,served
6401,4069.165412,4071.747838,4069.403146,0,served
6402,4069.165412,4069.710428,4069.437113,2,served
6403,4071.246483,4072.770550,4071.246483,3,served
6404,4075.887054,4076.612234,4075.887054,3,served
6405,4075.887054,4077.082351,4075.887054,0,served
6406,4075.887054,4078.351491,4075.887054,1,served
6407,4076.053014,4076.418738,4076.053014,2,served
6408,4076.053014,4077.166715,4076.418738,2,served
6409,4076.053014,4077.182342,4076.612234,3,served
6410,4076.053014,4078.097098,4077.082351,0,served
6411,4076.247919,4079.275770,4077.166715,2,served
6412,4076.247919,4079.978641,4077.182342,3,served
6413,4076.343631,4083.023786,4078.097098,0,served
6414,4076.916129,4078.798341,4078.351491,1,served
6415,4076.916129,4083.311194,4078.798341,1,served
6416,4076.916129,4083.671398,4079.275770,2,served
6417,4078.591786,4081.115014,4079.978641,3,served
6418,4078.591786,4081.203145,4081.115014,3,served
6419,4078.591786,4081.424691,4081.203145,3,served
6420,4079.378794,4081.679685,4081.424691,3,served
6421,4079.378794,4082.812801,4081.679685,3,served
6422,4079.378794,4083.456452,4082.812801,3,served
6423,4079.378794,4083.815515,4083.023786,0,served
6424,4079.378794,4086.607184,4083.311194,1,served
6425,4079.660487,4084.919646,4083.456452,3,served
6426,4080.259294,4084.215693,4083.671398,2,served
6427,4081.772727,4084.430164,4083.815515,0,served
6428,4082.466707,4087.255938,4084.215693,2,served
6429,4082.466707,4084.615785,4084.430164,0,served
6430,4082.466707,4085.017039,4084.615785,0,served
6431,4082.805289,4085.554419,4084.919646,3,served
6432,4085.171473,4085.229325,4085.171473,0,served
6433,4085.171473,4088.732328,4085.229325,0,served
6434,4085.229304,4086.097143,4085.554419,3,served
6435,4085.229304,4086.644038,4086.097143,3,served
6436,4085.700290,4094.388934,4086.607184,1,served
6437,4086.705996,4087.510907,4086.705996,3,served
6438,4086.705996,4087.325480,4087.255938,2,served
6439,4086.705996,4098.403781,4087.325480,2,served
6440,4088.641199,4090.692873,4088.641199,3,served
6441,4091.891962,4092.045802,4091.891962,3,served
6442,4091.891962,4092.894202,4091.891962,0,served
6443,4096.095724,4097.369746,4096.095724,3,served
6444,4096.308652,4097.739062,4096.308652,0,served
6445,4096.833463,4098.648182,4096.833463,1,served
6446,4096.856466,4097.834089,4097.369746,3,served
6447,4097.246171,4099.695737,4097.739062,0,served
6448,4097.246171,4098.418695,4097.834089,3,served
6449,4098.073058,4099.541685,4098.403781,2,served
6450,4098.341180,4099.052274,4098.418695,3,served
6451,4098.341180,4101.059649,4098.648182,1,served
6452,4098.341180,4100.090151,4099.052274,3,served
6453,4098.567650,4102.739593,4099.541685,2,served
6454,4098.567650,4101.094068,4099.695737,0,served
6455,4098.567650,4101.724238,4100.090151,3,served
6456,4098.567650,4102.784241,4101.059649,1,served
6457,4099.744671,4101.256349,4101.094068,0,served
6458,4101.014650,4102.193973,4101.256349,0,served
6459,4101.053360,4102.399380,4101.724238,3,served
6460,4101.425850,4102.747319,4102.193973,0,served
6461,4102.641691,4104.212829,4102.641691,3,served
6462,4102.641691,4103.271815,4102.739593,2,served
6463,4102.641691,4106.446681,4102.747319,0,served
6464,4103.637245,4104.987065,4103.637245,1,served
6465,4103.637245,4104.749296,4103.637245,2,served
6466,4103.730841,4106.753923,4104.212829,3,served
6467,4103.730841,4108.082770,4104.749296,2,served
6468,4105.220905,4107.537171,4105.220905,1,served
6469,4106.575591,4110.382971,4106.575591,0,served
6470,4108.570186,4108.711693,4108.570186,3,served
6471,4108.570186,4109.708605,4108.570186,1,served
6472,4108.570186,4108.585769,4108.570186,2,served
6473,4108.570186,4110.939349,4108.585769,2,served
6474,4108.570186,4110.162234,4108.711693,3,served
6475,4108.749736,4110.044612,4109.708605,1,served
6476,4108.749736,4116.028058,4110.044612,1,served
6477,4108.749736,4113.831968,4110.162234,3,served
6478,4109.217893,4112.563442,4110.382971,0,served
6479,4112.548238,4113.654791,4112.548238,2,served
6480,4113.897080,4113.964254,4113.897080,3,served
6481,4114.393320,4114.976121,4114.393320,3,served
6482,4114.443089,4122.594411,4114.443089,0,served
6483,4114.443089,4115.347688,4114.443089,2,served
6484,4117.117532,4120.613418,4117.117532,3,served
6485,4117.117532,4124.505904,4117.117532,1,served
6486,4117.117532,4122.756264,4117.117532,2,served
6487,4117.608324,4121.235281,4120.613418,3,served
6488,4118.397199,4121.908404,4121.235281,3,served
6489,4118.397199,4122.886225,4121.908404,3,served
6490,4118.397199,4122.855346,4122.594411,0,served
6491,4118.397199,4127.651395,4122.756264,2,served
6492,4119.164875,4123.402811,4122.855346,0,served
6493,4121.510700,4125.083731,4122.886225,3,served
6494,4123.339901,4125.540499,4123.402811,0,served
6495,4123.339901,4125.431548,4124.505904,1,served
6496,4123.339901,4125.871370,4125.083731,3,served
6497,4123.339901,4126.838500,4125.431548,1,served
6498,4123.900290,4127.209780,4125.540499,0,served
6499,4123.900290,4126.553151,4125.871370,3,served
6500,4123.900290,4127.185408,4126.553151,3,served
6501,4125.037443,4129.375843,4126.838500,1,served
6502,4125.184782,4128.702379,4127.185408,3,served
6503,4125.626497,4129.042861,4127.209780,0,served
6504,4125.626497,4128.199671,4127.651395,2,served
6505,4125.626497,4128.715251,4128.199671,2,served
6506,4125.701487,4128.712301,4128.702379,3,served
6507,4125.701487,4130.232013,4128.712301,3,served
6508,4128.234243,4135.273853,4128.715251,2,served
6509,4128.685702,4129.545844,4129.042861,0,served
6510,4128.685702,4132.409222,4129.375843,1,served
6511,4128.685702,4131.372960,4129.545844,0,served
6512,4128.983063,4130.349228,4130.232013,3,served
6513,4133.000436,4133.185565,4133.000436,3,served
6514,4133.000436,4134.118524,4133.000436,0,served
6515,4133.000436,4135.069702,4133.000436,1,served
6516,4133.774394,4134.036411,4133.774394,3,served
6517,4134.286012,4135.116441,4134.286012,3,served
6518,4134.286012,4135.671008,4134.286012,0,served
6519,4134.286012,4140.870619,4135.069702,1,served
6520,4134.360123,4138.668838,4135.116441,3,served
6521,4134.360123,4136.345029,4135.273853,2,served
6522,4134.360123,4135.732267,4135.671008,0,served
6523,4136.177355,4139.142060,4136.177355,0,served
6524,4137.132428,4137.722595,4137.132428,2,served
6525,4137.726760,4147.897602,4137.726760,2,served
6526,4138.190917,4140.383290,4138.668838,3,served
6527,4140.185251,4140.301932,4140.185251,0,served
6528,4140.185251,4143.444916,4140.301932,0,served
6529,4141.350628,4141.357190,4141.350628,3,served
6530,4142.275226,4143.290906,4142.275226,3,served
6531,4142.275226,4145.672960,4142.275226,1,served
6532,4142.569592,4143.349821,4143.290906,3,served
6533,4142.915568,4145.405879,4143.349821,3,served
6534,4142.915568,4143.667888,4143.444916,0,served
6535,4142.915568,4144.598061,4143.667888,0,served
6536,4142.915568,4147.973420,4144.598061,0,served
6537,4143.242222,4145.846900,4145.405879,3,served
6538,4143.242222,4150.364529,4145.672960,1,served
6539,4143.252429,4146.046569,4145.846900,3,served
6540,4145.330124,4146.090457,4146.046569,3,served
6541,4148.355505,4149.413817,4148.355505,3,served
6542,4151.597358,4151.996147,4151.597358,3,served
6543,4151.597358,4152.502026,4151.597358,0,served
6544,4151.597358,4156.368619,4151.597358,1,served
6545,4151.597358,4158.594812,4151.597358,2,served
6546,4151.597358,4153.595008,4151.996147,3,served
6547,4154.038511,4154.528497,4154.038511,3,served
6548,4154.038511,4156.010681,4154.038511,0,served
6549,4155.071328,4155.665943,4155.071328,3,served
6550,4158.553098,4160.827755,4158.553098,3,served
6551,4159.712476,4160.170163,4159.712476,0,served
6552,4159.712476,4161.078618,4159.712476,1,served
6553,4159.712476,4161.921454,4159.712476,2,served
6554,4160.226003,4161.903954,4160.226003,0,served
6555,4160.226003,4161.093538,4160.827755,3,served
6556,4160.226003,4168.661601,4161.078618,1,served
6557,4160.226003,4161.389482,4161.093538,3,served
6558,4160.501073,4163.426248,4161.389482,3,served
6559,4160.501073,4162.730980,4161.903954,0,served
6560,4160.672680,4163.467321,4161.921454,2,served
6561,4160.672680,4163.185198,4162.730980,0,served
6562,4161.455423,4163.407123,4163.185198,0,served
6563,4161.643547,4165.727977,4163.407123,0,served
6564,4161.643547,4164.829989,4163.426248,3,served
6565,4161.643547,4164.452980,4163.467321,2,served
6566,4161.643547,4168.229699,4164.452980,2,served
6567,4164.298310,4166.566896,4164.829989,3,served
6568,4164.642918,4172.062157,4165.727977,0,served
6569,4165.010101,4166.845404,4166.566896,3,served
6570,4165.010101,4167.044269,4166.845404,3,served
6571,4165.010101,4167.750520,4167.044269,3,served
6572,4165.562922,4168.484844,4167.750520,3,served
6573,4166.331253,4168.385348,4168.229699,2,served
6574,4166.331253,4171.119962,4168.385348,2,served
6575,4166.331253,4168.823781,4168.484844,3,served
6576,4167.855199,4176.776988,4168.661601,1,served
6577,4170.802333,4170.836654,4170.802333,3,served
6578,4171.337014,4172.188249,4171.337014,3,served
6579,4171.337014,4173.664656,4171.337014,2,served
6580,4172.370021,4172.383711,4172.370021,3,served
6581,4172.370021,4172.604816,4172.370021,0,served
6582,4172.370021,4172.735758,4172.383711,3,served
6583,4172.460523,4174.749971,4172.604816,0,served
6584,4172.460523,4173.899623,4172.735758,3,served
6585,4176.743822,4176.991594,4176.743822,3,served
6586,4181.000843,4184.199606,4181.000843,3,served
6587,4181.176937,4181.183838,4181.176937,0,served
6588,4181.176937,4182.924772,4181.176937,1,served
6589,4181.249832,4182.290505,4181.249832,0,served
6590,4181.249832,4185.007015,4181.249832,2,served
6591,4181.249832,4182.337592,4182.290505,0,served
6592,4181.249832,4182.416579,4182.337592,0,served
6593,4181.249832,4182.885635,4182.416579,0,served
6594,4181.249832,4184.297400,4182.885635,0,served
6595,4181.249832,4183.378989,4182.924772,1,served
6596,4182.935891,4196.196409,4183.378989,1,served
6597,4184.501855,4186.492478,4184.501855,3,served
6598,4184.501855,4185.211000,4184.501855,0,served
6599,4184.501855,4192.449349,4185.007015,2,served
6600,4184.763092,4185.996630,4185.211000,0,served
6601,4184.924494,4192.935909,4185.996630,0,served
6602,4184.924494,4187.160567,4186.492478,3,served
6603,4185.109852,4187.488009,4187.160567,3,served
6604,4188.465830,4192.575493,4188.465830,3,served
6605,4188.465830,4196.762429,4192.449349,2,served
6606,4189.711129,4193.796945,4192.575493,3,served
6607,4189.711129,4197.103984,4192.935909,0,served
6608,4189.711129,4193.832441,4193.796945,3,served
6609,4190.263314,4195.270959,4193.832441,3,served
6610,4190.263314,4195.527435,4195.270959,3,served
6611,4190.263314,4195.655416,4195.527435,3,served
6612,4191.511261,4195.937266,4195.655416,3,served
6613,4191.511261,4196.798426,4195.937266,3,served
6614,4192.027050,4199.786776,4196.196409,1,served
6615,4192.101762,4202.087959,4196.762429,2,served
6616,4193.059161,4198.170777,4196.798426,3,served
6617,4193.891176,4198.132173,4197.103984,0,served
6618,4193.891176,4199.720742,4198.132173,0,served
6619,4195.332779,4200.106783,4198.170777,3,served
6620,4195.332779,4202.666972,4199.720742,0,served
6621,4195.939328,4200.697977,4199.786776,1,served
6622,4196.587837,4201.043738,4200.106783,3,served
6623,4198.813526,4203.032580,4200.697977,1,served
6624,4198.876721,4201.858844,4201.043738,3,served
6625,4198.876721,4201.973343,4201.858844,3,served
6626,4199.193570,4202.121766,4201.973343,3,served
6627,4199.193570,4202.939324,4202.087959,2,served
6628,4199.193570,4204.571549,4202.121766,3,served
6629,4199.193570,4202.950500,4202.666972,0,served
6630,4200.058465,4206.620398,4202.939324,2,served
6631,4204.673811,4205.319041,4204.673811,3,served
6632,4206.810291,4208.788028,4206.810291,3,served
6633,4206.810291,4214.259889,4206.810291,0,served
6634,4207.261017,4207.544792,4207.261017,1,served
6635,4207.261017,4209.072973,4207.261017,2,served
6636,4211.863895,4211.969528,4211.863895,3,served
6637,4211.863895,4212.207358,4211.863895,1,served
6638,4211.863895,4213.502445,4211.863895,2,served
6639,4211.863895,4212.366297,4211.969528,3,served
6640,4215.130774,4215.526074,4215.130774,3,served
6641,4216.226503,4216.300345,4216.226503,3,served
6642,4216.226503,4218.262474,4216.226503,0,served
6643,4216.382727,4216.460199,4216.382727,3,served
6644,4216.382727,4219.306726,4216.382727,1,served
6645,4216.382727,4216.916885,4216.382727,2,served
6646,4216.382727,4216.581310,4216.460199,3,served
6647,4216.476306,4217.029607,4216.581310,3,served
6648,4217.163311,4221.267400,4217.163311,3,served
6649,4219.114154,4219.649583,4219.114154,0,served
6650,4220.586637,4220.713254,4220.586637,0,served
6651,4220.586637,4220.906180,4220.586637,1,served
6652,4220.586637,4225.965270,4220.586637,2,served
6653,4220.586637,4221.177044,4220.713254,0,served
6654,4221.320563,4221.503512,4221.320563,3,served
6655,4221.320563,4221.960766,4221.320563,0,served
6656,4222.501872,4225.416531,4222.501872,3,served
6657,4223.081651,4227.301946,4223.081651,0,served
6658,4223.081651,4231.837722,4223.081651,1,served
6659,4225.877559,4226.693681,4225.877559,3,served
6660,4225.877559,4235.238836,4225.965270,2,served
6661,4225.877559,4227.752419,4226.693681,3,served
6662,4225.963338,4227.432422,4227.301946,0,served
6663,4225.963338,4228.523362,4227.432422,0,served
6664,4225.963338,4228.515634,4227.752419,3,served
6665,4225.963338,4229.850400,4228.515634,3,served
6666,4225.963338,4234.414754,4228.523362,0,served
6667,4225.963338,4230.251021,4229.850400,3,served
6668,4225.963338,4231.345861,4230.251021,3,served
6669,4227.277826,4233.066394,4231.345861,3,served
6670,4228.577861,4233.469469,4231.837722,1,served
6671,4228.577861,4234.707573,4233.066394,3,served
6672,4228.830614,4233.733939,4233.469469,1,served
6673,4228.830614,4236.199808,4233.733939,1,served
6674,4228.946890,4240.753842,4234.414754,0,served
6675,4228.946890,4235.780833,4234.707573,3,served
6676,4228.946890,4243.750774,4235.238836,2,served
6677,4228.946890,4236.746526,4235.780833,3,served
6678,4229.527682,4237.421087,4236.199808,1,served
6679,4229.527682,4236.794350,4236.746526,3,served
6680,4229.527682,4237.031555,4236.794350,3,served
6681,4229.527682,4238.731875,4237.031555,3,served
6682,4229.871595,4237.952283,4237.421087,1,served
6683,4230.192906,4245.574805,4237.952283,1,served
6684,4230.192906,4241.954380,4238.731875,3,served
6685,4230.192906,4241.441408,4240.753842,0,served
6686,4230.192906,4242.667157,4241.441408,0,served
6687,4230.192906,4242.339188,4241.954380,3,served
6688,4230.192906,4244.286371,4242.339188,3,served
6689,4230.192906,4246.461744,4242.667157,0,served
6690,4230.192906,4251.940122,4243.750774,2,served
6691,4236.332039,4246.329329,4244.286371,3,served
6692,4236.332039,4252.847282,4245.574805,1,served
6693,4236.428436,4248.323305,4246.329329,3,served
6694,4238.115506,4249.669028,4246.461744,0,served
6695,4238.558145,4248.346099,4248.323305,3,served
6696,4238.988899,4248.583367,4248.346099,3,served
6697,4238.988899,4250.013344,4248.583367,3,served
6698,4239.185940,4249.719640,4249.669028,0,served
6699,4239.556704,4250.997486,4249.719640,0,served
6700,4239.828691,4250.427446,4250.013344,3,served
6701,4239.828691,4252.129495,4250.427446,3,served
6702,4240.043136,4253.998257,4250.997486,0,served
6703,4240.924953,4254.864181,4251.940122,2,served
6704,4242.982722,4252.338316,4252.129495,3,served
6705,4246.299037,4253.289403,4252.338316,3,served
6706,4246.299037,4253.221025,4252.847282,1,served
6707,4246.299037,4255.593970,4253.221025,1,served
6708,4246.540266,4253.525895,4253.289403,3,served
6709,4246.540266,4253.730891,4253.525895,3,served
6710,4246.600743,4256.348920,4253.730891,3,served
6711,4247.520378,4254.423113,4253.998257,0,served
6712,4247.919199,4256.109710,4254.423113,0,served
6713,4247.919199,4254.966975,4254.864181,2,served
6714,4248.593419,4255.912156,4254.966975,2,served
6715,4248.593419,4256.459048,4255.593970,1,served
6716,4249.270623,4258.338082,4255.912156,2,served
6717,4249.270623,4258.095257,4256.109710,0,served
6718,4252.685679,4258.092366,4256.348920,3,served
6719,4255.845714,4261.005880,4256.459048,1,served
6720,4255.845714,4258.190281,4258.092366,3,served
6721,4255.845714,4259.540685,4258.095257,0,served
6722,4256.941501,4258.206001,4258.190281,3,served
6723,4258.895146,4260.003412,4258.895146,3,served
6724,4259.632716,4260.520478,4259.632716,0,served
6725,4259.632716,4263.025053,4259.632716,2,served
6726,4259.632716,4261.681183,4260.003412,3,served
6727,4259.632716,4264.017249,4260.520478,0,served
6728,4259.797613,4261.205209,4261.005880,1,served
6729,4260.976538,4262.093299,4261.205209,1,served
6730,4260.976538,4261.819529,4261.681183,3,served
6731,4262.153887,4262.217704,4262.153887,3,served
6732,4262.153887,4264.769523,4262.153887,1,served
6733,4262.153887,4264.431696,4262.217704,3,served
6734,4263.082131,4263.098071,4263.082131,2,served
6735,4263.082131,4263.123916,4263.098071,2,served
6736,4263.082131,4266.732790,4263.123916,2,served
6737,4263.762562,4265.205679,4264.017249,0,served
6738,4263.970046,4265.785030,4264.431696,3,served
6739,4264.127297,4265.318766,4264.769523,1,served
6740,4264.127297,4265.287790,4265.205679,0,served
6741,4264.163882,4265.336969,4265.287790,0,served
6742,4264.163882,4271.073400,4265.318766,1,served
6743,4264.163882,4267.056508,4265.336969,0,served
6744,4264.867163,4266.440702,4265.785030,3,served
6745,4264.867163,4266.519231,4266.440702,3,served
6746,4268.223128,4268.413126,4268.223128,3,served
6747,4268.223128,4268.400326,4268.223128,0,served
6748,4268.223128,4268.224342,4268.223128,2,served
6749,4268.302158,4269.650061,4268.302158,2,served
6750,4268.700443,4268.715042,4268.700443,3,served
6751,4268.700443,4271.055989,4268.700443,0,served
6752,4268.700443,4268.985287,4268.715042,3,served
6753,4268.700443,4269.419616,4268.985287,3,served
6754,4268.700443,4270.747084,4269.419616,3,served
6755,4268.707114,4271.867521,4269.650061,2,served
6756,4271.219314,4271.249580,4271.219314,3,served
6757,4271.530303,4271.931046,4271.530303,3,served
6758,4272.782376,4272.984903,4272.782376,3,served
6759,4272.782376,4273.280042,4272.782376,0,served
6760,4272.782376,4276.857202,4272.782376,1,served
6761,4273.577789,4273.674577,4273.577789,3,served
6762,4273.577789,4273.987856,4273.577789,0,served
6763,4273.660593,4277.253429,4273.660593,2,served
6764,4273.660593,4274.584509,4273.674577,3,served
6765,4273.806120,4274.202300,4273.987856,0,served
6766,4273.806120,4275.725809,4274.202300,0,served
6767,4275.972539,4276.508275,4275.972539,3,served
6768,4277.178306,4279.355465,4277.178306,3,served
6769,4281.089285,4282.305499,4281.089285,3,served
6770,4281.264122,4283.967098,4281.264122,0,served
6771,4281.264122,4283.962804,4281.264122,1,served
6772,4281.264122,4283.016015,4281.264122,2,served
6773,4281.264122,4282.507773,4282.305499,3,served
6774,4281.264122,4284.236126,4282.507773,3,served
6775,4281.264122,4293.014027,4283.016015,2,served
6776,4282.002136,4284.746090,4283.962804,1,served
6777,4282.002136,4286.667851,4283.967098,0,served
6778,4282.002136,4285.820500,4284.236126,3,served
6779,4282.548317,4285.718830,4284.746090,1,served
6780,4282.563555,4287.907137,4285.718830,1,served
6781,4282.563555,4286.545222,4285.820500,3,served
6782,4284.601875,4287.388046,4286.545222,3,served
6783,4284.722901,4287.112765,4286.667851,0,served
6784,4284.722901,4291.469851,4287.112765,0,served
6785,4285.435945,4290.933058,4287.388046,3,served
6786,4286.679688,4289.247189,4287.907137,1,served
6787,4289.569301,4290.616766,4289.569301,1,served
6788,4289.569301,4294.802537,4290.616766,1,served
6789,4290.555912,4291.703333,4290.933058,3,served
6790,4290.555912,4291.830293,4291.469851,0,served
6791,4291.304150,4294.476895,4291.703333,3,served
6792,4292.672347,4293.748014,4292.672347,0,served
6793,4293.269917,4296.941581,4293.269917,2,served
6794,4293.269917,4294.983657,4293.748014,0,served
6795,4294.861016,4295.884245,4294.861016,3,served
6796,4296.921779,4298.579748,4296.921779,3,served
6797,4297.166348,4297.845147,4297.166348,0,served
6798,4297.553109,4301.227785,4297.553109,1,served
6799,4301.540483,4302.555820,4301.540483,3,served
6800,4301.540483,4302.568532,4301.540483,0,served
6801,4301.540483,4301.696448,4301.540483,1,served
6802,4303.984830,4305.426715,4303.984830,3,served
6803,4305.965967,4305.966246,4305.965967,3,served
6804,4305.965967,4306.120671,4305.965967,0,served
6805,4305.965967,4307.038466,4305.965967,1,served
6806,4310.646973,4311.591745,4310.646973,3,served
6807,4310.646973,4311.733710,4310.646973,0,served
6808,4310.667337,4310.684070,4310.667337,1,served
6809,4310.667337,4311.498679,4310.667337,2,served
6810,4310.667337,4312.161181,4310.684070,1,served
6811,4311.122139,4313.907747,4311.498679,2,served
6812,4311.122139,4312.620141,4311.591745,3,served
6813,4313.791062,4315.667948,4313.791062,3,served
6814,4313.791062,4313.966706,4313.791062,0,served
6815,4313.791062,4313.867830,4313.791062,1,served
6816,4317.568333,4317.749128,4317.568333,3,served
6817,4317.568333,4318.158125,4317.568333,0,served
6818,4317.568333,4319.405961,4317.568333,1,served
6819,4317.938237,4319.738518,4317.938237,3,served
6820,4317.938237,4318.009548,4317.938237,2,served
6821,4318.208951,4318.686940,4318.208951,0,served
6822,4318.208951,4318.697391,4318.208951,2,served
6823,4320.492983,4320.529014,4320.492983,3,served
6824,4320.492983,4323.219712,4320.492983,0,served
6825,4320.492983,4321.136750,4320.492983,1,served
6826,4320.862238,4321.540054,4320.862238,3,served
6827,4321.346215,4322.335816,4321.346215,1,served
6828,4321.405186,4323.259619,4321.405186,2,served
6829,4321.892825,4321.961743,4321.892825,3,served
6830,4327.359988,4327.923631,4327.359988,3,served
6831,4333.789001,4336.458579,4333.789001,3,served
6832,4334.518626,4336.158551,4334.518626,0,served
6833,4336.877931,4336.899553,4336.877931,3,served
6834,4337.596883,4338.275297,4337.596883,3,served
6835,4337.596883,4337.874746,4337.596883,0,served
6836,4337.596883,4338.070233,4337.596883,1,served
6837,4341.779329,4342.102968,4341.779329,3,served
6838,4341.779329,4342.006622,4341.779329,0,served
6839,4342.631652,4342.732229,4342.631652,3,served
6840,4342.631652,4346.741617,4342.631652,0,served
6841,4342.631652,4343.436532,4342.631652,1,served
6842,4345.274054,4345.495084,4345.274054,3,served
6843,4345.476659,4348.130695,4345.476659,1,served
6844,4345.696131,4345.761906,4345.696131,3,served
6845,4346.898179,4347.589180,4346.898179,3,served
6846,4346.898179,4349.162965,4346.898179,0,served
6847,4349.599323,4351.292543,4349.599323,3,served
6848,4349.968427,4350.118188,4349.968427,0,served
6849,4349.968427,4350.541093,4349.968427,1,served
6850,4350.798353,4353.379745,4350.798353,0,served
6851,4350.798353,4350.819945,4350.798353,1,served
6852,4350.798353,4354.060783,4350.798353,2,served
6853,4350.798353,4352.326888,4350.819945,1,served
6854,4350.798353,4351.831288,4351.292543,3,served
6855,4350.798353,4353.243165,4351.831288,3,served
6856,4350.798353,4356.536153,4352.326888,1,served
6857,4350.798353,4353.398072,4353.243165,3,served
6858,4351.807881,4354.219100,4353.379745,0,served
6859,4351.807881,4355.114623,4353.398072,3,served
6860,4352.230877,4357.111733,4354.060783,2,served
6861,4352.230877,4355.224936,4354.219100,0,served
6862,4354.666919,4357.244077,4355.114623,3,served
6863,4355.810204,4356.982056,4355.810204,0,served
6864,4355.810204,4364.518726,4356.536153,1,served
6865,4355.884539,4357.142506,4356.982056,0,served
6866,4356.878323,4358.932199,4357.111733,2,served
6867,4357.404708,4358.473738,4357.404708,3,served
6868,4357.404708,4358.268582,4357.404708,0,served
6869,4358.258702,4358.477062,4358.268582,0,served
6870,4358.837112,4359.810635,4358.837112,3,served
6871,4358.837112,4362.002307,4358.837112,0,served
6872,4358.837112,4363.208371,4358.932199,2,served
6873,4360.346250,4360.459621,4360.346250,3,served
6874,4361.391499,4361.554306,4361.391499,3,served
6875,4361.391499,4363.055009,4361.554306,3,served
6876,4362.506458,4362.777740,4362.506458,0,served
6877,4363.001873,4363.642351,4363.001873,0,served
6878,4363.392423,4364.498328,4363.392423,3,served
6879,4363.519058,4364.030836,4363.519058,2,served
6880,4365.557366,4365.906137,4365.557366,3,served
6881,4365.808064,4366.597174,4365.808064,0,served
6882,4367.252141,4368.059421,4367.252141,3,served
6883,4367.583848,4367.836444,4367.583848,0,served
6884,4368.492422,4372.700985,4368.492422,3,served
6885,4368.492422,4368.747389,4368.492422,0,served
6886,4368.492422,4373.197604,4368.492422,1,served
6887,4368.492422,4372.605363,4368.492422,2,served
6888,4368.492422,4368.868135,4368.747389,0,served
6889,4371.717795,4372.131838,4371.717795,0,served
6890,4373.256022,4373.285950,4373.256022,3,served
6891,4373.256022,4373.513618,4373.256022,0,served
6892,4374.591875,4375.046786,4374.591875,3,served
6893,4374.591875,4376.113160,4374.591875,0,served
6894,4374.843915,4379.020237,4374.843915,1,served
6895,4376.635887,4377.013823,4376.635887,3,served
6896,4376.635887,4377.317048,4376.635887,0,served
6897,4377.412226,4383.486546,4377.412226,3,served
6898,4380.065913,4380.878969,4380.065913,0,served
6899,4380.065913,4387.118947,4380.065913,1,served
6900,4380.531315,4385.412521,4380.531315,2,served
6901,4380.531315,4381.452452,4380.878969,0,served
6902,4380.531315,4383.256864,4381.452452,0,served
6903,4380.531315,4383.268796,4383.256864,0,served
6904,4380.531315,4385.587723,4383.268796,0,served
6905,4380.698820,4384.620937,4383.486546,3,served
6906,4380.698820,4385.526589,4384.620937,3,served
6907,4383.398557,4395.245203,4385.412521,2,served
6908,4383.398557,4388.149496,4385.526589,3,served
6909,4383.398557,4385.910274,4385.587723,0,served
6910,4383.398557,4387.552971,4385.910274,0,served
6911,4384.227651,4387.572995,4387.118947,1,served
6912,4384.659795,4390.456264,4387.552971,0,served
6913,4384.659795,4387.673668,4387.572995,1,served
6914,4384.659795,4392.727431,4387.673668,1,served
6915,4384.659795,4388.308994,4388.149496,3,served
6916,4384.659795,4389.682631,4388.308994,3,served
6917,4385.495620,4389.815150,4389.682631,3,served
6918,4385.495620,4390.981937,4389.815150,3,served
6919,4385.576496,4390.760423,4390.456264,0,served
6920,4386.906985,4394.670724,4390.760423,0,served
6921,4387.098358,4391.318084,4390.981937,3,served
6922,4387.991710,4394.065615,4391.318084,3,served
6923,4387.991710,4394.282941,4392.727431,1,served
6924,4387.991710,4395.405872,4394.065615,3,served
6925,4389.380555,4395.144558,4394.282941,1,served
6926,4389.380555,4397.542171,4394.670724,0,served
6927,4389.380555,4396.727967,4395.144558,1,served
6928,4396.426722,4398.129384,4396.426722,3,served
6929,4397.545381,4398.425540,4397.545381,0,served
6930,4397.736034,4397.833793,4397.736034,1,served
6931,4399.388296,4399.969316,4399.388296,3,served
6932,4400.577776,4400.817639,4400.577776,3,served
6933,4400.577776,4402.046041,4400.577776,0,served
6934,4400.905346,4401.677243,4400.905346,3,served
6935,4402.550645,4403.789952,4402.550645,3,served
6936,4402.550645,4403.704407,4402.550645,0,served
6937,4402.550645,4403.697740,4402.550645,1,served
6938,4405.204444,4407.066492,4405.204444,3,served
6939,4405.204444,4407.684243,4405.204444,0,served
6940,4407.654453,4409.695083,4407.654453,3,served
6941,4413.149313,4413.690130,4413.149313,3,served
6942,4413.149313,4413.728030,4413.149313,0,served
6943,4413.149313,4417.008631,4413.149313,1,served
6944,4413.149313,4414.387719,4413.149313,2,served
6945,4413.209187,4414.233914,4413.690130,3,served
6946,4413.316658,4415.004595,4413.728030,0,served
6947,4413.316658,4414.724545,4414.233914,3,served
6948,4413.316658,4419.586986,4414.387719,2,served
6949,4413.674022,4415.446002,4414.724545,3,served
6950,4414.186895,4417.540796,4415.004595,0,served
6951,4414.186895,4416.185639,4415.446002,3,served
6952,4414.798755,4416.220565,4416.185639,3,served
6953,4414.798755,4417.229428,4416.220565,3,served
6954,4415.550110,4420.216489,4417.008631,1,served
6955,4415.550110,4417.344555,4417.229428,3,served
6956,4415.550110,4418.174532,4417.344555,3,served
6957,4415.550110,4418.002015,4417.540796,0,served
6958,4415.550110,4418.169572,4418.002015,0,served
6959,4415.550110,4418.550977,4418.169572,0,served
6960,4415.550110,4418.618821,4418.174532,3,served
6961,4415.550110,4419.973516,4418.550977,0,served
6962,4415.550110,4419.665698,4418.618821,3,served
6963,4419.176863,4423.277574,4419.586986,2,served
6964,4419.176863,4421.069128,4419.665698,3,served
6965,4420.103778,4420.936121,4420.103778,0,served
6966,4420.492463,4421.465748,4420.492463,1,served
6967,4420.492463,4421.883257,4420.936121,0,served
6968,4420.492463,4422.669254,4421.069128,3,served
6969,4420.492463,4423.319780,4421.465748,1,served
6970,4420.492463,4422.181484,4421.883257,0,served
6971,4420.492463,4424.209097,4422.181484,0,served
6972,4420.492463,4424.671749,4422.669254,3,served
6973,4420.492463,4429.153411,4423.277574,2,served
6974,4420.728404,4424.339329,4423.319780,1,served
6975,4421.478057,4424.670030,4424.209097,0,served
6976,4421.478057,4425.709317,4424.339329,1,served
6977,4421.478057,4425.160702,4424.670030,0,served
6978,4421.688396,4425.841952,4424.671749,3,served
6979,4421.688396,4426.226590,4425.160702,0,served
6980,4421.688396,4428.498871,4425.709317,1,served
6981,4421.688396,4426.887732,4425.841952,3,served
6982,4424.185831,4426.595073,4426.226590,0,served
6983,4424.986657,4427.204199,4426.595073,0,served
6984,4428.588675,4428.596387,4428.588675,3,served
6985,4428.752265,4429.462359,4428.752265,3,served
6986,4428.752265,4429.727931,4428.752265,0,served
6987,4428.752265,4432.335749,4428.752265,1,served
6988,4428.752265,4429.759622,4429.153411,2,served
6989,4429.184763,4434.752364,4429.462359,3,served
6990,4433.273990,4434.886736,4433.273990,0,served
6991,4433.273990,4436.370937,4433.273990,1,served
6992,4433.273990,4437.166633,4433.273990,2,served
6993,4433.407115,4435.388801,4434.752364,3,served
6994,4433.407115,4435.848505,4434.886736,0,served
6995,4433.407115,4435.592493,4435.388801,3,served
6996,4433.407115,4437.263195,4435.592493,3,served
6997,4433.576639,4436.997700,4435.848505,0,served
6998,4435.276866,4440.213219,4436.370937,1,served
6999,4437.427879,4438.521768,4437.427879,3,served
7000,4437.820381,4439.853254,4437.820381,0,served
7001,4438.709993,4438.820203,4438.709993,3,served
7002,4439.288555,4442.418183,4439.288555,3,served
7003,4439.288555,4441.284146,4439.288555,2,served
7004,4439.897374,4440.762368,4439.897374,0,served
7005,4440.253940,4440.729400,4440.253940,1,served
7006,4440.253940,4442.644578,4440.729400,1,served
7007,4440.689980,4443.017225,4440.762368,0,served
7008,4443.937301,4444.138051,4443.937301,3,served
7009,4443.937301,4444.199144,4443.937301,0,served
7010,4445.219615,4445.993050,4445.219615,3,served
7011,4445.336224,4445.475257,4445.336224,0,served
7012,4445.336224,4447.665688,4445.336224,1,served
7013,4447.867822,4448.003429,4447.867822,3,served
7014,4447.867822,4448.177900,4447.867822,0,served
7015,4447.867822,4452.745678,4447.867822,1,served
7016,4447.867822,4448.895605,4447.867822,2,served
7017,4447.867822,4448.822506,4448.003429,3,served
7018,4448.650291,4449.479382,4448.650291,0,served
7019,4448.650291,4449.611160,4448.822506,3,served
7020,4448.650291,4449.217042,4448.895605,2,served
7021,4448.650291,4451.390995,4449.217042,2,served
7022,4448.650291,4450.101491,4449.479382,0,served
7023,4448.650291,4449.622185,4449.611160,3,served
7024,4450.164480,4450.634415,4450.164480,3,served
7025,4452.163759,4453.086384,4452.163759,3,served
7026,4452.725490,4453.081400,4452.725490,0,served
7027,4452.725490,4459.436188,4452.725490,2,served
7028,4452.725490,4453.082457,4452.745678,1,served
7029,4454.274769,4455.428142,4454.274769,3,served
7030,4454.555877,4455.555988,4454.555877,0,served
7031,4454.555877,4455.565677,4454.555877,1,served
7032,4454.555877,4455.792988,4455.428142,3,served
7033,4454.555877,4456.419047,4455.555988,0,served
7034,4456.836560,4458.712297,4456.836560,3,served
7035,4456.836560,4458.590330,4456.836560,0,served
7036,4456.836560,4457.444166,4456.836560,1,served
7037,4456.836560,4460.554508,4457.444166,1,served
7038,4457.938777,4459.800929,4458.590330,0,served
7039,4458.036313,4459.130392,4458.712297,3,served
7040,4458.500879,4459.400990,4459.130392,3,served
7041,4458.500879,4460.011330,4459.400990,3,served
7042,4458.786774,4460.107388,4459.436188,2,served
7043,4462.757110,4462.759298,4462.757110,3,served
7044,4463.401253,4464.677554,4463.401253,3,served
7045,4463.476248,4463.833848,4463.476248,0,served
7046,4471.530240,4471.886153,4471.530240,3,served
7047,4475.203924,4477.540175,4475.203924,3,served
7048,4475.453222,4475.511520,4475.453222,0,served
7049,4475.905420,4476.346890,4475.905420,0,served
7050,4476.362793,4477.106596,4476.362793,0,served
7051,4476.833081,4480.251883,4476.833081,1,served
7052,4478.825950,4479.011520,4478.825950,3,served
7053,4480.243271,4482.951038,4480.243271,3,served
7054,4480.481244,4482.089403,4480.481244,0,served
7055,4480.481244,4480.787479,4480.481244,1,served
7056,4480.481244,4481.879074,4480.481244,2,served
7057,4480.481244,4482.979477,4480.787479,1,served
7058,4481.434769,4482.311127,4481.879074,2,served
7059,4481.579125,4482.695698,4482.089403,0,served
7060,4483.581074,4484.039429,4483.581074,3,served
7061,4484.241774,4484.903950,4484.241774,3,served
7062,4484.971528,4485.071186,4484.971528,3,served
7063,4484.971528,4485.018685,4484.971528,0,served
7064,4486.088610,4487.496641,4486.088610,3,served
7065,4488.105277,4489.363093,4488.105277,3,served
7066,4489.444846,4490.149356,4489.444846,3,served
7067,4489.444846,4492.090709,4489.444846,0,served
7068,4489.626558,4490.211568,4489.626558,1,served
7069,4489.626558,4491.490327,4489.626558,2,served
7070,4489.626558,4490.617489,4490.149356,3,served
7071,4489.626558,4494.796659,4490.211568,1,served
7072,4489.626558,4490.755082,4490.617489,3,served
7073,4490.139735,4490.948644,4490.755082,3,served
7074,4490.139735,4490.954428,4490.948644,3,served
7075,4491.683850,4492.552774,4491.683850,3,served
7076,4492.439558,4494.198664,4492.439558,0,served
7077,4492.439558,4497.208960,4492.439558,2,served
7078,4492.439558,4492.809062,4492.552774,3,served
7079,4492.439558,4494.282048,4492.809062,3,served
7080,4492.439558,4494.780845,4494.198664,0,served
7081,4492.439558,4495.163505,4494.282048,3,served
7082,4493.597148,4495.911256,4494.780845,0,served
7083,4493.597148,4496.421400,4494.796659,1,served
7084,4493.597148,4495.705174,4495.163505,3,served
7085,4494.334100,4495.818236,4495.705174,3,served
7086,4495.058487,4497.754562,4495.818236,3,served
7087,4495.058487,4496.611717,4495.911256,0,served
7088,4496.809317,4497.828939,4496.809317,0,served
7089,4496.809317,4497.716502,4496.809317,1,served
7090,4496.809317,4497.841778,4497.208960,2,served
7091,4497.732244,4512.265890,4497.732244,1,served
7092,4498.557566,4499.737771,4498.557566,3,served
7093,4498.557566,4500.505380,4498.557566,0,served
7094,4500.707709,4505.173626,4500.707709,3,served
7095,4500.707709,4511.485999,4500.707709,0,served
7096,4500.707709,4501.941199,4500.707709,2,served
7097,4501.150351,4502.656635,4501.941199,2,served
7098,4505.516709,4506.358887,4505.516709,3,served
7099,4507.128205,4507.423259,4507.128205,3,served
7100,4510.685592,4510.839911,4510.685592,3,served
7101,4510.685592,4511.502220,4510.685592,2,served
7102,4511.102206,4511.299915,4511.102206,3,served
7103,4514.221518,4517.564626,4514.221518,3,served
7104,4514.221518,4514.414551,4514.221518,0,served
7105,4515.613313,4516.143117,4515.613313,0,served
7106,4515.613313,4517.215874,4515.613313,1,served
7107,4515.613313,4525.952017,4515.613313,2,served
7108,4515.613313,4518.070126,4516.143117,0,served
7109,4515.613313,4517.825321,4517.215874,1,served
7110,4515.613313,4517.867418,4517.564626,3,served
7111,4515.613663,4524.232342,4517.825321,1,served
7112,4518.002376,4518.962077,4518.002376,3,served
7113,4518.002376,4519.467882,4518.070126,0,served
7114,4519.168907,4519.704809,4519.168907,3,served
7115,4519.168907,4519.904195,4519.467882,0,served
7116,4519.168907,4520.102328,4519.704809,3,served
7117,4519.168907,4520.082882,4519.904195,0,served
7118,4519.684592,4520.719602,4520.082882,0,served
7119,4520.458619,4522.241985,4520.458619,3,served
7120,4520.458619,4520.763960,4520.719602,0,served
7121,4520.458619,4524.073443,4520.763960,0,served
7122,4520.458619,4522.582133,4522.241985,3,served
7123,4520.458619,4523.223730,4522.582133,3,served
7124,4520.458619,4524.087842,4523.223730,3,served
7125,4520.557196,4525.616089,4524.073443,0,served
7126,4521.051936,4526.311082,4524.087842,3,served
7127,4521.051936,4524.595276,4524.232342,1,served
7128,4521.123088,4525.684164,4524.595276,1,served
7129,4521.123088,4527.322449,4525.616089,0,served
7130,4521.123088,4527.213754,4525.684164,1,served
7131,4522.110267,4527.918102,4525.952017,2,served
7132,4522.774887,4526.517770,4526.311082,3,served
7133,4522.774887,4527.655272,4526.517770,3,served
7134,4523.082508,4534.320411,4527.213754,1,served
7135,4523.082508,4527.629925,4527.322449,0,served
7136,4524.253876,4529.723317,4527.629925,0,served
7137,4524.253876,4527.949868,4527.655272,3,served
7138,4524.253876,4529.076587,4527.918102,2,served
7139,4525.403964,4528.307389,4527.949868,3,served
7140,4525.403964,4528.544979,4528.307389,3,served
7141,4525.403964,4530.957737,4528.544979,3,served
7142,4525.403964,4531.686277,4529.076587,2,served
7143,4528.282659,4531.714621,4529.723317,0,served
7144,4528.282659,4531.662410,4530.957737,3,served
7145,4528.614105,4532.513169,4531.662410,3,served
7146,4528.614105,4531.999824,4531.686277,2,served
7147,4528.614105,4532.688864,4531.714621,0,served
7148,4530.669015,4535.296420,4531.999824,2,served
7149,4532.007036,4533.672358,4532.513169,3,served
7150,4533.006078,4534.747626,4533.006078,0,served
7151,4535.052436,4535.322444,4535.052436,3,served
7152,4535.052436,4538.201833,4535.052436,0,served
7153,4536.190478,4537.833452,4536.190478,3,served
7154,4536.233963,4539.341582,4536.233963,1,served
7155,4536.233963,4542.634166,4536.233963,2,served
7156,4536.528761,4538.375492,4537.833452,3,served
7157,4536.528761,4540.044879,4538.201833,0,served
7158,4536.528761,4539.773653,4538.375492,3,served
7159,4537.580977,4539.728587,4539.341582,1,served
7160,4537.580977,4541.049312,4539.728587,1,served
7161,4538.101756,4539.867618,4539.773653,3,served
7162,4538.101756,4542.148879,4539.867618,3,served
7163,4540.451553,4541.321439,4540.451553,0,served
7164,4542.475103,4545.222737,4542.475103,3,served
7165,4542.475103,4543.297598,4542.475103,0,served
7166,4543.932363,4545.070381,4543.932363,0,served
7167,4544.762010,4548.564502,4544.762010,1,served
7168,4544.762010,4550.870919,4544.762010,2,served
7169,4545.636328,4546.112749,4545.636328,3,served
7170,4545.636328,4552.888160,4545.636328,0,served
7171,4546.512755,4548.453089,4546.512755,3,served
7172,4546.720470,4548.455190,4548.453089,3,served
7173,4546.900323,4548.691549,4548.455190,3,served
7174,4547.573125,4554.821340,4548.564502,1,served
7175,4547.573125,4550.246591,4548.691549,3,served
7176,4547.573125,4550.314095,4550.246591,3,served
7177,4547.697638,4552.845477,4550.314095,3,served
7178,4549.287677,4551.123430,4550.870919,2,served
7179,4549.287677,4553.620951,4551.123430,2,served
7180,4549.854546,4553.895817,4552.845477,3,served
7181,4550.048165,4553.976349,4552.888160,0,served
7182,4552.433848,4556.026373,4553.620951,2,served
7183,4552.546513,4554.767085,4553.895817,3,served
7184,4552.546513,4554.638495,4553.976349,0,served
7185,4552.546513,4554.857194,4554.638495,0,served
7186,4552.546513,4555.025016,4554.767085,3,served
7187,4552.812437,4557.256917,4554.821340,1,served
7188,4554.354556,4556.198460,4554.857194,0,served
7189,4554.354556,4557.019809,4555.025016,3,served
7190,4554.354556,4560.553480,4556.026373,2,served
7191,4555.564289,4556.795355,4556.198460,0,served
7192,4555.564289,4557.104186,4556.795355,0,served
7193,4556.016512,4559.905202,4557.019809,3,served
7194,4556.016512,4559.060889,4557.104186,0,served
7195,4557.277051,4557.709026,4557.277051,1,served
7196,4557.277051,4558.046246,4557.709026,1,served
7197,4558.594972,4559.432603,4558.594972,1,served
7198,4562.496469,4563.030154,4562.496469,3,served
7199,4562.496469,4565.030749,4562.496469,0,served
7200,4562.496469,4565.642350,4562.496469,1,served
7201,4562.496469,4567.911161,4562.496469,2,served
7202,4562.496469,4563.863910,4563.030154,3,served
7203,4563.159205,4563.895113,4563.863910,3,served
7204,4563.159205,4564.847688,4563.895113,3,served
7205,4563.498292,4565.112478,4564.847688,3,served
7206,4563.498292,4568.178660,4565.030749,0,served
7207,4563.901690,4565.804167,4565.112478,3,served
7208,4564.191598,4570.027008,4565.642350,1,served
7209,4564.568172,4567.718757,4565.804167,3,served
7210,4564.876823,4567.844619,4567.718757,3,served
7211,4564.876823,4570.008336,4567.844619,3,served
7212,4565.420351,4569.715414,4567.911161,2,served
7213,4567.243842,4568.536694,4568.178660,0,served
7214,4567.243842,4568.621058,4568.536694,0,served
7215,4569.687548,4575.919089,4569.687548,0,served
7216,4569.687548,4570.094052,4569.715414,2,served
7217,4569.783218,4570.629256,4570.008336,3,served
7218,4570.338872,4572.692770,4570.338872,1,served
7219,4570.557695,4572.484293,4570.557695,2,served
7220,4573.690113,4573.885491,4573.690113,3,served
7221,4576.490876,4578.468304,4576.490876,3,served
7222,4576.490876,4578.087581,4576.490876,0,served
7223,4580.250390,4581.277625,4580.250390,3,served
7224,4580.250390,4581.158655,4580.250390,0,served
7225,4581.006588,4586.561237,4581.006588,1,served
7226,4581.006588,4582.570976,4581.006588,2,served
7227,4582.451758,4584.579772,4582.451758,3,served
7228,4582.451758,4584.456676,4582.451758,0,served
7229,4582.451758,4584.685424,4582.570976,2,served
7230,4582.451758,4584.675660,4584.456676,0,served
7231,4582.911685,4585.253202,4584.579772,3,served
7232,4582.911685,4585.645820,4584.675660,0,served
7233,4583.059533,4587.189940,4584.685424,2,served
7234,4583.059533,4586.185934,4585.253202,3,served
7235,4585.284199,4586.557813,4585.645820,0,served
7236,4585.284199,4587.951193,4586.185934,3,served
7237,4585.284199,4588.003066,4586.557813,0,served
7238,4585.284199,4587.223916,4586.561237,1,served
7239,4585.284199,4593.066640,4587.189940,2,served
7240,4585.284199,4590.540893,4587.223916,1,served
7241,4587.785611,4589.065128,4587.951193,3,served
7242,4587.785611,4589.639869,4588.003066,0,served
7243,4587.785611,4589.993330,4589.065128,3,served
7244,4589.294905,4589.792818,4589.639869,0,served
7245,4589.294905,4591.594700,4589.792818,0,served
7246,4589.294905,4590.882858,4589.993330,3,served
7247,4589.328921,4591.945813,4590.540893,1,served
7248,4589.328921,4591.253740,4590.882858,3,served
7249,4589.871778,4591.289240,4591.253740,3,served
7250,4590.107895,4591.911687,4591.289240,3,served
7251,4591.441659,4593.757236,4591.594700,0,served
7252,4591.441659,4591.977244,4591.911687,3,served
7253,4591.441659,4597.477832,4591.945813,1,served
7254,4591.441659,4592.781897,4591.977244,3,served
7255,4591.441659,4593.200312,4592.781897,3,served
7256,4599.024600,4599.093126,4599.024600,3,served
7257,4601.057517,4601.874905,4601.057517,3,served
7258,4601.177576,4601.567822,4601.177576,0,served
7259,4601.177576,4603.076872,4601.177576,1,served
7260,4601.467533,4604.572880,4601.467533,2,served
7261,4601.467533,4601.898171,4601.567822,0,served
7262,4601.467533,4603.224664,4601.874905,3,served
7263,4601.467533,4602.252906,4601.898171,0,served
7264,4601.467533,4602.751012,4602.252906,0,served
7265,4602.541224,4603.037663,4602.751012,0,served
7266,4602.541224,4603.835145,4603.037663,0,served
7267,4603.780624,4604.975772,4603.780624,3,served
7268,4603.780624,4605.639264,4603.780624,1,served
7269,4603.780624,4606.589099,4603.835145,0,served
7270,4603.894281,4607.215044,4604.572880,2,served
7271,4604.020949,4605.311450,4604.975772,3,served
7272,4604.020949,4605.720317,4605.311450,3,served
7273,4604.020949,4629.562144,4605.639264,1,served
7274,4606.555373,4607.270207,4606.555373,3,served
7275,4607.336683,4607.596552,4607.336683,3,served
7276,4607.336683,4608.309383,4607.336683,0,served
7277,4607.336683,4610.792482,4607.336683,2,served
7278,4609.994730,4614.460479,4609.994730,3,served
7279,4609.994730,4610.601630,4609.994730,0,served
7280,4609.994730,4615.984966,4610.601630,0,served
7281,4609.994730,4611.377237,4610.792482,2,served
7282,4609.994730,4612.334964,4611.377237,2,served
7283,4612.551507,4612.970462,4612.551507,2,served
7284,4612.551507,4613.044769,4612.970462,2,served
7285,4613.158018,4613.647224,4613.158018,2,served
7286,4613.597522,4619.170289,4613.647224,2,served
7287,4613.597522,4614.893386,4614.460479,3,served
7288,4613.817887,4618.314248,4614.893386,3,served
7289,4615.857630,4617.177866,4615.984966,0,served
7290,4615.857630,4618.808052,4617.177866,0,served
7291,4615.857630,4618.431738,4618.314248,3,served
7292,4615.857630,4618.848198,4618.431738,3,served
7293,4617.133789,4623.149563,4618.808052,0,served
7294,4618.726127,4618.908989,4618.848198,3,served
7295,4618.726127,4619.473031,4618.908989,3,served
7296,4619.111386,4619.211355,4619.170289,2,served
7297,4619.111386,4626.259558,4619.211355,2,served
7298,4619.111386,4621.974978,4619.473031,3,served
7299,4619.111386,4622.322350,4621.974978,3,served
7300,4619.135437,4622.886223,4622.322350,3,served
7301,4620.143120,4624.259732,4622.886223,3,served
7302,4620.143120,4625.860415,4623.149563,0,served
7303,4620.143120,4630.022408,4624.259732,3,served
7304,4620.227618,4626.544336,4625.860415,0,served
7305,4620.227618,4626.801064,4626.259558,2,served
7306,4622.161957,4628.074376,4626.544336,0,served
7307,4625.586211,4627.405392,4626.801064,2,served
7308,4625.842388,4628.164456,4627.405392,2,served
7309,4625.891689,4629.288547,4628.074376,0,served
7310,4625.891689,4631.532994,4628.164456,2,served
7311,4625.891689,4629.942455,4629.288547,0,served
7312,4625.891689,4631.142244,4629.562144,1,served
7313,4626.714134,4631.022751,4629.942455,0,served
7314,4626.714134,4631.164688,4630.022408,3,served
7315,4627.102596,4631.178272,4631.022751,0,served
7316,4627.102596,4632.136684,4631.142244,1,served
7317,4627.102596,4631.417718,4631.164688,3,served
7318,4627.102596,4633.624381,4631.178272,0,served
7319,4628.555155,4631.555716,4631.417718,3,served
7320,4628.664251,4632.193667,4631.532994,2,served
7321,4631.083075,4634.645738,4631.555716,3,served
7322,4631.083075,4637.605441,4632.136684,1,served
7323,4631.083075,4632.415481,4632.193667,2,served
7324,4631.083075,4634.938986,4632.415481,2,served
7325,4631.623498,4634.846691,4633.624381,0,served
7326,4631.623498,4634.655449,4634.645738,3,served
7327,4631.623498,4634.671294,4634.655449,3,served
7328,4631.623498,4635.969775,4634.671294,3,served
7329,4631.948392,4636.610981,4634.846691,0,served
7330,4633.546682,4637.426879,4634.938986,2,served
7331,4634.943668,4636.115447,4635.969775,3,served
7332,4636.264157,4636.271857,4636.264157,3,served
7333,4636.264157,4638.584036,4636.271857,3,served
7334,4638.181535,4641.534165,4638.181535,0,served
7335,4639.733705,4640.554468,4639.733705,3,served
7336,4641.478375,4641.848491,4641.478375,3,served
7337,4641.478375,4644.826886,4641.478375,1,served
7338,4642.315010,4642.485922,4642.315010,3,served
7339,4642.921729,4646.244774,4642.921729,3,served
7340,4642.921729,4643.058866,4642.921729,0,served
7341,4642.921729,4643.013027,4642.921729,2,served
7342,4642.921729,4645.770340,4643.013027,2,served
7343,4648.938846,4649.049804,4648.938846,3,served
7344,4649.349477,4655.178617,4649.349477,3,served
7345,4649.349477,4649.992056,4649.349477,0,served
7346,4651.861991,4653.670530,4651.861991,0,served
7347,4651.861991,4652.081544,4651.861991,1,served
7348,4651.861991,4652.558445,4651.861991,2,served
7349,4651.861991,4654.191249,4652.081544,1,served
7350,4651.861991,4655.930792,4652.558445,2,served
7351,4652.636337,4653.738407,4653.670530,0,served
7352,4652.636337,4653.861914,4653.738407,0,served
7353,4652.636337,4655.515967,4653.861914,0,served
7354,4655.455932,4656.836970,4655.455932,3,served
7355,4655.455932,4660.863817,4655.455932,1,served
7356,4655.455932,4658.415005,4655.515967,0,served
7357,4655.455932,4662.162897,4655.930792,2,served
7358,4655.906001,4659.336919,4656.836970,3,served
7359,4656.091350,4659.919607,4658.415005,0,served
7360,4656.618463,4661.095339,4659.336919,3,served
7361,4656.618463,4661.498569,4659.919607,0,served
7362,4656.787755,4665.377583,4660.863817,1,served
7363,4658.864187,4661.157185,4661.095339,3,served
7364,4658.940028,4661.442386,4661.157185,3,served
7365,4662.029935,4662.904316,4662.029935,3,served
7366,4663.351826,4663.890642,4663.351826,3,served
7367,4663.370852,4663.793478,4663.370852,0,served
7368,4663.370852,4664.901954,4663.370852,2,served
7369,4663.370852,4663.911447,4663.793478,0,served
7370,4664.504608,4664.519204,4664.504608,3,served
7371,4664.510940,4665.285484,4664.510940,0,served
7372,4664.510940,4665.458989,4664.519204,3,served
7373,4664.810405,4667.701932,4664.901954,2,served
7374,4666.117598,4666.325978,4666.117598,3,served
7375,4666.968314,4667.178132,4666.968314,3,served
7376,4667.038297,4670.170953,4667.038297,0,served
7377,4667.038297,4669.791057,4667.038297,1,served
7378,4667.452327,4668.136758,4667.452327,3,served
7379,4667.452327,4670.985567,4667.701932,2,served
7380,4667.452327,4670.381777,4668.136758,3,served
7381,4667.452327,4674.228428,4669.791057,1,served
7382,4667.452327,4671.880843,4670.170953,0,served
7383,4667.452327,4670.466025,4670.381777,3,served
7384,4667.452327,4671.202711,4670.466025,3,served
7385,4667.452327,4672.577701,4670.985567,2,served
7386,4667.759297,4672.524588,4671.202711,3,served
7387,4667.759297,4672.070630,4671.880843,0,served
7388,4668.938487,4672.603527,4672.070630,0,served
7389,4671.999318,4672.524802,4672.524588,3,served
7390,4675.312762,4679.593160,4675.312762,3,served
7391,4675.708834,4675.812469,4675.708834,0,served
7392,4676.193445,4678.310672,4676.193445,0,served
7393,4681.030695,4681.426762,4681.030695,3,served
7394,4682.552196,4683.571273,4682.552196,3,served
7395,4682.985480,4684.051686,4682.985480,0,served
7396,4682.985480,4682.989906,4682.985480,1,served
7397,4682.985480,4684.783117,4682.985480,2,served
7398,4682.985480,4683.514353,4682.989906,1,served
7399,4682.985480,4687.412040,4683.514353,1,served
7400,4683.543969,4684.578134,4683.571273,3,served
7401,4683.920319,4685.659571,4684.051686,0,served
7402,4683.920319,4686.081757,4684.578134,3,served
7403,4683.920319,4686.582458,4684.783117,2,served
7404,4684.193265,4686.390475,4685.659571,0,served
7405,4684.237387,4686.770493,4686.081757,3,served
7406,4685.779649,4686.392540,4686.390475,0,served
7407,4685.779649,4686.607901,4686.392540,0,served
7408,4685.779649,4693.296000,4686.582458,2,served
7409,4685.779649,4688.777228,4686.607901,0,served
7410,4691.301518,4691.683472,4691.301518,3,served
7411,4691.301518,4696.241982,4691.301518,0,served
7412,4691.779702,4691.964515,4691.779702,3,served
7413,4692.181569,4692.775708,4692.181569,3,served
7414,4692.181569,4696.104228,4692.181569,1,served
7415,4694.061714,4694.827872,4694.061714,3,served
7416,4695.144987,4696.586483,4695.144987,3,served
7417,4696.268529,4697.193609,4696.268529,0,served
7418,4696.268529,4697.571245,4696.268529,1,served
7419,4696.268529,4701.329506,4696.268529,2,served
7420,4696.268529,4699.007293,4696.586483,3,served
7421,4697.310741,4697.311522,4697.310741,0,served
7422,4697.310741,4700.684107,4697.311522,0,served
7423,4697.310741,4702.104425,4697.571245,1,served
7424,4697.731646,4700.972376,4699.007293,3,served
7425,4697.731646,4701.317602,4700.684107,0,served
7426,4699.348350,4701.086119,4700.972376,3,served
7427,4700.559603,4701.142901,4701.086119,3,served
7428,4701.321413,4703.252938,4701.321413,3,served
7429,4701.833428,4703.211415,4701.833428,0,served
7430,4703.048323,4706.201845,4703.048323,1,served
7431,4703.048323,4711.906015,4703.048323,2,served
7432,4703.048323,4705.064736,4703.211415,0,served
7433,4703.048323,4705.409005,4703.252938,3,served
7434,4703.048323,4705.135848,4705.064736,0,served
7435,4703.089827,4705.636605,4705.135848,0,served
7436,4703.089827,4707.192017,4705.409005,3,served
7437,4703.089827,4706.500606,4705.636605,0,served
7438,4704.902992,4712.585022,4706.201845,1,served
7439,4705.005879,4708.705559,4706.500606,0,served
7440,4707.236641,4707.270759,4707.236641,3,served
7441,4707.236641,4707.451941,4707.270759,3,served
7442,4708.387464,4709.782025,4708.387464,3,served
7443,4708.387464,4709.791671,4708.705559,0,served
7444,4708.522463,4710.131083,4709.782025,3,served
7445,4708.522463,4710.574943,4709.791671,0,served
7446,4708.522463,4710.754953,4710.131083,3,served
7447,4709.952854,4717.163285,4710.574943,0,served
7448,4710.779764,4711.092960,4710.779764,3,served
7449,4712.867023,4716.367946,4712.867023,3,served
7450,4712.867023,4716.814756,4712.867023,1,served
7451,4714.180276,4714.428952,4714.180276,2,served
7452,4714.180276,4714.677608,4714.428952,2,served
7453,4714.308844,4714.684174,4714.677608,2,served
7454,4714.308844,4723.140282,4714.684174,2,served
7455,4715.615623,4717.863975,4716.367946,3,served
7456,4715.615623,4718.858740,4716.814756,1,served
7457,4715.615623,4717.275350,4717.163285,0,served
7458,4715.867567,4718.038737,4717.275350,0,served
7459,4716.961083,4718.100154,4717.863975,3,served
7460,4716.961083,4722.023564,4718.038737,0,served
7461,4717.474761,4719.119354,4718.100154,3,served
7462,4717.474761,4722.874140,4718.858740,1,served
7463,4718.403484,4720.865213,4719.119354,3,served
7464,4719.168615,4720.918453,4720.865213,3,served
7465,4719.949489,4721.807228,4720.918453,3,served
7466,4719.949489,4723.945283,4721.807228,3,served
7467,4721.137006,4728.293609,4722.023564,0,served
7468,4721.137006,4723.802526,4722.874140,1,served
7469,4721.137006,4725.837249,4723.140282,2,served
7470,4721.137006,4724.814298,4723.802526,1,served
7471,4721.137006,4726.819099,4723.945283,3,served
7472,4721.137006,4725.623979,4724.814298,1,served
7473,4721.319106,4726.137888,4725.623979,1,served
7474,4722.275388,4732.030629,4725.837249,2,served
7475,4722.275388,4732.154201,4726.137888,1,served
7476,4722.578715,4726.844344,4726.819099,3,served
7477,4722.637415,4727.263977,4726.844344,3,served
7478,4722.637415,4727.474487,4727.263977,3,served
7479,4724.058383,4732.160473,4727.474487,3,served
7480,4724.058383,4732.934829,4728.293609,0,served
7481,4724.282307,4733.734420,4732.030629,2,served
7482,4724.282307,4735.021364,4732.154201,1,served
7483,4724.302027,4733.643513,4732.160473,3,served
7484,4724.302027,4734.869265,4732.934829,0,served
7485,4724.389826,4734.393787,4733.643513,3,served
7486,4724.728781,4734.710045,4733.734420,2,served
7487,4724.728781,4734.858653,4734.393787,3,served
7488,4725.176586,4738.633529,4734.710045,2,served
7489,4725.619731,4735.915732,4734.858653,3,served
7490,4725.750776,4734.912732,4734.869265,0,served
7491,4725.805755,4735.000489,4734.912732,0,served
7492,4726.243982,4736.541554,4735.000489,0,served
7493,4726.305140,4736.391709,4735.021364,1,served
7494,4726.305140,4736.248720,4735.915732,3,served
7495,4728.147814,4738.811767,4736.248720,3,served
7496,4728.953265,4742.948911,4736.391709,1,served
7497,4728.953265,4736.786764,4736.541554,0,served
7498,4729.588965,4743.421740,4736.786764,0,served
7499,4729.688216,4744.760678,4738.633529,2,served
7500,4730.154860,4740.948747,4738.811767,3,served
7501,4730.154860,4742.477120,4740.948747,3,served
7502,4730.154860,4743.844752,4742.477120,3,served
7503,4730.154860,4743.035852,4742.948911,1,served
7504,4730.154860,4743.791124,4743.035852,1,served
7505,4731.003727,4744.567037,4743.421740,0,served
7506,4731.003727,4744.573780,4743.791124,1,served
7507,4731.003727,4745.474998,4743.844752,3,served
7508,4731.431749,4745.441701,4744.567037,0,served
7509,4731.789087,4746.487878,4744.573780,1,served
7510,4732.778870,4749.740549,4744.760678,2,served
7511,4732.778870,4746.700093,4745.441701,0,served
7512,4732.778870,4747.718753,4745.474998,3,served
7513,4732.778870,4751.070024,4746.487878,1,served
7514,4733.376879,4746.744839,4746.700093,0,served
7515,4733.980564,4747.634820,4746.744839,0,served
7516,4733.980564,4748.048072,4747.634820,0,served
7517,4736.146885,4748.013243,4747.718753,3,served
7518,4736.591626,4751.070999,4748.013243,3,served
7519,4736.591626,4750.644857,4748.048072,0,served
7520,4737.793878,4750.914802,4749.740549,2,served
7521,4738.454520,4754.405555,4750.644857,0,served
7522,4738.454520,4750.996812,4750.914802,2,served
7523,4738.454520,4754.860202,4750.996812,2,served
7524,4741.428827,4752.832705,4751.070024,1,served
7525,4741.558809,4752.198711,4751.070999,3,served
7526,4741.558809,4752.835561,4752.198711,3,served
7527,4741.558809,4752.939768,4752.832705,1,served
7528,4741.558809,4753.352240,4752.835561,3,served
7529,4743.336132,4754.832807,4752.939768,1,served
7530,4743.336132,4753.685307,4753.352240,3,served
7531,4744.670707,4754.607482,4753.685307,3,served
7532,4744.704452,4754.595802,4754.405555,0,served
7533,4744.704452,4755.150071,4754.595802,0,served
7534,4744.704452,4757.935330,4754.607482,3,served
7535,4744.847252,4755.619228,4754.832807,1,served
7536,4746.160192,4756.358537,4754.860202,2,served
7537,4746.160192,4755.443407,4755.150071,0,served
7538,4746.160192,4757.125638,4755.443407,0,served
7539,4747.379357,4756.111498,4755.619228,1,served
7540,4747.379357,4756.548937,4756.111498,1,served
7541,4747.379357,4759.590231,4756.358537,2,served
7542,4747.379357,4757.619816,4756.548937,1,served
7543,4747.379357,4759.601181,4757.125638,0,served
7544,4747.379357,4760.002570,4757.619816,1,served
7545,4747.379357,4760.537556,4757.935330,3,served
7546,4748.597798,4761.021865,4759.590231,2,served
7547,4750.979287,4759.631103,4759.601181,0,served
7548,4750.979287,4759.725563,4759.631103,0,served
7549,4751.281812,4761.869356,4759.725563,0,served
7550,4751.281812,4762.561402,4760.002570,1,served
7551,4751.281812,4762.112159,4760.537556,3,served
7552,4751.281812,4768.067379,4761.021865,2,served
7553,4751.281812,4765.576528,4761.869356,0,served
7554,4752.890373,4762.149860,4762.112159,3,served
7555,4752.890373,4762.229110,4762.149860,3,served
7556,4752.890373,4763.344518,4762.229110,3,served
7557,4752.890373,4766.846010,4762.561402,1,served
7558,4753.064720,4764.332436,4763.344518,3,served
7559,4753.064720,4765.959738,4764.332436,3,served
7560,4753.434282,4766.050901,4765.576528,0,served
7561,4755.209315,4766.507913,4765.959738,3,served
7562,4755.209315,4767.948045,4766.050901,0,served
7563,4755.209315,4766.755632,4766.507913,3,served
7564,4757.575648,4768.758322,4766.755632,3,served
7565,4757.575648,4769.511286,4766.846010,1,served
7566,4757.575648,4770.056487,4767.948045,0,served
7567,4757.575648,4772.553494,4768.067379,2,served
7568,4759.602801,4768.995785,4768.758322,3,served
7569,4759.763542,4769.062997,4768.995785,3,served
7570,4760.238702,4769.803073,4769.062997,3,served
7571,4760.238702,4769.720789,4769.511286,1,served
7572,4760.400673,4770.837625,4769.720789,1,served
7573,4760.819075,4769.820273,4769.803073,3,served
7574,4760.966514,4771.069700,4769.820273,3,served
7575,4760.966514,4771.333751,4770.056487,0,served
7576,4765.934090,4772.526472,4770.837625,1,served
7577,4765.934090,4771.560856,4771.069700,3,served
7578,4765.934090,4774.577831,4771.333751,0,served
7579,4765.934090,4772.151896,4771.560856,3,served
7580,4765.934090,4772.589885,4772.151896,3,served
7581,4765.934090,4774.229918,4772.526472,1,served
7582,4765.934090,4773.213700,4772.553494,2,served
7583,4766.400120,4778.236996,4772.589885,3,served
7584,4766.400120,4774.891152,4773.213700,2,served
7585,4766.400120,4776.392938,4774.229918,1,served
7586,4766.400120,4783.497941,4774.577831,0,served
7587,4766.400120,4778.283848,4774.891152,2,served
7588,4766.400120,4776.970662,4776.392938,1,served
7589,4766.699527,4781.966658,4776.970662,1,served
7590,4766.699527,4778.775327,4778.236996,3,served
7591,4766.699527,4780.752057,4778.283848,2,served
7592,4766.699527,4780.721958,4778.775327,3,served
7593,4766.699527,4783.052502,4780.721958,3,served
7594,4766.846784,4785.099667,4780.752057,2,served
7595,4766.846784,4784.979376,4781.966658,1,served
7596,4767.073915,4787.080499,4783.052502,3,served
7597,4768.194893,4785.489051,4783.497941,0,served
7598,4770.103439,4789.454820,4784.979376,1,served
7599,4770.103439,4785.625133,4785.099667,2,served
7600,4771.992445,4785.497574,4785.489051,0,served
7601,4772.805577,4785.793925,4785.497574,0,served
7602,4773.216217,4787.228411,4785.625133,2,served
7603,4773.579701,4787.555197,4785.793925,0,served
7604,4773.579701,4788.472399,4787.080499,3,served
7605,4773.579701,4789.513483,4787.228411,2,served
7606,4774.329768,4787.859751,4787.555197,0,served
7607,4774.329768,4790.296567,4787.859751,0,served
7608,4774.329768,4790.517570,4788.472399,3,served
7609,4774.329768,4798.338786,4789.454820,1,served
7610,4775.774990,4789.847879,4789.513483,2,served
7611,4775.774990,4790.278909,4789.847879,2,served
7612,4775.774990,4796.139559,4790.278909,2,served
7613,4779.533915,4790.379479,4790.296567,0,served
7614,4779.533915,4790.821127,4790.379479,0,served
7615,4779.533915,4790.973275,4790.517570,3,served
7616,4779.533915,4793.052194,4790.821127,0,served
7617,4779.545718,4791.710131,4790.973275,3,served
7618,4779.545718,4791.719179,4791.710131,3,served
7619,4779.856109,4794.327515,4791.719179,3,served
7620,4779.856109,4796.323982,4793.052194,0,served
7621,4781.064035,4794.424637,4794.327515,3,served
7622,4781.064035,4794.623533,4794.424637,3,served
7623,4781.064035,4794.623741,4794.623533,3,served
7624,4781.064035,4795.099507,4794.623741,3,served
7625,4782.736877,4795.956361,4795.099507,3,served
7626,4782.736877,4797.941860,4795.956361,3,served
7627,4782.736877,4800.642052,4796.139559,2,served
7628,4782.736877,4796.767042,4796.323982,0,served
7629,4782.782818,4797.672095,4796.767042,0,served
7630,4782.782818,4797.686757,4797.672095,0,served
7631,4783.211480,4797.945692,4797.686757,0,served
7632,4783.809135,4798.411139,4797.941860,3,served
7633,4783.809135,4798.135778,4797.945692,0,served
7634,4787.805282,4798.339039,4798.135778,0,served
7635,4787.805282,4802.370553,4798.338786,1,served
7636,4787.805282,4799.143906,4798.339039,0,served
7637,4787.805282,4799.163366,4798.411139,3,served
7638,4787.910729,4799.233147,4799.143906,0,served
7639,4787.910729,4799.477079,4799.163366,3,served
7640,4787.910729,4799.355646,4799.233147,0,served
7641,4788.616399,4800.179328,4799.355646,0,served
7642,4789.532686,4799.745138,4799.477079,3,served
7643,4789.764942,4800.502106,4799.745138,3,served
7644,4792.347554,4800.952059,4800.179328,0,served
7645,4792.347554,4800.734086,4800.502106,3,served
7646,4793.538230,4804.147866,4800.642052,2,served
7647,4793.538230,4801.830050,4800.734086,3,served
7648,4793.538230,4801.673464,4800.952059,0,served
7649,4793.538230,4802.063804,4801.673464,0,served
7650,4794.001730,4801.901954,4801.830050,3,served
7651,4795.542114,4803.962207,4801.901954,3,served
7652,4798.780998,4803.052513,4802.063804,0,served
7653,4802.369949,4803.303439,4802.370553,1,served
7654,4802.369949,4803.999212,4803.052513,0,served
7655,4802.421600,4803.446205,4803.303439,1,served
7656,4808.023301,4808.171508,4808.023301,3,served
7657,4812.038242,4813.823159,4812.038242,3,served
7658,4812.038242,4814.486527,4812.038242,0,served
7659,4812.084862,4812.279565,4812.084862,1,served
7660,4812.084862,4815.206123,4812.084862,2,served
7661,4812.084862,4819.686632,4812.279565,1,served
7662,4813.758475,4814.413350,4813.823159,3,served
7663,4813.758475,4815.054172,4814.413350,3,served
7664,4813.758475,4815.578463,4814.486527,0,served
7665,4816.554550,4816.776520,4816.554550,3,served
7666,4817.243137,4818.470904,4817.243137,3,served
7667,4817.243137,4817.988046,4817.243137,0,served
7668,4817.337685,4817.716578,4817.337685,2,served
7669,4817.337685,4822.603964,4817.716578,2,served
7670,4817.337685,4818.078375,4817.988046,0,served
7671,4817.337685,4818.147927,4818.078375,0,served
7672,4819.294300,4819.821139,4819.294300,3,served
7673,4821.012814,4821.659293,4821.012814,3,served
7674,4821.012814,4822.876317,4821.012814,0,served
7675,4821.012814,4822.294662,4821.012814,1,served
7676,4821.012814,4822.790513,4821.659293,3,served
7677,4821.012814,4823.030396,4822.294662,1,served
7678,4821.668160,4825.936294,4822.603964,2,served
7679,4821.929366,4823.262800,4822.790513,3,served
7680,4824.091453,4824.578043,4824.091453,3,served
7681,4825.563561,4825.566578,4825.563561,3,served
7682,4825.563561,4826.623063,4825.563561,0,served
7683,4827.237233,4827.610292,4827.237233,3,served
7684,4827.237233,4827.620902,4827.237233,0,served
7685,4827.415597,4828.393543,4827.415597,1,served
7686,4828.677417,4830.078955,4828.677417,3,served
7687,4830.832370,4831.819916,4830.832370,3,served
7688,4830.832370,4831.093803,4830.832370,0,served
7689,4830.832370,4830.988775,4830.832370,1,served
7690,4830.832370,4831.870413,4830.832370,2,served
7691,4831.601907,4832.790992,4831.601907,0,served
7692,4831.601907,4835.995332,4831.601907,1,served
7693,4831.601907,4832.203217,4831.819916,3,served
7694,4831.601907,4832.131703,4831.870413,2,served
7695,4831.601907,4832.588527,4832.131703,2,served
7696,4831.601907,4833.130749,4832.203217,3,served
7697,4831.601907,4839.287381,4832.588527,2,served
7698,4831.868894,4833.510389,4832.790992,0,served
7699,4831.868894,4834.245767,4833.130749,3,served
7700,4831.868894,4834.402151,4833.510389,0,served
7701,4831.868894,4837.546930,4834.245767,3,served
7702,4831.954509,4835.697039,4834.402151,0,served
7703,4831.954509,4836.225587,4835.697039,0,served
7704,4832.474952,4837.813373,4835.995332,1,served
7705,4833.091344,4836.600692,4836.225587,0,served
7706,4833.091344,4839.824173,4836.600692,0,served
7707,4834.221570,4837.862769,4837.546930,3,served
7708,4834.334165,4838.791796,4837.813373,1,served
7709,4835.449154,4838.003947,4837.862769,3,served
7710,4835.449154,4840.127925,4838.003947,3,served
7711,4835.449154,4844.237081,4838.791796,1,served
7712,4836.770148,4840.152223,4839.287381,2,served
7713,4838.159045,4845.361762,4839.824173,0,served
7714,4838.159045,4840.478445,4840.127925,3,served
7715,4838.159045,4850.367096,4840.152223,2,served
7716,4838.737162,4842.536393,4840.478445,3,served
7717,4838.737162,4842.558971,4842.536393,3,served
7718,4838.737162,4842.795897,4842.558971,3,served
7719,4844.653482,4844.688337,4844.653482,3,served
7720,4844.653482,4848.057387,4844.653482,1,served
7721,4844.653482,4847.657970,4844.688337,3,served
7722,4844.653482,4847.101331,4845.361762,0,served
7723,4845.812032,4847.818728,4847.101331,0,served
7724,4848.649736,4848.963713,4848.649736,3,served
7725,4849.410674,4849.619176,4849.410674,3,served
7726,4849.410674,4849.659009,4849.410674,0,served
7727,4849.410674,4852.586368,4849.410674,1,served
7728,4849.410674,4849.823330,4849.619176,3,served
7729,4849.410674,4853.561548,4849.659009,0,served
7730,4849.410674,4850.849166,4849.823330,3,served
7731,4849.975488,4850.985700,4850.367096,2,served
7732,4849.975488,4851.803739,4850.849166,3,served
7733,4850.475296,4852.723499,4850.985700,2,served
7734,4851.029683,4853.474747,4851.803739,3,served
7735,4851.029683,4852.800476,4852.586368,1,served
7736,4851.029683,4854.810546,4852.723499,2,served
7737,4851.029683,4857.942063,4852.800476,1,served
7738,4851.029683,4853.487095,4853.474747,3,served
7739,4853.602052,4853.797927,4853.602052,3,served
7740,4853.602052,4855.335674,4853.602052,0,served
7741,4853.602052,4854.543970,4853.797927,3,served
7742,4854.849233,4854.993989,4854.849233,3,served
7743,4854.849233,4855.177933,4854.849233,2,served
7744,4854.849233,4855.126497,4854.993989,3,served
7745,4854.849233,4856.141412,4855.126497,3,served
7746,4855.780561,4855.914304,4855.780561,0,served
7747,4855.780561,4856.988348,4855.780561,2,served
7748,4855.890429,4856.169042,4855.914304,0,served
7749,4856.419684,4857.041977,4856.419684,3,served
7750,4856.419684,4858.081540,4856.419684,0,served
7751,4856.574470,4857.001550,4856.988348,2,served
7752,4856.574470,4858.354027,4857.001550,2,served
7753,4856.574470,4857.601812,4857.041977,3,served
7754,4856.574470,4857.841392,4857.601812,3,served
7755,4856.574470,4860.029615,4857.841392,3,served
7756,4859.433711,4860.116488,4859.433711,0,served
7757,4859.502795,4861.325711,4859.502795,1,served
7758,4859.502795,4875.747891,4859.502795,2,served
7759,4860.148199,4862.360291,4860.148199,3,served
7760,4860.148199,4861.005674,4860.148199,0,served
7761,4863.084188,4863.903152,4863.084188,3,served
7762,4864.458483,4865.013207,4864.458483,3,served
7763,4864.458483,4865.807464,4864.458483,0,served
7764,4865.122764,4866.443546,4865.122764,3,served
7765,4875.589583,4876.132508,4875.589583,3,served
7766,4875.589583,4878.475481,4875.589583,0,served
7767,4877.549221,4879.309962,4877.549221,3,served
7768,4877.549221,4880.838066,4877.549221,1,served
7769,4878.531865,4878.852958,4878.531865,0,served
7770,4885.666046,4886.683867,4885.666046,3,served
7771,4887.120086,4887.886858,4887.120086,3,served
7772,4887.126449,4887.486383,4887.126449,0,served
7773,4887.126449,4888.520111,4887.126449,1,served
7774,4887.126449,4887.644196,4887.126449,2,served
7775,4887.126449,4888.928118,4887.486383,0,served
7776,4887.126449,4891.262435,4887.644196,2,served
7777,4887.126449,4888.949308,4887.886858,3,served
7778,4887.126449,4889.480782,4888.520111,1,served
7779,4887.363856,4891.207064,4888.928118,0,served
7780,4887.932419,4889.846072,4888.949308,3,served
7781,4887.932419,4890.284268,4889.480782,1,served
7782,4887.932419,4891.548902,4889.846072,3,served
7783,4889.694855,4891.852496,4890.284268,1,served
7784,4890.121390,4892.053513,4891.207064,0,served
7785,4890.747432,4894.006991,4891.262435,2,served
7786,4890.747432,4893.439955,4891.548902,3,served
7787,4890.747432,4900.708557,4891.852496,1,served
7788,4891.257735,4893.570923,4892.053513,0,served
7789,4892.429926,4894.887733,4893.439955,3,served
7790,4892.992464,4894.848681,4893.570923,0,served
7791,4892.992464,4897.744604,4894.006991,2,served
7792,4892.992464,4896.696361,4894.848681,0,served
7793,4895.808572,4896.933117,4895.808572,3,served
7794,4895.808572,4898.404055,4896.696361,0,served
7795,4895.985243,4897.792548,4896.933117,3,served
7796,4896.237424,4898.164187,4897.744604,2,served
7797,4896.237424,4898.727279,4897.792548,3,served
7798,4896.237424,4905.317396,4898.164187,2,served
7799,4896.237424,4901.739883,4898.404055,0,served
7800,4896.237424,4899.407426,4898.727279,3,served
7801,4898.419801,4899.492238,4899.407426,3,served
7802,4898.419801,4899.537230,4899.492238,3,served
7803,4900.978433,4901.160534,4900.978433,3,served
7804,4900.978433,4901.639709,4900.978433,1,served
7805,4900.978433,4901.951499,4901.160534,3,served
7806,4900.978433,4904.721475,4901.639709,1,served
7807,4901.991938,4902.940042,4901.991938,3,served
7808,4901.991938,4902.311222,4901.991938,0,served
7809,4903.482298,4903.525475,4903.482298,3,served
7810,4903.845509,4906.805318,4903.845509,3,served
7811,4904.399491,4904.685732,4904.399491,0,served
7812,4904.727649,4905.544709,4904.727649,0,served
7813,4904.727649,4905.204185,4904.727649,1,served
7814,4904.811401,4919.859942,4905.204185,1,served
7815,4904.811401,4907.188793,4905.317396,2,served
7816,4905.623490,4905.738141,4905.623490,0,served
7817,4905.623490,4909.094413,4905.738141,0,served
7818,4905.623490,4907.748679,4906.805318,3,served
7819,4905.623490,4912.537769,4907.188793,2,served
7820,4906.004880,4908.629079,4907.748679,3,served
7821,4906.004880,4909.824346,4908.629079,3,served
7822,4906.243511,4909.234470,4909.094413,0,served
7823,4907.274653,4909.366125,4909.234470,0,served
7824,4907.274653,4910.267748,4909.366125,0,served
7825,4907.274653,4910.963552,4909.824346,3,served
7826,4907.451240,4910.870867,4910.267748,0,served
7827,4907.451240,4911.151129,4910.870867,0,served
7828,4907.608112,4912.835092,4910.963552,3,served
7829,4909.076857,4911.589587,4911.151129,0,served
7830,4911.654313,4912.592741,4911.654313,0,served
7831,4913.278791,4913.403856,4913.278791,3,served
7832,4913.278791,4915.643005,4913.278791,0,served
7833,4913.278791,4913.988471,4913.278791,2,served
7834,4918.909750,4919.763050,4918.909750,3,served
7835,4918.909750,4924.668446,4918.909750,0,served
7836,4918.909750,4920.606435,4918.909750,2,served
7837,4919.423433,4920.038674,4919.763050,3,served
7838,4919.553393,4920.395687,4919.859942,1,served
7839,4922.240192,4922.250277,4922.240192,3,served
7840,4922.240192,4925.412075,4922.240192,1,served
7841,4922.240192,4924.764856,4922.240192,2,served
7842,4924.270968,4927.449868,4924.270968,3,served
7843,4924.935427,4928.387742,4924.935427,0,served
7844,4924.935427,4931.330436,4924.935427,2,served
7845,4924.935427,4926.886006,4925.412075,1,served
7846,4924.935427,4929.042324,4926.886006,1,served
7847,4924.935427,4928.805082,4927.449868,3,served
7848,4925.287040,4929.503515,4928.387742,0,served
7849,4926.231166,4929.580409,4928.805082,3,served
7850,4926.231166,4929.279228,4929.042324,1,served
7851,4926.231166,4929.371899,4929.279228,1,served
7852,4926.383092,4934.396593,4929.371899,1,served
7853,4926.383092,4930.888488,4929.503515,0,served
7854,4929.070312,4934.043533,4929.580409,3,served
7855,4929.070312,4931.400915,4930.888488,0,served
7856,4929.734029,4931.613208,4931.330436,2,served
7857,4929.734029,4932.892117,4931.400915,0,served
7858,4929.734029,4941.767591,4931.613208,2,served
7859,4930.247166,4934.787961,4932.892117,0,served
7860,4933.673658,4934.657457,4934.043533,3,served
7861,4933.673658,4936.004631,4934.396593,1,served
7862,4933.815282,4934.997486,4934.657457,3,served
7863,4934.370741,4935.863974,4934.787961,0,served
7864,4934.842969,4935.155571,4934.997486,3,served
7865,4935.041177,4935.698844,4935.155571,3,served
7866,4936.984213,4938.830159,4936.984213,3,served
7867,4938.079602,4938.585891,4938.079602,0,served
7868,4938.079602,4938.683780,4938.079602,1,served
7869,4938.857282,4939.073225,4938.857282,3,served
7870,4938.857282,4940.881321,4938.857282,0,served
7871,4939.383110,4940.000132,4939.383110,3,served
7872,4939.908758,4940.136254,4939.908758,1,served
7873,4940.450614,4941.938850,4940.450614,3,served
7874,4940.794245,4941.463024,4940.794245,1,served
7875,4941.032817,4941.207039,4941.032817,0,served
7876,4941.498306,4942.504699,4941.498306,0,served
7877,4944.041702,4945.860360,4944.041702,3,served
7878,4944.041702,4945.199750,4944.041702,0,served
7879,4944.041702,4954.503249,4944.041702,1,served
7880,4946.628272,4947.923778,4946.628272,3,served
7881,4946.628272,4948.525163,4946.628272,0,served
7882,4946.628272,4950.036268,4946.628272,2,served
7883,4946.930606,4949.095375,4947.923778,3,served
7884,4946.930606,4948.853600,4948.525163,0,served
7885,4946.930606,4949.269159,4948.853600,0,served
7886,4947.769074,4952.266951,4949.095375,3,served
7887,4949.378246,4950.709906,4949.378246,0,served
7888,4949.502295,4950.588778,4950.036268,2,served
7889,4949.502295,4957.174544,4950.588778,2,served
7890,4949.502295,4951.059618,4950.709906,0,served
7891,4949.717243,4953.895370,4951.059618,0,served
7892,4951.707943,4953.223794,4952.266951,3,served
7893,4951.707943,4953.619141,4953.223794,3,served
7894,4952.630296,4953.850851,4953.619141,3,served
7895,4952.733333,4954.013749,4953.850851,3,served
7896,4954.520305,4955.161245,4954.520305,3,served
7897,4956.806928,4957.088653,4956.806928,3,served
7898,4956.806928,4957.023085,4956.806928,0,served
7899,4956.806928,4957.953956,4956.806928,1,served
7900,4957.862325,4958.019001,4957.862325,3,served
7901,4957.862325,4959.275263,4957.862325,0,served
7902,4958.028118,4960.951246,4958.028118,3,served
7903,4958.028118,4965.551932,4958.028118,1,served
7904,4960.360893,4961.230658,4960.360893,0,served
7905,4961.274910,4961.497738,4961.274910,3,served
7906,4961.820809,4962.508599,4961.820809,3,served
7907,4961.820809,4962.804412,4961.820809,0,served
7908,4963.660109,4964.246439,4963.660109,3,served
7909,4963.660109,4963.940164,4963.660109,0,served
7910,4965.493340,4966.480347,4965.493340,3,served
7911,4965.493340,4966.229332,4965.493340,0,served
7912,4965.493340,4974.421881,4965.493340,2,served
7913,4965.493340,4966.798565,4965.551932,1,served
7914,4965.493340,4967.688455,4966.229332,0,served
7915,4965.933718,4966.754763,4966.480347,3,served
7916,4968.864672,4969.622854,4968.864672,3,served
7917,4970.857210,4971.553354,4970.857210,3,served
7918,4970.857210,4971.568373,4970.857210,0,served
7919,4970.857210,4975.935125,4970.857210,1,served
7920,4971.655541,4971.678226,4971.655541,3,served
7921,4971.655541,4972.161397,4971.655541,0,served
7922,4972.481727,4973.199969,4972.481727,3,served
7923,4972.481727,4972.551402,4972.481727,0,served
7924,4972.481727,4972.732832,4972.551402,0,served
7925,4972.481727,4974.269184,4972.732832,0,served
7926,4972.481727,4980.107977,4973.199969,3,served
7927,4972.481727,4975.419918,4974.269184,0,served
7928,4972.481727,4980.504810,4974.421881,2,served
7929,4972.481727,4975.561368,4975.419918,0,served
7930,4972.481727,4975.629272,4975.561368,0,served
7931,4972.907890,4975.685128,4975.629272,0,served
7932,4972.907890,4979.929352,4975.685128,0,served
7933,4972.907890,4978.872749,4975.935125,1,served
7934,4973.218855,4982.162786,4978.872749,1,served
7935,4975.533582,4980.649630,4979.929352,0,served
7936,4977.271486,4981.245148,4980.107977,3,served
7937,4977.271486,4981.187170,4980.504810,2,served
7938,4977.271486,4980.751880,4980.649630,0,served
7939,4977.271486,4981.383201,4980.751880,0,served
7940,4977.271486,4981.445090,4981.187170,2,served
7941,4977.460430,4981.743769,4981.245148,3,served
7942,4977.460430,4984.637674,4981.383201,0,served
7943,4977.904704,4983.813275,4981.445090,2,served
7944,4979.515572,4982.655681,4981.743769,3,served
7945,4979.515572,4983.042537,4982.162786,1,served
7946,4979.944929,4983.654331,4982.655681,3,served
7947,4979.944929,4984.379124,4983.042537,1,served
7948,4979.944929,4984.849471,4983.654331,3,served
7949,4980.385199,4984.672227,4983.813275,2,served
7950,4980.385199,4985.617227,4984.379124,1,served
7951,4980.385199,4985.041806,4984.637674,0,served
7952,4980.385199,4986.201446,4984.672227,2,served
7953,4982.151502,4986.076736,4984.849471,3,served
7954,4985.265011,4986.058444,4985.265011,0,served
7955,4987.710929,4987.789827,4987.710929,3,served
7956,4987.710929,4989.095644,4987.710929,0,served
7957,4989.828327,4991.694371,4989.828327,3,served
7958,4990.004133,4990.236142,4990.004133,0,served
7959,4990.004133,4990.548080,4990.004133,1,served
7960,4990.004133,4991.247932,4990.004133,2,served
7961,4991.209418,4991.304425,4991.209418,0,served
7962,4993.068803,4994.853756,4993.068803,3,served
7963,4993.127093,4993.703360,4993.127093,0,served
7964,4995.023480,4996.067503,4995.023480,3,served
7965,4995.023480,4997.633453,4995.023480,0,served
7966,4995.023480,4995.267833,4995.023480,1,served
7967,4995.023480,4996.065166,4995.023480,2,served
7968,4995.023480,4999.123431,4995.267833,1,served
7969,4995.023480,4998.449915,4996.065166,2,served
7970,4995.987625,4996.909495,4996.067503,3,served
7971,4995.987625,4998.033849,4996.909495,3,served
7972,4997.296940,4997.854060,4997.633453,0,served
7973,4997.909085,4998.307988,4997.909085,0,served
7974,4997.909085,4998.890443,4998.033849,3,served
7975,5000.702860,5000.707316,5000.702860,3,served
7976,5002.369717,5002.978896,5002.369717,3,served
7977,5002.369717,5003.474712,5002.369717,0,served
7978,5002.369717,5008.265246,5002.369717,1,served
7979,5002.369717,5003.510184,5002.369717,2,served
7980,5002.369717,5006.221434,5002.978896,3,served
7981,5002.369717,5003.933795,5003.474712,0,served
7982,5005.334758,5005.501516,5005.334758,0,served
7983,5005.334758,5005.498264,5005.334758,2,served
7984,5007.101969,5007.832745,5007.101969,3,served
7985,5009.027041,5010.858329,5009.027041,3,served
7986,5009.027041,5009.387636,5009.027041,0,served
7987,5009.391980,5010.239898,5009.391980,0,served
7988,5009.391980,5011.108854,5009.391980,1,served
7989,5009.391980,5009.499974,5009.391980,2,served
7990,5009.391980,5010.309811,5009.499974,2,served
7991,5011.240739,5011.355400,5011.240739,3,served
7992,5011.595270,5012.582989,5011.595270,3,served
7993,5011.935933,5012.183978,5011.935933,0,served
7994,5011.935933,5013.776242,5011.935933,1,served
7995,5011.935933,5013.137542,5011.935933,2,served
7996,5011.975297,5013.253264,5012.183978,0,served
7997,5012.697744,5013.260368,5012.697744,3,served
7998,5014.059290,5015.301737,5014.059290,3,served
7999,5014.215967,5016.398661,5014.215967,0,served
8000,5014.215967,5022.364950,5014.215967,1,served
8001,5014.215967,5017.408235,5014.215967,2,served
8002,5014.596028,5015.582814,5015.301737,3,served
8003,5015.872258,5016.047878,5015.872258,3,served
8004,5015.872258,5016.076856,5016.047878,3,served
8005,5016.002961,5017.237373,5016.076856,3,served
8006,5016.395347,5017.186843,5016.398661,0,served
8007,5016.395347,5019.684702,5017.186843,0,served
8008,5016.395347,5017.906194,5017.237373,3,served
8009,5016.395347,5017.996819,5017.408235,2,served
8010,5016.508681,5018.085192,5017.906194,3,served
8011,5016.508681,5018.211768,5017.996819,2,served
8012,5021.995181,5022.318710,5021.995181,3,served
8013,5021.995181,5022.269591,5021.995181,0,served
8014,5021.995181,5022.226059,5021.995181,2,served
8015,5021.995181,5026.840958,5022.226059,2,served
8016,5021.995181,5022.685606,5022.269591,0,served
8017,5021.995181,5023.589482,5022.318710,3,served
8018,5022.157214,5025.071479,5022.364950,1,served
8019,5022.157214,5023.466376,5022.685606,0,served
8020,5022.157214,5023.540240,5023.466376,0,served
8021,5023.324108,5028.768621,5023.540240,0,served
8022,5026.017687,5026.968163,5026.017687,3,served
8023,5026.017687,5026.695543,5026.017687,1,served
8024,5026.017687,5026.988145,5026.695543,1,served
8025,5026.017687,5027.121423,5026.840958,2,served
8026,5026.017687,5027.111482,5026.968163,3,served
8027,5026.017687,5029.911662,5026.988145,1,served
8028,5026.017687,5027.233505,5027.111482,3,served
8029,5027.417814,5027.565554,5027.417814,3,served
8030,5027.472303,5029.675751,5027.472303,2,served
8031,5028.593701,5028.945978,5028.593701,3,served
8032,5029.343869,5029.872031,5029.343869,3,served
8033,5031.705672,5031.769406,5031.705672,3,served
8034,5032.561293,5033.113936,5032.561293,3,served
8035,5032.561293,5032.606931,5032.561293,0,served
8036,5034.992717,5036.347200,5034.992717,3,served
8037,5034.992717,5035.603571,5034.992717,0,served
8038,5034.992717,5038.502184,5034.992717,1,served
8039,5034.992717,5041.124900,5034.992717,2,served
8040,5035.261022,5035.665581,5035.603571,0,served
8041,5036.879108,5037.756281,5036.879108,3,served
8042,5037.022311,5038.555408,5037.022311,0,served
8043,5037.022311,5038.155305,5037.756281,3,served
8044,5037.821293,5040.410160,5038.155305,3,served
8045,5037.821293,5040.156015,5038.502184,1,served
8046,5037.821293,5038.804283,5038.555408,0,served
8047,5037.821293,5043.475138,5038.804283,0,served
8048,5037.821293,5042.202376,5040.156015,1,served
8049,5037.821293,5040.595452,5040.410160,3,served
8050,5037.821293,5041.507787,5040.595452,3,served
8051,5037.821293,5041.677304,5041.124900,2,served
8052,5038.340998,5041.783225,5041.507787,3,served
8053,5038.340998,5052.741537,5041.677304,2,served
8054,5038.444969,5043.238775,5041.783225,3,served
8055,5038.731280,5044.027287,5042.202376,1,served
8056,5040.037031,5043.749488,5043.238775,3,served
8057,5040.037031,5044.227157,5043.475138,0,served
8058,5040.037031,5044.060811,5043.749488,3,served
8059,5041.688297,5047.051547,5044.027287,1,served
8060,5041.688297,5044.957725,5044.060811,3,served
8061,5041.688297,5046.308791,5044.227157,0,served
8062,5043.678421,5045.376367,5044.957725,3,served
8063,5043.678421,5046.488832,5045.376367,3,served
8064,5043.678421,5046.608821,5046.308791,0,served
8065,5043.678421,5048.863672,5046.488832,3,served
8066,5043.678421,5046.649626,5046.608821,0,served
8067,5043.678421,5046.780893,5046.649626,0,served
8068,5043.678421,5048.131782,5046.780893,0,served
8069,5044.612389,5050.087511,5047.051547,1,served
8070,5044.612389,5049.840705,5048.131782,0,served
8071,5044.962949,5049.078089,5048.863672,3,served
8072,5046.181090,5049.799511,5049.078089,3,served
8073,5048.917946,5050.636169,5049.799511,3,served
8074,5048.917946,5049.856522,5049.840705,0,served
8075,5049.046208,5052.252919,5049.856522,0,served
8076,5049.046208,5050.691534,5050.087511,1,served
8077,5051.329171,5051.452051,5051.329171,3,served
8078,5051.346197,5055.102433,5051.346197,1,served
8079,5051.346197,5051.716765,5051.452051,3,served
8080,5051.346197,5052.320851,5051.716765,3,served
8081,5051.697397,5053.441805,5052.252919,0,served
8082,5051.697397,5054.071235,5052.320851,3,served
8083,5051.697397,5055.431217,5052.741537,2,served
8084,5054.103505,5054.532768,5054.103505,3,served
8085,5055.270412,5055.631266,5055.270412,3,served
8086,5055.270412,5055.593136,5055.270412,0,served
8087,5055.270412,5058.949038,5055.270412,1,served
8088,5055.270412,5057.444128,5055.431217,2,served
8089,5055.975892,5057.528292,5055.975892,3,served
8090,5058.961529,5059.553710,5058.961529,3,served
8091,5059.652194,5059.713948,5059.652194,3,served
8092,5059.652194,5061.837827,5059.652194,0,served
8093,5060.082743,5060.138946,5060.082743,3,served
8094,5060.218475,5060.233253,5060.218475,3,served
8095,5060.218475,5064.463482,5060.218475,1,served
8096,5060.804980,5062.095118,5060.804980,3,served
8097,5060.804980,5062.624422,5060.804980,2,served
8098,5060.804980,5062.270613,5061.837827,0,served
8099,5061.491578,5062.411007,5062.095118,3,served
8100,5061.491578,5062.504758,5062.270613,0,served
8101,5063.087706,5064.409604,5063.087706,3,served
8102,5063.827033,5065.434733,5063.827033,0,served
8103,5064.048402,5076.587429,5064.048402,2,served
8104,5064.048402,5065.494268,5064.409604,3,served
8105,5066.669791,5068.036644,5066.669791,3,served
8106,5067.141934,5067.144862,5067.141934,0,served
8107,5067.234896,5067.350371,5067.234896,0,served
8108,5067.234896,5068.977410,5067.234896,1,served
8109,5067.234896,5068.324107,5067.350371,0,served
8110,5067.234896,5069.655178,5068.036644,3,served
8111,5067.234896,5071.955629,5068.324107,0,served
8112,5068.753694,5069.301889,5068.977410,1,served
8113,5069.966854,5071.338367,5069.966854,3,served
8114,5070.610083,5071.247539,5070.610083,1,served
8115,5070.733563,5074.153141,5071.247539,1,served
8116,5070.733563,5071.845735,5071.338367,3,served
8117,5070.733563,5072.776832,5071.845735,3,served
8118,5070.733563,5073.234566,5071.955629,0,served
8119,5070.733563,5074.140058,5072.776832,3,served
8120,5071.044254,5073.572506,5073.234566,0,served
8121,5071.406422,5073.855192,5073.572506,0,served
8122,5071.406422,5076.889098,5073.855192,0,served
8123,5071.406422,5074.537964,5074.140058,3,served
8124,5071.406422,5076.180670,5074.153141,1,served
8125,5071.406422,5076.007981,5074.537964,3,served
8126,5073.127156,5076.803918,5076.007981,3,served
8127,5073.748378,5080.367382,5076.180670,1,served
8128,5073.748378,5076.701579,5076.587429,2,served
8129,5073.748378,5077.034398,5076.701579,2,served
8130,5073.748378,5079.666857,5076.803918,3,served
8131,5075.911605,5078.363525,5076.889098,0,served
8132,5075.911605,5078.419928,5077.034398,2,served
8133,5075.911605,5081.021434,5078.363525,0,served
8134,5075.911605,5079.677100,5078.419928,2,served
8135,5075.911605,5080.448444,5079.666857,3,served
8136,5076.021522,5080.665184,5079.677100,2,served
8137,5076.021522,5083.260104,5080.367382,1,served
8138,5076.021522,5080.517805,5080.448444,3,served
8139,5076.021522,5081.073293,5080.517805,3,served
8140,5080.685722,5081.906483,5080.685722,2,served
8141,5082.676578,5082.813676,5082.676578,3,served
8142,5082.676578,5083.863065,5082.676578,0,served
8143,5082.676578,5085.520356,5082.676578,2,served
8144,5083.985407,5084.232914,5083.985407,3,served
8145,5084.740618,5084.859387,5084.740618,3,served
8146,5084.740618,5088.842453,5084.740618,0,served
8147,5088.826177,5088.994868,5088.826177,3,served
8148,5088.826177,5091.547954,5088.826177,1,served
8149,5088.826177,5099.568089,5088.826177,2,served
8150,5091.769983,5092.945405,5091.769983,3,served
8151,5091.769983,5093.728483,5091.769983,0,served
8152,5092.095740,5092.614568,5092.095740,1,served
8153,5092.095740,5092.648621,5092.614568,1,served
8154,5092.095740,5093.117381,5092.648621,1,served
8155,5095.136838,5095.476828,5095.136838,3,served
8156,5095.136838,5098.607429,5095.136838,0,served
8157,5097.655431,5098.099452,5097.655431,3,served
8158,5097.655431,5099.162501,5097.655431,1,served
8159,5098.067012,5098.836122,5098.099452,3,served
8160,5098.067012,5098.662069,5098.607429,0,served
8161,5098.084238,5099.165783,5098.662069,0,served
8162,5100.372936,5101.291405,5100.372936,3,served
8163,5100.713925,5102.888799,5100.713925,0,served
8164,5100.713925,5108.921055,5100.713925,1,served
8165,5101.522266,5102.561219,5101.522266,3,served
8166,5101.522266,5106.236141,5101.522266,2,served
8167,5102.368404,5102.875967,5102.561219,3,served
8168,5102.368404,5104.762440,5102.875967,3,served
8169,5102.368404,5103.245822,5102.888799,0,served
8170,5102.368404,5104.842140,5103.245822,0,served
8171,5104.482347,5106.593931,5104.762440,3,served
8172,5104.482347,5108.703987,5104.842140,0,served
8173,5105.716983,5108.456828,5106.236141,2,served
8174,5107.761474,5107.981190,5107.761474,3,served
8175,5107.761474,5109.133413,5107.981190,3,served
8176,5110.499748,5110.982461,5110.499748,3,served
8177,5110.499748,5111.772588,5110.499748,0,served
8178,5113.348424,5113.501258,5113.348424,3,served
8179,5114.161591,5114.358639,5114.161591,3,served
8180,5114.161591,5114.766535,5114.161591,0,served
8181,5114.161591,5116.858923,5114.161591,1,served
8182,5114.638883,5115.076574,5114.638883,3,served
8183,5114.638883,5117.049904,5114.638883,2,served
8184,5115.746032,5117.101304,5115.746032,3,served
8185,5115.746032,5116.081435,5115.746032,0,served
8186,5116.506130,5116.994618,5116.506130,0,served
8187,5116.506130,5118.457205,5116.858923,1,served
8188,5117.909912,5118.200856,5117.909912,3,served
8189,5117.909912,5117.929417,5117.909912,0,served
8190,5117.909912,5120.493117,5117.909912,2,served
8191,5117.909912,5119.299909,5117.929417,0,served
8192,5117.909912,5118.532943,5118.200856,3,served
8193,5120.102449,5120.153785,5120.102449,3,served
8194,5120.102449,5121.334649,5120.102449,0,served
8195,5120.102449,5120.284681,5120.102449,1,served
8196,5120.102449,5120.673762,5120.153785,3,served
8197,5120.102449,5122.846436,5120.284681,1,served
8198,5121.636287,5121.910164,5121.636287,3,served
8199,5121.636287,5122.581631,5121.636287,0,served
8200,5123.147499,5123.192718,5123.147499,3,served
8201,5124.146513,5124.391094,5124.146513,3,served
8202,5124.146513,5124.418202,5124.146513,0,served
8203,5126.133887,5126.306109,5126.133887,3,served
8204,5126.133887,5126.442868,5126.133887,0,served
8205,5127.665257,5129.139003,5127.665257,3,served
8206,5127.665257,5128.449206,5127.665257,0,served
8207,5128.348912,5129.926709,5128.348912,1,served
8208,5128.348912,5130.502656,5128.348912,2,served
8209,5129.291119,5129.835104,5129.291119,3,served
8210,5129.291119,5134.274115,5129.291119,0,served
8211,5129.291119,5130.025884,5129.835104,3,served
8212,5129.291119,5130.000615,5129.926709,1,served
8213,5129.830642,5130.702357,5130.000615,1,served
8214,5130.070279,5131.763046,5130.070279,3,served
8215,5130.070279,5130.959185,5130.502656,2,served
8216,5130.103133,5131.127209,5130.702357,1,served
8217,5130.436398,5145.541601,5130.959185,2,served
8218,5131.913837,5132.871635,5131.913837,3,served
8219,5135.030110,5135.143837,5135.030110,3,served
8220,5135.209855,5136.060500,5135.209855,3,served
8221,5138.680872,5139.337089,5138.680872,3,served
8222,5139.390580,5139.566114,5139.390580,3,served
8223,5140.399775,5144.218763,5140.399775,3,served
8224,5140.399775,5141.887646,5140.399775,0,served
8225,5140.399775,5141.309048,5140.399775,1,served
8226,5140.676506,5141.378920,5141.309048,1,served
8227,5141.714785,5144.176525,5141.714785,1,served
8228,5145.892298,5146.895862,5145.892298,3,served
8229,5146.631585,5146.786776,5146.631585,0,served
8230,5146.631585,5149.753660,5146.631585,1,served
8231,5149.389074,5149.451134,5149.389074,3,served
8232,5149.389074,5150.176751,5149.389074,0,served
8233,5150.375440,5150.721946,5150.375440,3,served
8234,5150.375440,5151.960907,5150.375440,0,served
8235,5150.375440,5155.195938,5150.375440,1,served
8236,5150.375440,5153.518033,5150.375440,2,served
8237,5154.378010,5154.656770,5154.378010,3,served
8238,5154.378010,5158.046416,5154.378010,0,served
8239,5161.106555,5161.544166,5161.106555,3,served
8240,5161.106555,5161.674136,5161.106555,0,served
8241,5161.145799,5161.725286,5161.145799,1,served
8242,5161.145799,5162.286336,5161.145799,2,served
8243,5161.385148,5161.622435,5161.544166,3,served
8244,5161.385148,5161.780643,5161.622435,3,served
8245,5161.385148,5161.787886,5161.674136,0,served
8246,5161.385148,5161.789760,5161.725286,1,served
8247,5161.385148,5161.945677,5161.780643,3,served
8248,5161.385148,5163.698773,5161.787886,0,served
8249,5161.385148,5162.809929,5161.789760,1,served
8250,5161.385148,5162.467813,5161.945677,3,served
8251,5161.385148,5164.909296,5162.286336,2,served
8252,5161.385148,5163.574825,5162.467813,3,served
8253,5162.626695,5165.451985,5162.809929,1,served
8254,5162.626695,5165.851319,5163.574825,3,served
8255,5162.626695,5165.272019,5163.698773,0,served
8256,5162.626695,5168.064919,5164.909296,2,served
8257,5162.626695,5167.606959,5165.272019,0,served
8258,5163.722554,5171.086086,5165.451985,1,served
8259,5163.722554,5166.049256,5165.851319,3,served
8260,5164.881007,5166.070830,5166.049256,3,served
8261,5164.881007,5166.228593,5166.070830,3,served
8262,5167.134478,5167.435132,5167.134478,3,served
8263,5167.134478,5168.949474,5167.435132,3,served
8264,5174.072930,5174.495743,5174.072930,3,served
8265,5174.072930,5174.223749,5174.072930,0,served
8266,5174.347837,5174.494022,5174.347837,0,served
8267,5174.347837,5175.630192,5174.347837,1,served
8268,5174.347837,5182.295104,5174.347837,2,served
8269,5174.347837,5176.082121,5174.494022,0,served
8270,5174.347837,5178.556946,5174.495743,3,served
8271,5175.006874,5175.779645,5175.630192,1,served
8272,5176.675787,5179.024309,5176.675787,0,served
8273,5176.675787,5177.066919,5176.675787,1,served
8274,5177.932813,5177.995401,5177.932813,1,served
8275,5178.008376,5179.274033,5178.008376,1,served
8276,5180.239799,5180.620433,5180.239799,3,served
8277,5180.876510,5182.230340,5180.876510,3,served
8278,5183.161188,5184.132773,5183.161188,3,served
8279,5185.260327,5185.894393,5185.260327,3,served
8280,5187.880489,5188.659103,5187.880489,3,served
8281,5188.005226,5188.355433,5188.005226,0,served
8282,5188.755715,5189.262590,5188.755715,3,served
8283,5189.033066,5190.306784,5189.033066,0,served
8284,5189.033066,5190.378519,5189.033066,1,served
8285,5189.033066,5192.654733,5189.033066,2,served
8286,5189.033066,5190.527650,5189.262590,3,served
8287,5189.383197,5190.843063,5190.306784,0,served
8288,5191.488435,5192.198518,5191.488435,3,served
8289,5191.488435,5192.079829,5191.488435,0,served
8290,5191.888414,5196.306499,5191.888414,1,served
8291,5191.888414,5193.310214,5192.079829,0,served
8292,5191.888414,5193.950298,5192.198518,3,served
8293,5191.888414,5197.731267,5192.654733,2,served
8294,5191.888414,5195.032029,5193.310214,0,served
8295,5191.888414,5194.383469,5193.950298,3,served
8296,5191.888414,5195.046757,5194.383469,3,served
8297,5192.444454,5196.459439,5195.032029,0,served
8298,5192.444454,5195.331253,5195.046757,3,served
8299,5192.444454,5197.110378,5195.331253,3,served
8300,5192.444454,5196.835571,5196.306499,1,served
8301,5192.580508,5197.438834,5196.459439,0,served
8302,5192.580508,5198.598962,5196.835571,1,served
8303,5193.338924,5197.566082,5197.110378,3,served
8304,5193.338924,5201.222967,5197.438834,0,served
8305,5199.079262,5199.142128,5199.079262,3,served
8306,5199.079262,5200.464425,5199.079262,1,served
8307,5199.533213,5199.743676,5199.533213,3,served
8308,5200.444028,5203.235443,5200.444028,3,served
8309,5200.825931,5200.844140,5200.825931,1,served
8310,5201.418151,5202.220158,5201.418151,0,served
8311,5203.458156,5208.237790,5203.458156,3,served
8312,5203.458156,5204.697848,5203.458156,0,served
8313,5203.536145,5207.099234,5203.536145,1,served
8314,5203.536145,5205.333517,5203.536145,2,served
8315,5207.962919,5208.661507,5207.962919,0,served
8316,5207.962919,5210.347314,5207.962919,1,served
8317,5207.962919,5212.339435,5207.962919,2,served
8318,5208.538928,5214.906093,5208.538928,3,served
8319,5208.538928,5209.067287,5208.661507,0,served
8320,5208.554070,5210.490424,5209.067287,0,served
8321,5209.682807,5212.615548,5210.347314,1,served
8322,5209.773748,5212.334406,5210.490424,0,served
8323,5210.937385,5213.082444,5212.334406,0,served
8324,5210.937385,5212.568297,5212.339435,2,served
8325,5211.201084,5214.361337,5212.568297,2,served
8326,5211.455719,5213.171390,5212.615548,1,served
8327,5212.312249,5214.751425,5213.082444,0,served
8328,5212.598776,5216.768054,5213.171390,1,served
8329,5213.239057,5219.453759,5214.361337,2,served
8330,5213.823316,5215.290518,5214.751425,0,served
8331,5213.823316,5218.875414,5214.906093,3,served
8332,5213.823316,5216.118649,5215.290518,0,served
8333,5213.823316,5216.312686,5216.118649,0,served
8334,5213.940885,5217.379118,5216.312686,0,served
8335,5213.940885,5219.974391,5216.768054,1,served
8336,5213.940885,5219.409345,5217.379118,0,served
8337,5215.250398,5220.270009,5218.875414,3,served
8338,5215.250398,5222.211530,5219.409345,0,served
8339,5215.250398,5223.941312,5219.453759,2,served
8340,5215.250398,5220.659176,5219.974391,1,served
8341,5217.698039,5221.095541,5220.270009,3,served
8342,5218.861939,5221.292430,5220.659176,1,served
8343,5221.529034,5222.042455,5221.529034,3,served
8344,5222.063613,5222.657490,5222.063613,3,served
8345,5222.063613,5223.114285,5222.063613,1,served
8346,5222.063613,5222.957632,5222.211530,0,served
8347,5222.063613,5222.730020,5222.657490,3,served
8348,5222.523283,5223.618942,5222.730020,3,served
8349,5222.523283,5225.517061,5222.957632,0,served
8350,5223.509541,5227.351722,5223.509541,1,served
8351,5223.628694,5223.740854,5223.628694,3,served
8352,5224.530415,5225.145966,5224.530415,3,served
8353,5224.530415,5224.630906,5224.530415,2,served
8354,5225.773178,5226.883561,5225.773178,3,served
8355,5225.773178,5227.272746,5225.773178,0,served
8356,5226.098042,5237.771470,5226.098042,2,served
8357,5227.457272,5229.121502,5227.457272,3,served
8358,5228.010707,5232.189706,5228.010707,0,served
8359,5228.534232,5233.259913,5228.534232,1,served
8360,5228.581908,5230.340774,5229.121502,3,served
8361,5228.581908,5231.489026,5230.340774,3,served
8362,5228.581908,5234.069010,5231.489026,3,served
8363,5229.351188,5232.842673,5232.189706,0,served
8364,5229.907252,5235.314363,5232.842673,0,served
8365,5229.907252,5234.092737,5233.259913,1,served
8366,5231.930651,5235.098632,5234.069010,3,served
8367,5234.459327,5242.709567,5234.459327,1,served
8368,5236.569179,5237.991407,5236.569179,3,served
8369,5236.569179,5238.950852,5236.569179,0,served
8370,5237.476330,5240.430205,5237.771470,2,served
8371,5237.476330,5238.484781,5237.991407,3,served
8372,5237.476330,5239.327898,5238.484781,3,served
8373,5238.085809,5239.934425,5238.950852,0,served
8374,5238.119841,5240.150504,5239.327898,3,served
8375,5238.119841,5239.988615,5239.934425,0,served
8376,5238.119841,5240.304419,5239.988615,0,served
8377,5238.119841,5240.973720,5240.150504,3,served
8378,5238.496037,5240.688391,5240.304419,0,served
8379,5238.552576,5242.140193,5240.430205,2,served
8380,5238.706053,5241.928922,5240.688391,0,served
8381,5238.706053,5241.671095,5240.973720,3,served
8382,5238.706053,5242.042976,5241.671095,3,served
8383,5239.760620,5244.177583,5241.928922,0,served
8384,5239.812827,5242.085730,5242.042976,3,served
8385,5239.812827,5242.192223,5242.085730,3,served
8386,5239.812827,5245.761944,5242.140193,2,served
8387,5239.812827,5243.296179,5242.192223,3,served
8388,5239.812827,5246.025686,5242.709567,1,served
8389,5241.922121,5243.475479,5243.296179,3,served
8390,5241.927470,5243.686068,5243.475479,3,served
8391,5242.611227,5244.332451,5243.686068,3,served
8392,5243.670793,5244.662260,5244.177583,0,served
8393,5243.670793,5245.431720,5244.332451,3,served
8394,5245.387029,5247.586514,5245.387029,0,served
8395,5248.250799,5248.910011,5248.250799,3,served
8396,5248.250799,5248.739434,5248.250799,0,served
8397,5249.070098,5249.375850,5249.070098,3,served
8398,5249.070098,5250.691698,5249.070098,0,served
8399,5249.892243,5250.114738,5249.892243,3,served
8400,5249.892243,5253.791943,5249.892243,1,served
8401,5251.480118,5260.640410,5251.480118,3,served
8402,5251.480118,5252.239719,5251.480118,0,served
8403,5251.677305,5252.733891,5251.677305,2,served
8404,5251.677305,5252.253544,5252.239719,0,served
8405,5251.677305,5254.735154,5252.253544,0,served
8406,5252.518185,5252.885460,5252.733891,2,served
8407,5253.448981,5261.053417,5253.448981,2,served
8408,5253.448981,5273.359752,5253.791943,1,served
8409,5254.630381,5255.228134,5254.735154,0,served
8410,5255.120445,5258.894104,5255.228134,0,served
8411,5255.120445,5260.627596,5258.894104,0,served
8412,5256.940485,5261.713362,5260.627596,0,served
8413,5256.940485,5262.089566,5260.640410,3,served
8414,5257.211698,5263.419791,5261.053417,2,served
8415,5260.360976,5262.104253,5261.713362,0,served
8416,5260.360976,5263.213999,5262.089566,3,served
8417,5260.902582,5265.855503,5262.104253,0,served
8418,5261.283292,5264.051196,5263.213999,3,served
8419,5261.598364,5267.600720,5263.419791,2,served
8420,5264.358713,5264.422057,5264.358713,3,served
8421,5264.497645,5266.849542,5264.497645,3,served
8422,5264.853124,5267.301809,5265.855503,0,served
8423,5264.853124,5266.996796,5266.849542,3,served
8424,5265.488193,5267.288484,5266.996796,3,served
8425,5265.488193,5268.496793,5267.288484,3,served
8426,5265.488193,5267.978930,5267.301809,0,served
8427,5265.488193,5271.788402,5267.600720,2,served
8428,5266.585389,5268.129619,5267.978930,0,served
8429,5268.656377,5268.762987,5268.656377,3,served
8430,5270.315254,5271.769915,5270.315254,3,served
8431,5270.315254,5271.454359,5270.315254,0,served
8432,5273.133084,5274.033505,5273.133084,3,served
8433,5273.461546,5275.435678,5273.461546,0,served
8434,5273.574233,5273.651198,5273.574233,1,served
8435,5273.838673,5274.460800,5273.838673,1,served
8436,5277.401542,5278.404125,5277.401542,3,served
8437,5277.819517,5278.849748,5277.819517,0,served
8438,5277.819517,5278.530914,5277.819517,1,served
8439,5279.015452,5279.747822,5279.015452,3,served
8440,5279.015452,5281.055125,5279.015452,0,served
8441,5279.015452,5279.906467,5279.015452,1,served
8442,5280.139715,5283.048089,5280.139715,3,served
8443,5280.948802,5280.956366,5280.948802,1,served
8444,5281.694645,5281.787761,5281.694645,0,served
8445,5281.694645,5282.046752,5281.694645,1,served
8446,5281.694645,5282.292403,5281.694645,2,served
8447,5281.814779,5282.458298,5281.814779,0,served
8448,5282.135295,5291.827198,5282.135295,1,served
8449,5282.725118,5283.203601,5282.725118,0,served
8450,5282.725118,5283.393210,5282.725118,2,served
8451,5283.449826,5283.704269,5283.449826,3,served
8452,5283.850150,5287.632722,5283.850150,3,served
8453,5284.793603,5285.251465,5284.793603,0,served
8454,5284.793603,5285.319437,5284.793603,2,served
8455,5286.490968,5286.760950,5286.490968,0,served
8456,5287.191049,5288.437810,5287.191049,0,served
8457,5287.191049,5288.342290,5287.191049,2,served
8458,5287.557521,5288.741970,5287.632722,3,served
8459,5287.557521,5288.355034,5288.342290,2,served
8460,5288.347607,5289.395936,5288.355034,2,served
8461,5288.347607,5288.998458,5288.437810,0,served
8462,5288.347607,5290.125151,5288.741970,3,served
8463,5288.347607,5289.109099,5288.998458,0,served
8464,5289.708814,5290.061604,5289.708814,0,served
8465,5289.708814,5291.392094,5289.708814,2,served
8466,5289.907223,5291.609957,5290.061604,0,served
8467,5289.907223,5290.672039,5290.125151,3,served
8468,5291.831674,5292.128689,5291.831674,3,served
8469,5292.272414,5292.445877,5292.272414,3,served
8470,5292.272414,5293.535955,5292.272414,0,served
8471,5292.272414,5296.078561,5292.272414,1,served
8472,5292.272414,5293.268434,5292.272414,2,served
8473,5292.272414,5292.614292,5292.445877,3,served
8474,5292.274733,5294.064895,5292.614292,3,served
8475,5292.677870,5294.768306,5293.268434,2,served
8476,5292.931271,5296.161426,5293.535955,0,served
8477,5292.931271,5295.431904,5294.064895,3,served
8478,5292.931271,5297.085843,5294.768306,2,served
8479,5295.907211,5296.360810,5295.907211,3,served
8480,5295.907211,5299.938599,5296.078561,1,served
8481,5295.907211,5297.075297,5296.161426,0,served
8482,5296.263926,5298.725807,5296.360810,3,served
8483,5296.263926,5300.627585,5297.075297,0,served
8484,5296.263926,5310.932629,5297.085843,2,served
8485,5296.263926,5299.137713,5298.725807,3,served
8486,5300.147935,5301.327602,5300.147935,3,served
8487,5300.147935,5301.720260,5300.147935,1,served
8488,5300.147935,5301.190860,5300.627585,0,served
8489,5300.147935,5301.733627,5301.190860,0,served
8490,5300.147935,5301.790780,5301.327602,3,served
8491,5301.693249,5307.781244,5301.720260,1,served
8492,5302.572183,5303.026551,5302.572183,3,served
8493,5302.805152,5305.173360,5302.805152,0,served
8494,5303.142134,5304.565711,5303.142134,3,served
8495,5303.309265,5304.909200,5304.565711,3,served
8496,5304.303083,5307.511559,5304.909200,3,served
8497,5305.328944,5306.201314,5305.328944,0,served
8498,5305.328944,5307.304754,5306.201314,0,served
8499,5305.328944,5308.351008,5307.304754,0,served
8500,5306.391917,5308.335118,5307.511559,3,served
8501,5306.391917,5312.536590,5307.781244,1,served
8502,5306.391917,5309.415220,5308.335118,3,served
8503,5306.391917,5308.762896,5308.351008,0,served
8504,5306.391917,5309.061406,5308.762896,0,served
8505,5307.109792,5309.553172,5309.061406,0,served
8506,5307.109792,5311.515276,5309.415220,3,served
8507,5307.184637,5312.704373,5309.553172,0,served
8508,5307.184637,5312.192455,5310.932629,2,served
8509,5308.015685,5312.531221,5311.515276,3,served
8510,5308.015685,5317.022456,5312.192455,2,served
8511,5308.015685,5313.206837,5312.531221,3,served
8512,5308.352378,5312.683039,5312.536590,1,served
8513,5311.129887,5313.023272,5312.683039,1,served
8514,5311.979250,5313.178852,5312.704373,0,served
8515,5313.370121,5314.713268,5313.370121,3,served
8516,5314.627209,5315.963880,5314.627209,0,served
8517,5314.627209,5314.959913,5314.627209,1,served
8518,5316.407403,5316.657806,5316.407403,3,served
8519,5316.419381,5316.569526,5316.419381,0,served
8520,5316.419381,5316.898393,5316.419381,1,served
8521,5316.419381,5317.445042,5316.569526,0,served
8522,5318.338907,5319.086104,5318.338907,3,served
8523,5318.338907,5319.313598,5318.338907,0,served
8524,5318.338907,5319.245427,5318.338907,1,served
8525,5318.860728,5324.891443,5318.860728,2,served
8526,5318.860728,5319.144374,5319.086104,3,served
8527,5318.860728,5319.531755,5319.144374,3,served
8528,5318.860728,5319.924672,5319.245427,1,served
8529,5318.860728,5323.668350,5319.313598,0,served
8530,5318.860728,5324.314231,5319.531755,3,served
8531,5318.860728,5324.098941,5319.924672,1,served
8532,5318.860728,5324.177323,5323.668350,0,served
8533,5319.179790,5330.721112,5324.098941,1,served
8534,5320.011205,5325.343464,5324.177323,0,served
8535,5320.011205,5324.828081,5324.314231,3,served
8536,5320.011205,5325.859462,5324.828081,3,served
8537,5321.512322,5327.823121,5324.891443,2,served
8538,5321.512322,5326.580295,5325.343464,0,served
8539,5321.512322,5326.207419,5325.859462,3,served
8540,5321.657757,5326.369055,5326.207419,3,served
8541,5321.954631,5326.506461,5326.369055,3,served
8542,5321.954631,5327.350830,5326.506461,3,served
8543,5321.954631,5327.654906,5326.580295,0,served
8544,5323.454014,5327.656261,5327.350830,3,served
8545,5323.660331,5328.254141,5327.654906,0,served
8546,5323.660331,5327.713281,5327.656261,3,served
8547,5323.660331,5328.540068,5327.713281,3,served
8548,5323.660331,5329.167238,5327.823121,2,served
8549,5324.112407,5331.341681,5328.254141,0,served
8550,5324.112407,5329.055989,5328.540068,3,served
8551,5327.725419,5329.449748,5329.055989,3,served
8552,5327.725419,5333.740490,5329.167238,2,served
8553,5327.725419,5329.929229,5329.449748,3,served
8554,5327.725419,5330.747802,5329.929229,3,served
8555,5328.660102,5333.735637,5330.721112,1,served
8556,5328.660102,5331.851115,5330.747802,3,served
8557,5329.737987,5331.612738,5331.341681,0,served
8558,5329.737987,5331.748365,5331.612738,0,served
8559,5331.276522,5334.780471,5331.748365,0,served
8560,5331.977721,5332.155570,5331.977721,3,served
8561,5332.408707,5332.470450,5332.408707,3,served
8562,5332.408707,5332.500551,5332.470450,3,served
8563,5333.958634,5337.112843,5333.958634,3,served
8564,5334.921543,5335.555419,5334.921543,0,served
8565,5337.859715,5340.671587,5337.859715,3,served
8566,5338.863722,5339.111020,5338.863722,0,served
8567,5340.990633,5341.702249,5340.990633,3,served
8568,5340.990633,5341.152105,5340.990633,0,served
8569,5343.480004,5344.290899,5343.480004,3,served
8570,5343.480004,5343.778454,5343.480004,0,served
8571,5343.480004,5351.484805,5343.480004,1,served
8572,5343.480004,5343.516710,5343.480004,2,served
8573,5343.480004,5347.843871,5343.516710,2,served
8574,5343.480004,5344.063765,5343.778454,0,served
8575,5344.777387,5344.939362,5344.777387,3,served
8576,5344.777387,5346.012161,5344.777387,0,served
8577,5344.888729,5346.282816,5344.939362,3,served
8578,5346.614313,5346.702701,5346.614313,3,served
8579,5348.255770,5348.566594,5348.255770,3,served
8580,5349.192419,5349.725578,5349.192419,3,served
8581,5349.192419,5351.345826,5349.192419,0,served
8582,5349.192419,5353.180274,5349.192419,2,served
8583,5349.228013,5350.222680,5349.725578,3,served
8584,5351.854586,5356.121277,5351.854586,3,served
8585,5351.854586,5352.346383,5351.854586,0,served
8586,5351.854586,5358.059784,5351.854586,1,served
8587,5351.854586,5356.025751,5352.346383,0,served
8588,5351.854586,5353.208087,5353.180274,2,served
8589,5352.949494,5357.089511,5353.208087,2,served
8590,5353.706052,5360.328100,5356.025751,0,served
8591,5354.754328,5356.713359,5356.121277,3,served
8592,5355.502617,5356.742119,5356.713359,3,served
8593,5355.502617,5358.032265,5356.742119,3,served
8594,5356.251215,5357.547701,5357.089511,2,served
8595,5356.280358,5359.249771,5357.547701,2,served
8596,5356.280358,5358.045388,5358.032265,3,served
8597,5356.280358,5358.107884,5358.045388,3,served
8598,5357.783847,5358.277155,5358.059784,1,served
8599,5358.150292,5359.345797,5358.150292,3,served
8600,5359.483672,5362.787413,5359.483672,3,served
8601,5359.483672,5359.492768,5359.483672,1,served
8602,5362.492698,5362.735821,5362.492698,0,served
8603,5362.492945,5365.251164,5362.492945,1,served
8604,5363.496936,5364.137168,5363.496936,3,served
8605,5366.760752,5367.670813,5366.760752,3,served
8606,5366.760752,5368.502101,5366.760752,0,served
8607,5366.760752,5373.617965,5366.760752,1,served
8608,5366.760752,5366.891580,5366.760752,2,served
8609,5367.910970,5368.074403,5367.910970,3,served
8610,5367.910970,5374.284100,5367.910970,2,served
8611,5370.540549,5371.042510,5370.540549,3,served
8612,5370.540549,5370.936937,5370.540549,0,served
8613,5370.540549,5374.243064,5370.936937,0,served
8614,5370.540549,5371.290062,5371.042510,3,served
8615,5370.540549,5371.487643,5371.290062,3,served
8616,5370.540549,5372.079144,5371.487643,3,served
8617,5371.399175,5372.181117,5372.079144,3,served
8618,5372.953901,5373.805510,5372.953901,3,served
8619,5372.953901,5374.551452,5373.617965,1,served
8620,5372.953901,5374.270696,5373.805510,3,served
8621,5372.953901,5376.407497,5374.243064,0,served
8622,5372.953901,5375.055706,5374.270696,3,served
8623,5375.288171,5375.612255,5375.288171,3,served
8624,5375.288171,5376.183762,5375.288171,1,served
8625,5375.288171,5382.308824,5375.288171,2,served
8626,5375.572465,5376.320680,5375.612255,3,served
8627,5375.572465,5381.264828,5376.183762,1,served
8628,5376.272813,5376.326816,5376.320680,3,served
8629,5380.175017,5380.418521,5380.175017,3,served
8630,5385.427050,5385.927659,5385.427050,3,served
8631,5385.427050,5386.252764,5385.427050,0,served
8632,5385.427050,5394.916592,5385.427050,1,served
8633,5385.427050,5390.941970,5385.427050,2,served
8634,5385.427050,5388.680347,5385.927659,3,served
8635,5386.334661,5387.031559,5386.334661,0,served
8636,5386.334661,5390.212915,5387.031559,0,served
8637,5386.334661,5389.433308,5388.680347,3,served
8638,5386.334661,5391.064973,5389.433308,3,served
8639,5387.177077,5392.501072,5390.212915,0,served
8640,5387.469763,5392.247992,5390.941970,2,served
8641,5388.275161,5391.563779,5391.064973,3,served
8642,5388.275161,5391.960215,5391.563779,3,served
8643,5389.698884,5392.119306,5391.960215,3,served
8644,5389.698884,5392.639627,5392.119306,3,served
8645,5389.698884,5393.044671,5392.247992,2,served
8646,5389.893215,5392.510867,5392.501072,0,served
8647,5392.529336,5394.626019,5392.529336,0,served
8648,5392.529336,5392.893441,5392.639627,3,served
8649,5392.529336,5394.108682,5392.893441,3,served
8650,5392.529336,5393.108278,5393.044671,2,served
8651,5392.529336,5393.979406,5393.108278,2,served
8652,5392.529336,5396.902542,5393.979406,2,served
8653,5392.529336,5395.065359,5394.108682,3,served
8654,5394.151285,5398.145209,5394.626019,0,served
8655,5394.151285,5400.417115,5394.916592,1,served
8656,5394.151285,5396.225747,5395.065359,3,served
8657,5396.643539,5397.496234,5396.643539,3,served
8658,5398.887152,5400.397299,5398.887152,3,served
8659,5398.887152,5399.444376,5398.887152,0,served
8660,5399.630368,5399.695051,5399.630368,0,served
8661,5399.630368,5402.563482,5399.630368,2,served
8662,5399.630368,5400.268782,5399.695051,0,served
8663,5399.630368,5400.924578,5400.268782,0,served
8664,5399.784860,5401.879354,5400.397299,3,served
8665,5401.061569,5401.321401,5401.061569,0,served
8666,5401.061569,5402.419492,5401.061569,1,served
8667,5401.061569,5402.815212,5401.321401,0,served
8668,5401.085381,5402.793793,5401.879354,3,served
8669,5401.155724,5410.413061,5402.419492,1,served
8670,5401.630956,5403.125726,5402.563482,2,served
8671,5401.630956,5404.456288,5402.793793,3,served
8672,5401.630956,5405.395981,5402.815212,0,served
8673,5401.630956,5405.571832,5403.125726,2,served
8674,5401.630956,5404.702232,5404.456288,3,served
8675,5402.361101,5405.238131,5404.702232,3,served
8676,5403.029236,5406.828169,5405.238131,3,served
8677,5404.635300,5408.250157,5405.395981,0,served
8678,5404.635300,5406.304269,5405.571832,2,served
8679,5404.635300,5406.924073,5406.304269,2,served
8680,5404.635300,5407.678324,5406.828169,3,served
8681,5407.912241,5411.799349,5407.912241,3,served
8682,5407.912241,5415.540646,5407.912241,2,served
8683,5408.418548,5409.707247,5408.418548,0,served
8684,5408.418548,5410.876777,5409.707247,0,served
8685,5410.066505,5411.486498,5410.413061,1,served
8686,5410.329740,5413.109790,5410.876777,0,served
8687,5412.925590,5415.614688,5412.925590,3,served
8688,5412.925590,5417.028470,5412.925590,1,served
8689,5414.374798,5415.543456,5414.374798,0,served
8690,5415.584661,5416.391498,5415.584661,0,served
8691,5415.703700,5415.915144,5415.703700,3,served
8692,5415.703700,5415.777667,5415.703700,2,served
8693,5418.946810,5418.959005,5418.946810,3,served
8694,5418.946810,5420.905551,5418.946810,0,served
8695,5420.247905,5422.735012,5420.247905,3,served
8696,5420.247905,5434.043087,5420.247905,1,served
8697,5420.247905,5423.055455,5420.247905,2,served
8698,5420.968835,5421.033362,5420.968835,0,served
8699,5422.637120,5423.015531,5422.637120,0,served
8700,5423.917086,5425.217027,5423.917086,3,served
8701,5424.131723,5424.544325,5424.131723,0,served
8702,5424.131723,5428.154079,5424.131723,2,served
8703,5424.131723,5424.939901,5424.544325,0,served
8704,5425.951358,5426.083294,5425.951358,3,served
8705,5426.150847,5426.196596,5426.150847,3,served
8706,5426.150847,5431.436807,5426.150847,0,served
8707,5426.415954,5428.069155,5426.415954,3,served
8708,5428.934028,5430.338003,5428.934028,3,served
8709,5428.934028,5429.934671,5428.934028,2,served
8710,5430.238614,5432.398551,5430.238614,2,served
8711,5432.383750,5435.868006,5432.383750,3,served
8712,5432.780782,5433.012333,5432.780782,0,served
8713,5433.677652,5435.786845,5433.677652,0,served
8714,5434.107534,5435.595650,5434.107534,1,served
8715,5434.107534,5437.878050,5434.107534,2,served
8716,5434.107534,5438.172048,5435.595650,1,served
8717,5435.073708,5435.792961,5435.786845,0,served
8718,5435.073708,5436.123806,5435.792961,0,served
8719,5435.073708,5437.506058,5435.868006,3,served
8720,5435.073708,5436.744269,5436.123806,0,served
8721,5437.168468,5441.235560,5437.168468,0,served
8722,5438.155276,5438.321510,5438.155276,3,served
8723,5438.951504,5439.189631,5438.951504,3,served
8724,5439.274598,5439.960409,5439.274598,3,served
8725,5439.274598,5447.981951,5439.274598,1,served
8726,5439.746109,5440.243495,5439.746109,2,served
8727,5440.374228,5441.216167,5440.374228,3,served
8728,5440.374228,5447.888125,5440.374228,2,served
8729,5440.374228,5442.205943,5441.216167,3,served
8730,5440.374228,5442.753447,5441.235560,0,served
8731,5440.374228,5442.608323,5442.205943,3,served
8732,5442.033295,5442.841769,5442.608323,3,served
8733,5442.294736,5443.312296,5442.753447,0,served
8734,5442.294736,5442.929947,5442.841769,3,served
8735,5442.444402,5443.149431,5442.929947,3,served
8736,5442.444402,5444.787835,5443.149431,3,served
8737,5443.990275,5446.403455,5443.990275,0,served
8738,5443.990275,5445.217102,5444.787835,3,served
8739,5443.990275,5446.804114,5445.217102,3,served
8740,5443.990275,5449.727636,5446.403455,0,served
8741,5444.121692,5447.474104,5446.804114,3,served
8742,5444.124666,5449.735322,5447.474104,3,served
8743,5444.966728,5448.264270,5447.888125,2,served
8744,5444.966728,5452.668869,5447.981951,1,served
8745,5447.538127,5449.849439,5448.264270,2,served
8746,5447.538127,5449.847359,5449.727636,0,served
8747,5447.538127,5450.613123,5449.735322,3,served
8748,5447.542591,5451.353147,5449.847359,0,served
8749,5448.523069,5450.204177,5449.849439,2,served
8750,5449.149671,5452.557982,5450.204177,2,served
8751,5449.149671,5451.344328,5450.613123,3,served
8752,5450.528375,5452.890936,5451.344328,3,served
8753,5450.600377,5453.051408,5451.353147,0,served
8754,5450.600377,5454.011153,5452.557982,2,served
8755,5451.605260,5454.532876,5452.668869,1,served
8756,5452.970664,5453.935189,5452.970664,3,served
8757,5452.970664,5453.363226,5453.051408,0,served
8758,5453.556392,5457.728145,5453.556392,0,served
8759,5453.556392,5454.745818,5453.935189,3,served
8760,5455.249895,5455.731952,5455.249895,3,served
8761,5455.684650,5456.816001,5455.684650,1,served
8762,5455.961177,5458.339611,5455.961177,3,served
8763,5455.961177,5461.307745,5455.961177,2,served
8764,5456.539759,5459.522637,5456.816001,1,served
8765,5456.608348,5458.840955,5457.728145,0,served
8766,5456.608348,5458.778002,5458.339611,3,served
8767,5456.608348,5460.141995,5458.778002,3,served
8768,5456.992925,5460.686814,5458.840955,0,served
8769,5456.992925,5463.698807,5459.522637,1,served
8770,5457.839051,5460.446727,5460.141995,3,served
8771,5457.839051,5462.584627,5460.446727,3,served
8772,5458.925828,5461.974992,5460.686814,0,served
8773,5458.925828,5465.485002,5461.307745,2,served
8774,5463.272930,5463.286574,5463.272930,3,served
8775,5463.272930,5465.989834,5463.272930,0,served
8776,5464.921582,5465.279002,5464.921582,3,served
8777,5464.921582,5465.246283,5464.921582,1,served
8778,5464.921582,5467.078757,5465.246283,1,served
8779,5465.197038,5465.623879,5465.279002,3,served
8780,5465.197038,5469.702434,5465.485002,2,served
8781,5465.219837,5465.816606,5465.623879,3,served
8782,5465.219837,5466.659936,5465.816606,3,served
8783,5466.106704,5469.734496,5466.106704,0,served
8784,5466.481373,5466.685304,5466.659936,3,served
8785,5466.698475,5466.890709,5466.698475,3,served
8786,5466.698475,5466.957809,5466.890709,3,served
8787,5467.555365,5469.571899,5467.555365,3,served
8788,5470.209535,5470.650434,5470.209535,3,served
8789,5470.209535,5472.236137,5470.209535,0,served
8790,5470.925208,5472.041886,5470.925208,3,served
8791,5471.013487,5471.185582,5471.013487,1,served
8792,5471.321085,5474.389839,5471.321085,1,served
8793,5471.321085,5477.272780,5471.321085,2,served
8794,5471.321085,5472.066160,5472.041886,3,served
8795,5471.321085,5472.749470,5472.066160,3,served
8796,5471.858235,5472.465924,5472.236137,0,served
8797,5472.218752,5474.282749,5472.465924,0,served
8798,5472.904813,5473.045710,5472.904813,3,served
8799,5475.793429,5477.554960,5475.793429,3,served
8800,5477.393073,5478.118342,5477.393073,0,served
8801,5477.638156,5478.483920,5477.638156,3,served
8802,5477.638156,5480.026951,5477.638156,1,served
8803,5478.533882,5479.283418,5478.533882,3,served
8804,5478.533882,5481.475496,5478.533882,0,served
8805,5479.574865,5479.718011,5479.574865,3,served
8806,5479.574865,5485.553346,5479.574865,2,served
8807,5479.574865,5481.231903,5479.718011,3,served
8808,5479.574865,5480.333783,5480.026951,1,served
8809,5481.366829,5481.434066,5481.366829,3,served
8810,5481.366829,5488.826743,5481.366829,1,served
8811,5483.152261,5483.519240,5483.152261,3,served
8812,5483.152261,5484.954881,5483.152261,0,served
8813,5483.152261,5484.394196,5483.519240,3,served
8814,5483.152261,5485.556850,5484.394196,3,served
8815,5483.152261,5488.366983,5484.954881,0,served
8816,5483.152261,5488.400975,5485.553346,2,served
8817,5483.152261,5485.739400,5485.556850,3,served
8818,5483.152261,5486.107516,5485.739400,3,served
8819,5483.152261,5488.248888,5486.107516,3,served
8820,5483.274086,5489.260849,5488.248888,3,served
8821,5483.274086,5490.794460,5488.366983,0,served
8822,5483.274086,5490.019937,5488.400975,2,served
8823,5483.274086,5491.789538,5488.826743,1,served
8824,5484.283347,5489.387715,5489.260849,3,served
8825,5484.283347,5489.832000,5489.387715,3,served
8826,5485.126852,5489.997228,5489.832000,3,served
8827,5488.011768,5492.847777,5489.997228,3,served
8828,5488.011768,5501.780106,5490.019937,2,served
8829,5488.011768,5491.459895,5490.794460,0,served
8830,5488.011768,5492.704833,5491.459895,0,served
8831,5488.011768,5492.242060,5491.789538,1,served
8832,5488.011768,5493.950544,5492.242060,1,served
8833,5488.011768,5493.163433,5492.704833,0,served
8834,5489.631352,5493.039321,5492.847777,3,served
8835,5489.868763,5493.360349,5493.039321,3,served
8836,5489.875909,5494.352889,5493.163433,0,served
8837,5489.875909,5496.439762,5493.360349,3,served
8838,5493.294892,5497.039230,5493.950544,1,served
8839,5493.294892,5495.060354,5494.352889,0,served
8840,5493.294892,5495.983965,5495.060354,0,served
8841,5495.934795,5496.019140,5495.983965,0,served
8842,5495.934795,5498.593002,5496.019140,0,served
8843,5496.840333,5498.615430,5496.840333,3,served
8844,5496.840333,5498.277587,5497.039230,1,served
8845,5496.874240,5498.347433,5498.277587,1,served
8846,5497.094476,5498.678036,5498.347433,1,served
8847,5497.356461,5501.214330,5498.593002,0,served
8848,5497.356461,5499.173209,5498.615430,3,served
8849,5497.869583,5500.261615,5498.678036,1,served
8850,5497.869583,5500.268805,5499.173209,3,served
8851,5500.204798,5500.480761,5500.261615,1,served
8852,5500.746303,5500.789163,5500.746303,3,served
8853,5500.746303,5503.185502,5500.746303,1,served
8854,5500.846649,5502.744113,5500.846649,3,served
8855,5500.846649,5504.046037,5501.214330,0,served
8856,5500.846649,5501.933716,5501.780106,2,served
8857,5502.494630,5503.163877,5502.494630,2,served
8858,5505.869254,5506.447398,5505.869254,3,served
8859,5506.496581,5506.691432,5506.496581,3,served
8860,5506.496581,5507.719088,5506.496581,0,served
8861,5506.496581,5511.146949,5506.496581,1,served
8862,5507.421505,5507.634868,5507.421505,3,served
8863,5510.294404,5511.997491,5510.294404,3,served
8864,5510.294404,5510.431731,5510.294404,0,served
8865,5510.294404,5511.613865,5510.294404,2,served
8866,5510.848794,5513.990233,5510.848794,0,served
8867,5510.897709,5512.373055,5511.146949,1,served
8868,5510.897709,5512.620208,5511.613865,2,served
8869,5510.897709,5512.980042,5511.997491,3,served
8870,5511.456092,5515.762120,5512.373055,1,served
8871,5511.456092,5513.876557,5512.620208,2,served
8872,5517.389336,5517.582830,5517.389336,3,served
8873,5517.427466,5518.783889,5517.427466,0,served
8874,5517.427466,5519.604267,5517.427466,1,served
8875,5518.424288,5519.499453,5518.424288,3,served
8876,5518.424288,5519.113528,5518.424288,2,served
8877,5518.758318,5519.036032,5518.783889,0,served
8878,5518.978378,5519.154095,5519.036032,0,served
8879,5521.404822,5521.751990,5521.404822,3,served
8880,5521.404822,5522.887299,5521.404822,0,served
8881,5521.404822,5525.088334,5521.404822,1,served
8882,5521.404822,5522.674522,5521.404822,2,served
8883,5521.404822,5524.136908,5521.751990,3,served
8884,5521.404822,5522.922902,5522.674522,2,served
8885,5522.742280,5523.882267,5522.887299,0,served
8886,5522.745620,5527.360265,5522.922902,2,served
8887,5525.587609,5527.444185,5525.587609,3,served
8888,5525.587609,5529.939437,5525.587609,0,served
8889,5525.587609,5527.809562,5525.587609,1,served
8890,5525.587609,5530.912972,5527.360265,2,served
8891,5525.587609,5527.911202,5527.444185,3,served
8892,5525.723159,5527.872492,5527.809562,1,served
8893,5525.723159,5529.320347,5527.872492,1,served
8894,5525.723159,5528.615033,5527.911202,3,served
8895,5525.723159,5529.148784,5528.615033,3,served
8896,5525.723159,5530.108894,5529.148784,3,served
8897,5526.535969,5532.122657,5529.320347,1,served
8898,5529.558354,5530.246062,5529.939437,0,served
8899,5530.049322,5530.165901,5530.108894,3,served
8900,5531.537232,5534.199389,5531.537232,3,served
8901,5531.741981,5532.155817,5531.741981,0,served
8902,5533.445776,5535.853636,5533.445776,0,served
8903,5536.996963,5537.003231,5536.996963,3,served
8904,5536.996963,5538.599177,5536.996963,0,served
8905,5536.996963,5544.029670,5536.996963,1,served
8906,5536.996963,5538.287205,5536.996963,2,served
8907,5537.696505,5538.383460,5537.696505,3,served
8908,5538.098467,5545.017559,5538.287205,2,served
8909,5538.098467,5538.706816,5538.383460,3,served
8910,5539.584921,5539.840653,5539.584921,3,served
8911,5541.181469,5541.507055,5541.181469,3,served
8912,5541.181469,5542.141667,5541.181469,0,served
8913,5541.181469,5541.994492,5541.507055,3,served
8914,5541.181469,5542.126444,5541.994492,3,served
8915,5541.181469,5543.103465,5542.126444,3,served
8916,5542.850483,5543.883143,5542.850483,0,served
8917,5543.166140,5545.439132,5543.166140,3,served
8918,5547.008886,5547.279578,5547.008886,3,served
8919,5547.008886,5549.722261,5547.008886,0,served
8920,5547.008886,5549.800635,5547.008886,1,served
8921,5547.008886,5550.534956,5547.008886,2,served
8922,5548.584846,5548.708468,5548.584846,3,served
8923,5548.584846,5550.098692,5548.708468,3,served
8924,5548.584846,5555.431460,5549.722261,0,served
8925,5549.448182,5551.601815,5549.800635,1,served
8926,5549.448182,5551.655873,5550.098692,3,served
8927,5549.448182,5555.611790,5550.534956,2,served
8928,5549.448182,5553.304571,5551.601815,1,served
8929,5550.577197,5552.898688,5551.655873,3,served
8930,5550.953408,5553.466253,5552.898688,3,served
8931,5550.953408,5555.525888,5553.304571,1,served
8932,5550.953408,5553.847839,5553.466253,3,served
8933,5550.953408,5554.244666,5553.847839,3,served
8934,5550.953408,5556.348988,5554.244666,3,served
8935,5555.781747,5555.950602,5555.781747,0,served
8936,5561.053440,5562.619664,5561.053440,3,served
8937,5561.977049,5565.760614,5561.977049,0,served
8938,5561.977049,5562.061448,5561.977049,1,served
8939,5563.221296,5564.707240,5563.221296,3,served
8940,5563.221296,5565.067459,5563.221296,1,served
8941,5563.842169,5565.093711,5563.842169,2,served
8942,5564.580889,5568.833622,5564.707240,3,served
8943,5564.580889,5568.050648,5565.067459,1,served
8944,5566.899753,5570.667646,5566.899753,0,served
8945,5569.297679,5571.520552,5569.297679,3,served
8946,5569.297679,5572.204882,5569.297679,1,served
8947,5569.297679,5570.771421,5569.297679,2,served
8948,5569.297679,5572.088737,5570.667646,0,served
8949,5569.297679,5571.024238,5570.771421,2,served
8950,5569.554278,5571.864064,5571.024238,2,served
8951,5570.656077,5571.963847,5571.520552,3,served
8952,5570.656077,5573.019457,5571.864064,2,served
8953,5572.605803,5575.374661,5572.605803,3,served
8954,5574.057539,5577.217986,5574.057539,0,served
8955,5574.057539,5574.116834,5574.057539,1,served
8956,5574.057539,5575.116332,5574.057539,2,served
8957,5574.057539,5574.361628,5574.116834,1,served
8958,5575.108458,5576.749537,5575.108458,1,served
8959,5575.819609,5576.096584,5575.819609,3,served
8960,5575.819609,5575.952667,5575.819609,2,served
8961,5575.819609,5576.078285,5575.952667,2,served
8962,5575.819609,5582.977529,5576.078285,2,served
8963,5576.186659,5577.770761,5576.186659,3,served
8964,5576.186659,5577.291168,5576.749537,1,served
8965,5579.956662,5580.679409,5579.956662,3,served
8966,5580.097569,5582.485831,5580.097569,0,served
8967,5580.097569,5580.109127,5580.097569,1,served
8968,5581.501801,5582.515587,5581.501801,3,served
8969,5581.881466,5583.058857,5581.881466,1,served
8970,5582.788494,5582.957390,5582.788494,3,served
8971,5583.305510,5583.830076,5583.305510,3,served
8972,5583.305510,5586.962270,5583.305510,0,served
8973,5583.305510,5583.901412,5583.305510,1,served
8974,5583.305510,5583.731979,5583.305510,2,served
8975,5583.305510,5584.007389,5583.731979,2,served
8976,5583.305510,5585.040295,5583.830076,3,served
8977,5583.305510,5587.659108,5583.901412,1,served
8978,5583.305510,5584.206992,5584.007389,2,served
8979,5583.425225,5586.507143,5584.206992,2,served
8980,5583.425225,5585.157110,5585.040295,3,served
8981,5583.425225,5585.225297,5585.157110,3,served
8982,5584.338158,5586.033290,5585.225297,3,served
8983,5585.212093,5586.097880,5586.033290,3,served
8984,5585.212093,5586.680263,5586.097880,3,served
8985,5585.212093,5589.099075,5586.507143,2,served
8986,5585.620187,5587.859232,5586.680263,3,served
8987,5586.060745,5587.094183,5586.962270,0,served
8988,5586.060745,5590.694944,5587.094183,0,served
8989,5586.060745,5591.743738,5587.659108,1,served
8990,5587.607967,5588.329864,5587.859232,3,served
8991,5587.607967,5588.499439,5588.329864,3,served
8992,5587.607967,5588.724849,5588.499439,3,served
8993,5588.034056,5589.454089,5588.724849,3,served
8994,5588.034056,5591.684012,5589.099075,2,served
8995,5588.987433,5589.773154,5589.454089,3,served
8996,5588.987433,5591.965361,5589.773154,3,served
8997,5588.987433,5591.397199,5590.694944,0,served
8998,5589.334872,5591.573249,5591.397199,0,served
8999,5589.587622,5592.403462,5591.573249,0,served
9000,5589.587622,5593.224546,5591.684012,2,served
9001,5589.635682,5592.159847,5591.743738,1,served
9002,5589.718616,5595.519853,5591.965361,3,served
9003,5589.718616,5594.570671,5592.159847,1,served
9004,5591.188342,5592.645802,5592.403462,0,served
9005,5591.188342,5593.573642,5592.645802,0,served
9006,5591.994422,5601.054832,5593.224546,2,served
9007,5591.994422,5596.989743,5593.573642,0,served
9008,5593.556383,5595.884837,5594.570671,1,served
9009,5593.556383,5596.471222,5595.519853,3,served
9010,5593.556383,5598.541248,5595.884837,1,served
9011,5593.556383,5597.437276,5596.471222,3,served
9012,5597.296908,5597.861286,5597.296908,0,served
9013,5597.399077,5600.178109,5597.437276,3,served
9014,5598.090845,5598.335222,5598.090845,0,served
9015,5598.178253,5599.661794,5598.335222,0,served
9016,5598.428050,5604.142681,5598.541248,1,served
9017,5598.534771,5602.506885,5599.661794,0,served
9018,5599.219190,5600.378048,5600.178109,3,served
9019,5599.219190,5600.433057,5600.378048,3,served
9020,5599.219190,5600.538410,5600.433057,3,served
9021,5599.219190,5604.964228,5600.538410,3,served
9022,5599.219190,5605.270514,5601.054832,2,served
9023,5600.274965,5602.735171,5602.506885,0,served
9024,5600.274965,5604.059419,5602.735171,0,served
9025,5601.710037,5605.776205,5604.059419,0,served
9026,5602.888820,5608.113491,5604.142681,1,served
9027,5606.470777,5606.496326,5606.470777,3,served
9028,5606.470777,5606.474254,5606.470777,0,served
9029,5606.578818,5608.306623,5606.578818,3,served
9030,5606.578818,5607.124048,5606.578818,0,served
9031,5607.192985,5607.371885,5607.192985,0,served
9032,5609.761485,5609.949209,5609.761485,3,served
9033,5609.761485,5611.505282,5609.761485,0,served
9034,5612.632951,5613.392514,5612.632951,3,served
9035,5612.802837,5613.356234,5612.802837,0,served
9036,5613.852888,5615.322633,5613.852888,3,served
9037,5618.955593,5620.387310,5618.955593,3,served
9038,5622.643333,5622.890004,5622.643333,3,served
9039,5622.643333,5626.173679,5622.643333,0,served
9040,5622.643333,5623.492026,5622.643333,1,served
9041,5623.051199,5623.489267,5623.051199,3,served
9042,5623.432656,5625.313343,5623.432656,2,served
9043,5624.508854,5624.851213,5624.508854,3,served
9044,5632.207184,5632.526336,5632.207184,3,served
9045,5633.691837,5633.863499,5633.691837,3,served
9046,5633.691837,5637.688989,5633.691837,0,served
9047,5634.671698,5634.759394,5634.671698,3,served
9048,5634.671698,5641.614256,5634.671698,1,served
9049,5634.803892,5635.022133,5634.803892,3,served
9050,5635.838174,5636.054278,5635.838174,3,served
9051,5637.119743,5637.533957,5637.119743,3,served
9052,5637.119743,5637.925081,5637.119743,2,served
9053,5637.172370,5637.663903,5637.533957,3,served
9054,5638.532566,5639.453357,5638.532566,3,served
9055,5643.649363,5643.925298,5643.649363,3,served
9056,5643.649363,5645.789410,5643.649363,0,served
9057,5643.949545,5644.094102,5643.949545,3,served
9058,5645.229358,5645.627801,5645.229358,3,served
9059,5645.229358,5649.167404,5645.229358,1,served
9060,5645.229358,5646.888354,5645.229358,2,served
9061,5646.867074,5647.199384,5646.867074,3,served
9062,5647.092113,5648.602801,5647.092113,0,served
9063,5647.092113,5652.113611,5647.092113,2,served
9064,5648.104580,5648.879544,5648.104580,3,served
9065,5648.104580,5649.218142,5648.602801,0,served
9066,5648.104580,5649.978018,5648.879544,3,served
9067,5649.519323,5649.875733,5649.519323,0,served
9068,5649.519323,5653.978143,5649.519323,1,served
9069,5649.519323,5653.563910,5649.875733,0,served
9070,5649.519323,5651.540035,5649.978018,3,served
9071,5649.519323,5652.721580,5651.540035,3,served
9072,5649.575093,5653.102014,5652.113611,2,served
9073,5649.865631,5653.061496,5652.721580,3,served
9074,5650.492075,5654.013496,5653.061496,3,served
9075,5650.492075,5657.046507,5653.102014,2,served
9076,5650.577208,5654.240807,5653.563910,0,served
9077,5650.577208,5661.260285,5653.978143,1,served
9078,5650.577208,5654.988601,5654.013496,3,served
9079,5650.577208,5654.558411,5654.240807,0,served
9080,5650.597020,5657.107643,5654.558411,0,served
9081,5650.597020,5655.097462,5654.988601,3,served
9082,5657.804667,5658.202196,5657.804667,3,served
9083,5657.948792,5660.407816,5657.948792,0,served
9084,5657.948792,5659.435599,5657.948792,2,served
9085,5658.215005,5659.200333,5658.215005,3,served
9086,5658.215005,5659.773390,5659.200333,3,served
9087,5658.483668,5661.079632,5659.435599,2,served
9088,5660.953725,5660.959672,5660.953725,3,served
9089,5663.176846,5663.913237,5663.176846,3,served
9090,5663.176846,5663.798312,5663.176846,0,served
9091,5663.773546,5664.860552,5663.773546,1,served
9092,5663.773546,5665.905984,5663.773546,2,served
9093,5663.899701,5665.045828,5663.899701,0,served
9094,5665.240998,5665.436145,5665.240998,3,served
9095,5665.240998,5667.186286,5665.240998,0,served
9096,5665.240998,5666.154144,5665.240998,1,served
9097,5665.240998,5667.100928,5665.436145,3,served
9098,5665.240998,5670.711939,5665.905984,2,served
9099,5669.215936,5669.297155,5669.215936,3,served
9100,5669.215936,5669.227853,5669.215936,0,served
9101,5671.241791,5671.926150,5671.241791,3,served
9102,5671.241791,5671.252154,5671.241791,0,served
9103,5671.836898,5674.094733,5671.836898,0,served
9104,5672.299742,5673.676433,5672.299742,3,served
9105,5672.299742,5672.605946,5672.299742,1,served
9106,5672.562781,5672.743080,5672.562781,2,served
9107,5672.562781,5674.041780,5672.605946,1,served
9108,5672.562781,5673.457614,5672.743080,2,served
9109,5672.562781,5674.948055,5673.457614,2,served
9110,5672.562781,5673.821265,5673.676433,3,served
9111,5672.933956,5674.289784,5673.821265,3,served
9112,5672.933956,5674.383805,5674.041780,1,served
9113,5676.442615,5676.754221,5676.442615,3,served
9114,5676.442615,5677.194689,5676.442615,0,served
9115,5676.442615,5678.017694,5676.442615,1,served
9116,5676.447627,5676.607073,5676.447627,2,served
9117,5676.447627,5679.931987,5676.607073,2,served
9118,5676.447627,5677.249738,5676.754221,3,served
9119,5676.447627,5677.497559,5677.194689,0,served
9120,5676.447627,5677.564482,5677.249738,3,served
9121,5681.689517,5683.174196,5681.689517,3,served
9122,5682.360235,5684.141458,5682.360235,0,served
9123,5683.144492,5684.086386,5683.144492,1,served
9124,5683.339326,5684.671233,5683.339326,3,served
9125,5683.339326,5683.612443,5683.339326,2,served
9126,5683.339326,5689.989993,5683.612443,2,served
9127,5685.435192,5685.686916,5685.435192,3,served
9128,5685.435192,5686.150143,5685.435192,0,served
9129,5685.435192,5691.518138,5685.435192,1,served
9130,5685.821477,5685.825670,5685.821477,3,served
9131,5685.821477,5686.007011,5685.825670,3,served
9132,5687.406686,5688.042668,5687.406686,3,served
9133,5687.406686,5687.797943,5687.406686,0,served
9134,5688.682308,5689.221219,5688.682308,3,served
9135,5688.896906,5689.427891,5688.896906,0,served
9136,5688.896906,5691.393172,5689.221219,3,served
9137,5688.896906,5689.877494,5689.427891,0,served
9138,5692.371021,5692.557028,5692.371021,3,served
9139,5692.371021,5693.370574,5692.371021,0,served
9140,5692.371021,5699.549702,5692.371021,1,served
9141,5692.371021,5695.453960,5692.371021,2,served
9142,5692.371021,5692.728096,5692.557028,3,served
9143,5692.688511,5700.171854,5692.728096,3,served
9144,5692.688511,5694.650718,5693.370574,0,served
9145,5692.688511,5697.467769,5694.650718,0,served
9146,5692.688511,5697.554121,5695.453960,2,served
9147,5693.471377,5698.733296,5697.467769,0,served
9148,5694.812066,5698.455360,5697.554121,2,served
9149,5694.812066,5701.713056,5698.455360,2,served
9150,5695.293179,5699.051593,5698.733296,0,served
9151,5697.720184,5699.321786,5699.051593,0,served
9152,5697.720184,5699.933448,5699.321786,0,served
9153,5701.084602,5701.577271,5701.084602,3,served
9154,5701.084602,5701.468658,5701.084602,0,served
9155,5701.084602,5706.973861,5701.084602,1,served
9156,5704.463486,5704.877843,5704.463486,3,served
9157,5704.463486,5704.463989,5704.463486,0,served
9158,5704.463486,5704.752921,5704.463486,2,served
9159,5704.463486,5708.279148,5704.463989,0,served
9160,5704.463486,5705.701375,5704.752921,2,served
9161,5704.924641,5705.141376,5704.924641,3,served
9162,5705.957675,5706.908715,5705.957675,3,served
9163,5708.013801,5709.147144,5708.013801,3,served
9164,5708.013801,5708.251450,5708.013801,1,served
9165,5709.353470,5710.495945,5709.353470,3,served
9166,5709.353470,5711.432618,5709.353470,0,served
9167,5710.605860,5710.637666,5710.605860,3,served
9168,5715.966774,5717.474818,5715.966774,3,served
9169,5717.407724,5717.526313,5717.407724,0,served
9170,5717.407724,5718.765838,5717.407724,1,served
9171,5717.407724,5717.460934,5717.407724,2,served
9172,5717.407724,5722.079031,5717.460934,2,served
9173,5717.407724,5719.145046,5717.474818,3,served
9174,5717.916015,5719.429447,5717.916015,0,served
9175,5718.145885,5732.000890,5718.765838,1,served
9176,5718.145885,5719.474876,5719.145046,3,served
9177,5721.609014,5722.036710,5721.609014,3,served
9178,5721.609014,5722.010368,5721.609014,0,served
9179,5722.128830,5722.389314,5722.128830,3,served
9180,5722.128830,5723.051979,5722.128830,0,served
9181,5722.760962,5722.794728,5722.760962,3,served
9182,5722.760962,5724.832043,5722.760962,2,served
9183,5722.879874,5723.107903,5722.879874,3,served
9184,5722.879874,5725.669874,5723.051979,0,served
9185,5722.879874,5724.589110,5723.107903,3,served
9186,5726.993038,5727.465867,5726.993038,3,served
9187,5726.993038,5731.086701,5726.993038,0,served
9188,5726.993038,5728.173240,5726.993038,2,served
9189,5728.101599,5728.855437,5728.101599,3,served
9190,5728.101599,5733.504459,5728.173240,2,served
9191,5728.355014,5729.243926,5728.855437,3,served
9192,5728.967856,5730.339123,5729.243926,3,served
9193,5728.967856,5730.548993,5730.339123,3,served
9194,5728.967856,5731.061045,5730.548993,3,served
9195,5729.633829,5732.018396,5731.061045,3,served
9196,5729.633829,5731.335654,5731.086701,0,served
9197,5729.633829,5733.785202,5731.335654,0,served
9198,5730.095481,5732.491378,5732.000890,1,served
9199,5731.340021,5732.678246,5732.018396,3,served
9200,5733.427068,5734.719222,5733.427068,3,served
9201,5733.427068,5734.305064,5733.427068,1,served
9202,5733.937850,5737.164320,5733.937850,0,served
9203,5733.937850,5735.544818,5733.937850,2,served
9204,5733.937850,5736.436864,5734.305064,1,served
9205,5733.937850,5734.727866,5734.719222,3,served
9206,5733.937850,5735.548136,5734.727866,3,served
9207,5736.162191,5736.982366,5736.162191,3,served
9208,5736.162191,5740.405005,5736.162191,2,served
9209,5737.657877,5740.220486,5737.657877,3,served
9210,5737.671743,5739.783289,5737.671743,0,served
9211,5737.671743,5738.730440,5737.671743,1,served
9212,5742.385521,5742.685975,5742.385521,3,served
9213,5742.578767,5744.832895,5742.578767,0,served
9214,5743.745052,5743.950467,5743.745052,3,served
9215,5745.272951,5749.147089,5745.272951,3,served
9216,5746.522375,5747.776350,5746.522375,0,served
9217,5746.522375,5747.487297,5746.522375,1,served
9218,5746.522375,5747.351991,5746.522375,2,served
9219,5746.783474,5748.328733,5747.351991,2,served
9220,5751.118544,5752.758958,5751.118544,3,served
9221,5751.118544,5757.284015,5751.118544,0,served
9222,5751.118544,5753.353096,5751.118544,1,served
9223,5756.232798,5756.340831,5756.232798,3,served
9224,5756.366050,5757.321350,5756.366050,3,served
9225,5756.366050,5760.077944,5756.366050,1,served
9226,5756.366050,5758.436299,5756.366050,2,served
9227,5756.366050,5758.180612,5757.284015,0,served
9228,5758.977258,5760.675867,5758.977258,3,served
9229,5758.977258,5762.947322,5758.977258,0,served
9230,5758.977258,5760.344065,5758.977258,2,served
9231,5760.907028,5761.164175,5760.907028,3,served
9232,5761.211879,5761.977959,5761.211879,3,served
9233,5762.428704,5763.255342,5762.428704,3,served
9234,5764.241060,5765.608157,5764.241060,3,served
9235,5764.241060,5764.629692,5764.241060,0,served
9236,5764.680692,5764.842777,5764.680692,0,served
9237,5764.680692,5767.043779,5764.680692,1,served
9238,5766.254621,5766.319237,5766.254621,3,served
9239,5766.988623,5769.565174,5766.988623,3,served
9240,5766.988623,5767.865477,5766.988623,0,served
9241,5768.996375,5772.265961,5768.996375,0,served
9242,5768.996375,5770.342564,5768.996375,1,served
9243,5768.996375,5772.197126,5768.996375,2,served
9244,5773.286803,5773.403872,5773.286803,3,served
9245,5773.507925,5773.726641,5773.507925,3,served
9246,5781.150399,5782.605341,5781.150399,3,served
9247,5781.150399,5785.148165,5781.150399,0,served
9248,5781.543528,5783.978605,5781.543528,1,served
9249,5781.543528,5782.897442,5781.543528,2,served
9250,5781.543528,5783.786328,5782.605341,3,served
9251,5781.543528,5795.833279,5782.897442,2,served
9252,5783.888853,5784.027305,5783.888853,3,served
9253,5783.888853,5785.918379,5783.978605,1,served
9254,5784.175529,5785.598899,5784.175529,3,served
9255,5784.579888,5786.256288,5785.148165,0,served
9256,5784.579888,5785.808547,5785.598899,3,served
9257,5786.146140,5788.567441,5786.146140,3,served
9258,5786.487424,5787.512830,5786.487424,0,served
9259,5787.168993,5792.469666,5787.168993,1,served
9260,5787.168993,5791.287629,5787.512830,0,served
9261,5787.744191,5789.863200,5788.567441,3,served
9262,5789.425028,5791.269700,5789.863200,3,served
9263,5790.526457,5791.589293,5791.269700,3,served
9264,5790.526457,5795.381462,5791.287629,0,served
9265,5790.526457,5792.626304,5791.589293,3,served
9266,5791.004459,5802.018483,5792.469666,1,served
9267,5791.069910,5793.017423,5792.626304,3,served
9268,5791.253691,5793.343303,5793.017423,3,served
9269,5794.109041,5795.814548,5794.109041,3,served
9270,5798.090640,5800.672136,5798.090640,3,served
9271,5798.090640,5799.972579,5798.090640,0,served
9272,5798.090640,5801.085905,5798.090640,2,served
9273,5799.296426,5800.095047,5799.972579,0,served
9274,5799.296426,5800.376510,5800.095047,0,served
9275,5801.576888,5801.809643,5801.576888,3,served
9276,5805.497220,5805.608563,5805.497220,3,served
9277,5805.588395,5806.487374,5805.588395,0,served
9278,5805.588395,5807.131277,5805.588395,1,served
9279,5806.522152,5806.690388,5806.522152,3,served
9280,5806.522152,5810.074021,5806.522152,0,served
9281,5807.095305,5807.504060,5807.095305,3,served
9282,5808.195824,5808.616311,5808.195824,3,served
9283,5808.195824,5809.409716,5808.195824,1,served
9284,5810.191697,5810.697978,5810.191697,3,served
9285,5810.870291,5810.911654,5810.870291,3,served
9286,5810.870291,5812.694590,5810.870291,0,served
9287,5813.805859,5814.021299,5813.805859,3,served
9288,5813.805859,5814.374072,5813.805859,0,served
9289,5813.805859,5818.129776,5813.805859,1,served
9290,5814.311870,5814.864613,5814.311870,3,served
9291,5815.228834,5817.915089,5815.228834,3,served
9292,5815.228834,5816.321703,5815.228834,0,served
9293,5815.541050,5816.964505,5815.541050,2,served
9294,5815.541050,5816.676407,5816.321703,0,served
9295,5815.541050,5819.890633,5816.676407,0,served
9296,5815.541050,5820.109110,5816.964505,2,served
9297,5815.541050,5820.100244,5817.915089,3,served
9298,5817.332375,5819.676692,5818.129776,1,served
9299,5817.332375,5825.081662,5819.676692,1,served
9300,5818.532456,5820.562479,5819.890633,0,served
9301,5818.797911,5821.146612,5820.100244,3,served
9302,5819.975362,5821.597219,5820.109110,2,served
9303,5820.004249,5821.911950,5820.562479,0,served
9304,5821.088189,5821.685143,5821.146612,3,served
9305,5821.088189,5823.124876,5821.597219,2,served
9306,5822.498085,5823.362449,5822.498085,3,served
9307,5823.048938,5823.998962,5823.048938,0,served
9308,5823.048938,5823.889412,5823.124876,2,served
9309,5823.601667,5826.276489,5823.601667,3,served
9310,5823.601667,5825.393607,5823.889412,2,served
9311,5823.601667,5828.623991,5823.998962,0,served
9312,5823.601667,5825.387300,5825.081662,1,served
9313,5824.188238,5826.288600,5825.387300,1,served
9314,5825.021710,5830.619328,5825.393607,2,served
9315,5825.021710,5826.523531,5826.276489,3,served
9316,5825.177906,5831.678041,5826.288600,1,served
9317,5826.782988,5826.810186,5826.782988,3,served
9318,5826.782988,5828.392856,5826.810186,3,served
9319,5827.589984,5828.799744,5828.392856,3,served
9320,5827.589984,5829.658615,5828.623991,0,served
9321,5827.589984,5828.834969,5828.799744,3,served
9322,5827.589984,5829.155441,5828.834969,3,served
9323,5827.816193,5829.201756,5829.155441,3,served
9324,5827.816193,5829.286382,5829.201756,3,served
9325,5827.816193,5829.708295,5829.286382,3,served
9326,5827.816193,5832.662410,5829.658615,0,served
9327,5828.251176,5830.050586,5829.708295,3,served
9328,5828.251176,5830.286191,5830.050586,3,served
9329,5828.251176,5832.014631,5830.286191,3,served
9330,5828.251176,5831.952398,5830.619328,2,served
9331,5828.251176,5832.745453,5831.678041,1,served
9332,5829.741101,5832.067472,5831.952398,2,served
9333,5829.741101,5835.161079,5832.014631,3,served
9334,5829.741101,5833.495524,5832.067472,2,served
9335,5829.741101,5834.616292,5832.662410,0,served
9336,5831.520603,5835.622844,5832.745453,1,served
9337,5831.717226,5838.488073,5833.495524,2,served
9338,5831.717226,5834.994402,5834.616292,0,served
9339,5833.738734,5835.302129,5834.994402,0,served
9340,5833.738734,5835.435990,5835.161079,3,served
9341,5833.738734,5840.666599,5835.302129,0,served
9342,5836.276161,5837.006776,5836.276161,3,served
9343,5838.268027,5841.142516,5838.268027,3,served
9344,5839.963283,5840.513162,5839.963283,1,served
9345,5841.128392,5842.937902,5841.128392,0,served
9346,5841.128392,5847.059814,5841.128392,1,served
9347,5843.333808,5844.964949,5843.333808,3,served
9348,5843.527981,5846.513843,5843.527981,0,served
9349,5845.056656,5847.267894,5845.056656,3,served
9350,5848.172158,5849.046881,5848.172158,3,served
9351,5848.172158,5849.002120,5848.172158,0,served
9352,5848.172158,5849.356431,5848.172158,1,served
9353,5849.738487,5850.177810,5849.738487,3,served
9354,5853.247449,5853.708926,5853.247449,3,served
9355,5853.247449,5854.743989,5853.247449,0,served
9356,5853.864237,5854.798287,5853.864237,3,served
9357,5853.944489,5856.879745,5853.944489,1,served
9358,5854.742227,5857.239205,5854.742227,2,served
9359,5854.742227,5855.676869,5854.743989,0,served
9360,5855.663026,5856.007677,5855.663026,3,served
9361,5855.792031,5855.936110,5855.792031,0,served
9362,5857.439068,5860.950278,5857.439068,3,served
9363,5857.439068,5857.902708,5857.439068,0,served
9364,5857.439068,5858.052346,5857.439068,1,served
9365,5857.439068,5861.010785,5857.439068,2,served
9366,5857.439068,5858.037662,5857.902708,0,served
9367,5857.439068,5860.349771,5858.037662,0,served
9368,5858.468360,5860.493249,5858.468360,1,served
9369,5858.468360,5864.086917,5860.349771,0,served
9370,5858.468360,5864.702575,5860.493249,1,served
9371,5858.468360,5861.583199,5860.950278,3,served
9372,5859.957212,5864.723142,5861.010785,2,served
9373,5859.957212,5861.583881,5861.583199,3,served
9374,5859.957212,5863.177883,5861.583881,3,served
9375,5860.377958,5863.657376,5863.177883,3,served
9376,5861.498857,5864.080883,5863.657376,3,served
9377,5861.498857,5865.716060,5864.080883,3,served
9378,5864.124517,5865.336105,5864.124517,0,served
9379,5864.507883,5869.916552,5864.702575,1,served
9380,5864.507883,5868.681599,5864.723142,2,served
9381,5865.007166,5865.810949,5865.336105,0,served
9382,5865.007166,5865.895450,5865.716060,3,served
9383,5867.488286,5867.719176,5867.488286,3,served
9384,5867.860505,5868.099285,5867.860505,3,served
9385,5868.807383,5870.960254,5868.807383,3,served
9386,5869.536598,5871.040822,5869.536598,0,served
9387,5871.682288,5873.273773,5871.682288,3,served
9388,5872.852907,5873.790997,5872.852907,0,served
9389,5872.852907,5876.697305,5872.852907,1,served
9390,5873.409460,5874.484815,5873.409460,3,served
9391,5873.767866,5879.443184,5873.767866,2,served
9392,5873.767866,5874.314166,5873.790997,0,served
9393,5874.789290,5877.856490,5874.789290,3,served
9394,5874.789290,5875.334740,5874.789290,0,served
9395,5877.549876,5880.033526,5877.549876,0,served
9396,5877.687421,5880.157737,5877.687421,1,served
9397,5877.687421,5878.170087,5877.856490,3,served
9398,5878.362526,5878.510315,5878.362526,3,served
9399,5878.362526,5881.294595,5878.510315,3,served
9400,5878.362526,5879.491060,5879.443184,2,served
9401,5879.976660,5883.571291,5879.976660,2,served
9402,5879.976660,5880.960223,5880.033526,0,served
9403,5880.715256,5882.121146,5880.715256,1,served
9404,5880.715256,5881.763234,5880.960223,0,served
9405,5880.972840,5881.733990,5881.294595,3,served
9406,5880.972840,5882.245185,5881.733990,3,served
9407,5884.372445,5886.121959,5884.372445,3,served
9408,5885.337222,5885.965016,5885.337222,0,served
9409,5885.337222,5889.813517,5885.337222,1,served
9410,5885.840865,5891.240306,5885.840865,2,served
9411,5888.146471,5889.667540,5888.146471,3,served
9412,5888.146471,5888.444381,5888.146471,0,served
9413,5888.149798,5891.026884,5888.444381,0,served
9414,5888.149798,5890.763711,5889.667540,3,served
9415,5888.149798,5889.892932,5889.813517,1,served
9416,5888.966163,5895.317621,5889.892932,1,served
9417,5889.850991,5892.196418,5890.763711,3,served
9418,5889.850991,5891.258545,5891.026884,0,served
9419,5890.242449,5895.158756,5891.240306,2,served
9420,5890.242449,5892.001967,5891.258545,0,served
9421,5890.242449,5893.011880,5892.001967,0,served
9422,5890.665269,5893.762240,5892.196418,3,served
9423,5890.665269,5895.741230,5893.011880,0,served
9424,5891.880124,5895.424016,5893.762240,3,served
9425,5891.982008,5897.658685,5895.158756,2,served
9426,5894.138918,5897.631412,5895.317621,1,served
9427,5894.887713,5896.008618,5895.424016,3,served
9428,5894.887713,5897.175089,5895.741230,0,served
9429,5895.690902,5896.257290,5896.008618,3,served
9430,5895.693049,5898.545535,5896.257290,3,served
9431,5895.693049,5898.143252,5897.175089,0,served
9432,5896.329498,5904.419389,5897.631412,1,served
9433,5896.586021,5897.682489,5897.658685,2,served
9434,5901.197468,5901.919842,5901.197468,3,served
9435,5901.197468,5906.143473,5901.197468,0,served
9436,5902.359370,5903.355264,5902.359370,3,served
9437,5902.359370,5908.397135,5902.359370,2,served
9438,5902.359370,5904.151621,5903.355264,3,served
9439,5903.596779,5906.422231,5904.151621,3,served
9440,5903.596779,5906.419874,5904.419389,1,served
9441,5903.596779,5906.189999,5906.143473,0,served
9442,5903.960135,5906.574820,5906.189999,0,served
9443,5903.960135,5910.067762,5906.419874,1,served
9444,5903.960135,5908.472145,5906.422231,3,served
9445,5904.424389,5909.204848,5906.574820,0,served
9446,5904.424389,5921.341387,5908.397135,2,served
9447,5904.424389,5908.522248,5908.472145,3,served
9448,5904.424389,5909.945221,5908.522248,3,served
9449,5906.018091,5909.504901,5909.204848,0,served
9450,5906.018091,5911.641557,5909.504901,0,served
9451,5912.778445,5914.247882,5912.778445,3,served
9452,5914.619995,5917.670831,5914.619995,3,served
9453,5914.644128,5918.572750,5914.644128,0,served
9454,5914.644128,5916.349247,5914.644128,1,served
9455,5914.644128,5916.878095,5916.349247,1,served
9456,5915.814463,5917.038554,5916.878095,1,served
9457,5915.814463,5919.791748,5917.038554,1,served
9458,5915.814463,5917.714492,5917.670831,3,served
9459,5916.407126,5919.214827,5917.714492,3,served
9460,5918.569688,5922.414033,5918.572750,0,served
9461,5920.142787,5920.292367,5920.142787,3,served
9462,5920.142787,5920.693192,5920.142787,1,served
9463,5920.142787,5922.643097,5920.292367,3,served
9464,5920.142787,5922.520269,5920.693192,1,served
9465,5920.142787,5925.511679,5921.341387,2,served
9466,5920.142787,5923.522465,5922.414033,0,served
9467,5920.142787,5923.648544,5922.520269,1,served
9468,5920.142787,5924.376506,5922.643097,3,served
9469,5921.940639,5923.551144,5923.522465,0,served
9470,5921.940639,5923.881675,5923.551144,0,served
9471,5921.940639,5924.549083,5923.648544,1,served
9472,5922.277739,5927.941086,5923.881675,0,served
9473,5924.243098,5924.869317,5924.376506,3,served
9474,5925.805021,5925.900293,5925.805021,3,served
9475,5926.659529,5926.788419,5926.659529,3,served
9476,5926.964644,5927.559068,5926.964644,3,served
9477,5930.977837,5931.259351,5930.977837,3,served
9478,5930.977837,5931.386407,5930.977837,0,served
9479,5930.977837,5940.898460,5930.977837,1,served
9480,5931.705914,5932.721087,5931.705914,3,served
9481,5931.932604,5935.494593,5931.932604,0,served
9482,5931.932604,5934.334097,5931.932604,2,served
9483,5932.327820,5932.758478,5932.721087,3,served
9484,5932.800497,5932.916875,5932.800497,3,served
9485,5932.963715,5933.926412,5932.963715,3,served
9486,5932.963715,5934.138509,5933.926412,3,served
9487,5935.977753,5936.331587,5935.977753,3,served
9488,5938.963357,5939.228630,5938.963357,3,served
9489,5938.963357,5940.057219,5938.963357,0,served
9490,5940.323902,5941.152998,5940.323902,3,served
9491,5940.454514,5941.554797,5940.454514,0,served
9492,5941.025128,5943.004648,5941.025128,1,served
9493,5941.025128,5944.336452,5941.025128,2,served
9494,5941.025128,5941.940402,5941.152998,3,served
9495,5942.211933,5942.769241,5942.211933,3,served
9496,5942.211933,5943.061702,5942.211933,0,served
9497,5942.211933,5944.378725,5942.769241,3,served
9498,5942.211933,5946.578462,5943.004648,1,served
9499,5942.211933,5943.536044,5943.061702,0,served
9500,5942.211933,5944.454322,5943.536044,0,served
9501,5942.211933,5945.298752,5944.336452,2,served
9502,5942.459992,5945.879799,5944.378725,3,served
9503,5943.095586,5945.649906,5944.454322,0,served
9504,5943.095586,5954.664157,5945.298752,2,served
9505,5943.095586,5947.667135,5945.649906,0,served
9506,5943.095586,5945.966527,5945.879799,3,served
9507,5945.634718,5948.656664,5945.966527,3,served
9508,5945.634718,5949.373215,5946.578462,1,served
9509,5948.549933,5949.635775,5948.549933,0,served
9510,5951.185495,5951.332586,5951.185495,3,served
9511,5951.185495,5951.440526,5951.185495,0,served
9512,5951.185495,5952.811613,5951.185495,1,served
9513,5952.340974,5952.557302,5952.340974,3,served
9514,5952.340974,5954.870925,5952.340974,0,served
9515,5953.833214,5953.951760,5953.833214,3,served
9516,5953.833214,5954.804639,5953.833214,1,served
9517,5953.833214,5953.980801,5953.951760,3,served
9518,5953.833214,5957.600380,5953.980801,3,served
9519,5953.833214,5954.865330,5954.664157,2,served
9520,5954.167671,5957.068716,5954.804639,1,served
9521,5954.167671,5955.663188,5954.865330,2,served
9522,5954.247561,5954.985122,5954.870925,0,served
9523,5954.247561,5955.535252,5954.985122,0,served
9524,5958.777676,5960.244300,5958.777676,3,served
9525,5958.778135,5959.280079,5958.778135,0,served
9526,5958.778135,5961.797314,5958.778135,1,served
9527,5958.778135,5961.575147,5958.778135,2,served
9528,5958.778135,5959.851774,5959.280079,0,served
9529,5959.222055,5963.970825,5959.851774,0,served
9530,5959.320113,5960.826088,5960.244300,3,served
9531,5959.320113,5961.440378,5960.826088,3,served
9532,5959.320113,5963.330219,5961.440378,3,served
9533,5959.802636,5961.646592,5961.575147,2,served
9534,5961.250111,5966.351350,5961.646592,2,served
9535,5961.250111,5963.525746,5961.797314,1,served
9536,5961.290765,5963.354455,5963.330219,3,served
9537,5961.532568,5963.362913,5963.354455,3,served
9538,5961.756200,5963.586565,5963.362913,3,served
9539,5963.123227,5967.773625,5963.525746,1,served
9540,5965.056693,5967.098538,5965.056693,3,served
9541,5965.056693,5965.575705,5965.056693,0,served
9542,5965.123216,5969.348962,5965.575705,0,served
9543,5965.404209,5966.972007,5966.351350,2,served
9544,5965.404209,5971.395134,5966.972007,2,served
9545,5965.404209,5967.551412,5967.098538,3,served
9546,5965.404209,5968.747606,5967.551412,3,served
9547,5965.585711,5968.032615,5967.773625,1,served
9548,5965.675190,5968.783994,5968.032615,1,served
9549,5965.675190,5971.651821,5968.747606,3,served
9550,5966.022726,5969.247645,5968.783994,1,served
9551,5966.168963,5970.075297,5969.247645,1,served
9552,5967.020875,5969.642641,5969.348962,0,served
9553,5967.020875,5970.693139,5969.642641,0,served
9554,5967.399159,5970.876094,5970.075297,1,served
9555,5970.457546,5973.407814,5970.693139,0,served
9556,5971.254394,5973.040201,5971.254394,1,served
9557,5971.810271,5972.088943,5971.810271,3,served
9558,5972.078749,5974.782640,5972.078749,2,served
9559,5972.078749,5972.326745,5972.088943,3,served
9560,5972.967248,5975.952045,5972.967248,3,served
9561,5974.186485,5976.174216,5974.186485,0,served
9562,5974.186485,5979.680201,5974.186485,1,served
9563,5974.539135,5977.785571,5974.782640,2,served
9564,5974.539135,5976.777508,5975.952045,3,served
9565,5976.833561,5977.539147,5976.833561,3,served
9566,5977.898592,5979.631450,5977.898592,3,served
9567,5978.929038,5979.887893,5978.929038,0,served
9568,5978.929038,5981.975409,5978.929038,2,served
9569,5978.929038,5981.402620,5979.631450,3,served
9570,5981.094565,5981.194519,5981.094565,0,served
9571,5981.094565,5981.782095,5981.094565,1,served
9572,5982.601827,5982.992255,5982.601827,3,served
9573,5982.601827,5983.354649,5982.601827,0,served
9574,5982.601827,5993.433631,5982.601827,1,served
9575,5983.453962,5987.171410,5983.453962,3,served
9576,5983.453962,5984.476740,5983.453962,0,served
9577,5983.787518,5985.163479,5983.787518,2,served
9578,5984.831929,5985.889917,5984.831929,0,served
9579,5985.017555,5987.728766,5985.163479,2,served
9580,5985.204105,5995.110880,5985.889917,0,served
9581,5989.780575,5990.135729,5989.780575,3,served
9582,5989.780575,5990.940843,5989.780575,2,served
9583,5989.780575,5990.303455,5990.135729,3,served
9584,5993.871171,5996.451316,5993.871171,3,served
9585,5993.871171,5996.807729,5993.871171,1,served
9586,5993.871171,5994.558491,5993.871171,2,served
9587,5993.871171,5995.503536,5994.558491,2,served
9588,5993.871171,5995.329268,5995.110880,0,served
9589,5994.438985,5995.948555,5995.329268,0,served
9590,5994.438985,5998.850941,5995.503536,2,served
9591,5994.663746,5996.206005,5995.948555,0,served
9592,5995.420212,5996.474471,5996.206005,0,served
9593,5995.420212,5997.596901,5996.451316,3,served
9594,5996.057571,5996.936595,5996.474471,0,served
9595,5996.057571,5997.179044,5996.807729,1,served
9596,5997.398648,5999.308617,5997.398648,0,served
9597,5997.705026,5998.551224,5997.705026,3,served
9598,5999.734919,,5999.734919,3,in_system
